client_id,previous_loan_id,previous_amount,previous_term_months,closed_days_ago,was_overdue,max_overdue_days
2,L2_0,51911.71,3.0,986.0,1.0,3.0
2,L2_1,64582.12,24.0,1172.0,0.0,0.0
3,L3_2,27102.97,3.0,744.0,0.0,0.0
4,L4_3,56399.68,12.0,139.0,1.0,15.0
4,L4_4,73117.38,18.0,548.0,0.0,0.0
5,L5_5,66866.98,,1314.0,1.0,30.0
5,L5_6,83862.3,18.0,1120.0,1.0,1.0
6,L6_7,76959.39,36.0,151.0,0.0,0.0
7,L7_8,74320.82,12.0,647.0,0.0,0.0
7,L7_9,103399.43,18.0,1398.0,0.0,0.0
7,L7_10,42866.8,9.0,388.0,1.0,7.0
8,L8_11,19294.54,18.0,1339.0,0.0,0.0
8,L8_12,74415.09,36.0,1095.0,0.0,0.0
10,L10_13,75780.23,36.0,,0.0,0.0
10,L10_14,88711.28,24.0,1026.0,0.0,0.0
10,L10_15,75080.73,6.0,822.0,0.0,0.0
12,L12_16,37325.16,12.0,1103.0,0.0,0.0
14,L14_17,51266.33,9.0,1355.0,0.0,0.0
17,L17_18,35795.19,18.0,84.0,0.0,0.0
18,L18_19,19846.7,3.0,772.0,0.0,0.0
18,L18_20,63603.36,18.0,1523.0,0.0,0.0
18,L18_21,49877.97,3.0,379.0,0.0,0.0
18,L18_22,49562.65,3.0,701.0,0.0,0.0
19,L19_23,42201.96,6.0,1542.0,0.0,0.0
19,L19_24,50014.46,9.0,334.0,0.0,0.0
20,L20_25,152151.04,12.0,137.0,0.0,0.0
20,L20_26,59692.97,12.0,1196.0,1.0,15.0
20,L20_27,53196.19,3.0,26.0,1.0,3.0
22,L22_28,33825.9,9.0,1353.0,0.0,0.0
23,L23_29,,6.0,726.0,0.0,0.0
24,L24_30,95733.36,3.0,423.0,0.0,0.0
25,L25_31,20033.21,3.0,779.0,0.0,0.0
25,L25_32,62065.66,3.0,1078.0,0.0,0.0
26,L26_33,145288.77,36.0,1286.0,1.0,3.0
27,L27_34,24032.16,12.0,1139.0,0.0,0.0
27,L27_35,164489.96,9.0,190.0,0.0,0.0
27,L27_36,41781.3,36.0,1493.0,0.0,0.0
28,L28_37,31247.89,18.0,538.0,0.0,0.0
29,L29_38,124705.32,,464.0,0.0,
30,L30_39,51056.72,24.0,1137.0,0.0,0.0
30,L30_40,38497.21,3.0,219.0,0.0,0.0
31,L31_41,38039.15,3.0,1114.0,0.0,0.0
32,L32_42,39379.05,24.0,1281.0,0.0,
32,L32_43,34547.64,12.0,45.0,0.0,0.0
32,L32_44,110276.01,3.0,1068.0,1.0,15.0
35,L35_45,89934.01,36.0,1393.0,0.0,0.0
36,L36_46,47050.11,,1083.0,0.0,0.0
36,L36_47,52314.48,36.0,22.0,0.0,0.0
36,L36_48,74213.42,12.0,731.0,0.0,0.0
37,L37_49,60009.47,24.0,612.0,0.0,0.0
39,L39_50,80406.91,,1294.0,0.0,0.0
39,L39_51,68713.96,36.0,714.0,1.0,1.0
40,L40_52,18686.77,3.0,121.0,0.0,0.0
41,L41_53,32370.88,,209.0,0.0,0.0
41,L41_54,33632.39,12.0,164.0,0.0,0.0
41,L41_55,29251.51,6.0,725.0,0.0,0.0
41,L41_56,58337.76,6.0,1166.0,0.0,0.0
41,L41_57,109277.84,6.0,280.0,0.0,0.0
41,L41_58,56995.74,12.0,726.0,1.0,3.0
43,L43_59,19451.78,18.0,1278.0,0.0,0.0
43,L43_60,40453.3,9.0,1247.0,0.0,0.0
43,L43_61,62636.32,24.0,721.0,0.0,0.0
43,L43_62,45566.12,6.0,782.0,0.0,0.0
44,L44_63,41220.88,9.0,157.0,0.0,0.0
44,L44_64,64148.35,24.0,1218.0,0.0,0.0
44,L44_65,47881.45,18.0,1372.0,0.0,0.0
45,L45_66,29270.98,12.0,389.0,0.0,0.0
45,L45_67,35907.65,3.0,1386.0,0.0,0.0
46,L46_68,44264.16,6.0,29.0,1.0,60.0
46,L46_69,51065.94,6.0,728.0,0.0,0.0
46,L46_70,64610.55,,790.0,1.0,15.0
47,L47_71,52630.98,3.0,1091.0,0.0,0.0
47,L47_72,71139.15,24.0,343.0,0.0,0.0
47,L47_73,48328.88,9.0,767.0,0.0,0.0
48,L48_74,67359.8,3.0,670.0,0.0,0.0
49,L49_75,,6.0,230.0,0.0,0.0
50,L50_76,88002.06,12.0,303.0,0.0,0.0
53,L53_77,45312.69,12.0,1050.0,0.0,0.0
55,L55_78,42603.28,36.0,719.0,0.0,0.0
55,L55_79,46307.7,18.0,915.0,0.0,0.0
56,L56_80,12927.54,12.0,473.0,0.0,0.0
56,L56_81,44348.92,24.0,434.0,1.0,7.0
58,L58_82,79917.18,12.0,315.0,1.0,60.0
59,L59_83,18588.19,6.0,953.0,0.0,0.0
60,L60_84,133771.81,3.0,1381.0,0.0,0.0
63,L63_85,52760.71,9.0,44.0,0.0,0.0
63,L63_86,89460.08,36.0,641.0,0.0,0.0
64,L64_87,,18.0,759.0,0.0,0.0
64,L64_88,101827.66,9.0,1262.0,0.0,0.0
65,L65_89,26080.44,6.0,267.0,1.0,30.0
65,L65_90,65065.55,36.0,1310.0,0.0,0.0
66,L66_91,287359.3,9.0,192.0,0.0,0.0
67,L67_92,32463.14,12.0,108.0,0.0,
67,L67_93,66452.18,18.0,1202.0,0.0,0.0
68,L68_94,28481.52,12.0,777.0,0.0,0.0
68,L68_95,45469.27,36.0,328.0,0.0,0.0
70,L70_96,55691.84,3.0,569.0,0.0,0.0
71,L71_97,35338.26,3.0,1563.0,1.0,15.0
71,L71_98,13655.61,36.0,1091.0,0.0,0.0
72,L72_99,58466.22,6.0,370.0,0.0,0.0
72,L72_100,75841.15,24.0,407.0,0.0,0.0
72,L72_101,46230.63,3.0,1487.0,0.0,0.0
74,L74_102,30290.13,9.0,438.0,0.0,0.0
74,L74_103,36152.46,,688.0,1.0,3.0
75,L75_104,25188.84,12.0,733.0,0.0,0.0
75,L75_105,77812.92,3.0,1051.0,0.0,0.0
75,L75_106,57414.28,24.0,432.0,0.0,0.0
76,L76_107,15575.41,6.0,1306.0,1.0,7.0
79,L79_108,41677.55,,1407.0,0.0,0.0
80,L80_109,,36.0,531.0,0.0,0.0
81,L81_110,43266.08,18.0,1080.0,0.0,0.0
81,L81_111,178601.78,9.0,953.0,0.0,0.0
85,L85_112,83474.11,6.0,869.0,1.0,1.0
85,L85_113,64871.5,12.0,140.0,0.0,0.0
86,L86_114,50176.64,9.0,1308.0,0.0,0.0
86,L86_115,96481.82,6.0,1392.0,0.0,0.0
87,L87_116,86583.48,9.0,1181.0,0.0,0.0
88,L88_117,44764.21,24.0,548.0,0.0,0.0
89,L89_118,83166.29,3.0,1333.0,0.0,0.0
89,L89_119,53101.72,24.0,1579.0,1.0,
90,L90_120,43438.78,12.0,1089.0,1.0,1.0
91,L91_121,34647.31,36.0,374.0,0.0,0.0
92,L92_122,17024.98,9.0,1080.0,0.0,0.0
92,L92_123,44969.35,3.0,820.0,0.0,0.0
92,L92_124,30557.05,6.0,136.0,1.0,30.0
93,L93_125,50948.41,9.0,437.0,0.0,0.0
96,L96_126,29138.26,6.0,978.0,0.0,0.0
97,L97_127,41084.99,3.0,320.0,0.0,0.0
97,L97_128,21244.02,24.0,344.0,0.0,0.0
97,L97_129,45833.01,36.0,79.0,1.0,90.0
97,L97_130,44952.15,9.0,363.0,0.0,0.0
99,L99_131,41570.28,36.0,849.0,0.0,0.0
99,L99_132,25264.19,36.0,957.0,1.0,1.0
100,L100_133,31163.9,3.0,1437.0,0.0,0.0
101,L101_134,47518.44,24.0,398.0,1.0,60.0
101,L101_135,62224.55,9.0,212.0,0.0,0.0
101,L101_136,,9.0,207.0,0.0,0.0
104,L104_137,,12.0,1198.0,0.0,0.0
108,L108_138,55340.02,9.0,927.0,0.0,0.0
110,L110_139,75944.8,,706.0,0.0,0.0
112,L112_140,84432.48,,634.0,1.0,7.0
112,L112_141,36337.14,18.0,1555.0,0.0,0.0
112,L112_142,51743.81,3.0,957.0,0.0,
113,L113_143,38542.51,12.0,397.0,0.0,
114,L114_144,68710.81,36.0,1561.0,0.0,0.0
114,L114_145,58047.58,9.0,930.0,0.0,0.0
114,L114_146,41586.65,36.0,367.0,0.0,0.0
114,L114_147,38238.88,12.0,220.0,1.0,1.0
118,L118_148,,3.0,1038.0,0.0,0.0
118,L118_149,48633.25,18.0,1575.0,1.0,60.0
118,L118_150,27482.11,6.0,319.0,0.0,0.0
119,L119_151,30159.26,3.0,40.0,1.0,30.0
119,L119_152,34921.27,24.0,1081.0,0.0,0.0
120,L120_153,71147.67,18.0,1432.0,0.0,0.0
121,L121_154,69714.01,3.0,652.0,0.0,0.0
121,L121_155,84026.28,12.0,,0.0,0.0
122,L122_156,53246.37,24.0,,0.0,0.0
123,L123_157,13240.62,,107.0,1.0,7.0
123,L123_158,51329.02,12.0,177.0,1.0,30.0
124,L124_159,53394.65,9.0,1196.0,0.0,0.0
125,L125_160,60718.45,3.0,84.0,1.0,7.0
125,L125_161,37345.95,24.0,345.0,0.0,
125,L125_162,56931.41,6.0,1592.0,0.0,
126,L126_163,18312.01,9.0,1501.0,0.0,0.0
127,L127_164,67505.19,36.0,,0.0,0.0
128,L128_165,27891.97,18.0,723.0,0.0,0.0
128,L128_166,22024.77,12.0,1494.0,,0.0
128,L128_167,67018.86,3.0,732.0,0.0,0.0
128,L128_168,104201.78,,1239.0,0.0,0.0
130,L130_169,52623.53,6.0,1025.0,0.0,0.0
132,L132_170,70020.85,24.0,525.0,0.0,0.0
133,L133_171,40142.46,36.0,711.0,0.0,0.0
133,L133_172,35739.37,36.0,1348.0,0.0,0.0
134,L134_173,22633.73,12.0,193.0,0.0,0.0
134,L134_174,56403.16,9.0,1245.0,,7.0
136,L136_175,32530.03,9.0,1285.0,0.0,0.0
137,L137_176,24275.16,24.0,1011.0,1.0,3.0
137,L137_177,30692.8,24.0,790.0,0.0,0.0
138,L138_178,166434.33,6.0,207.0,0.0,0.0
138,L138_179,46664.61,36.0,397.0,0.0,0.0
138,L138_180,19027.12,,234.0,0.0,0.0
138,L138_181,72470.17,3.0,575.0,,0.0
138,L138_182,20842.2,9.0,156.0,1.0,15.0
139,L139_183,93676.94,,1205.0,0.0,0.0
140,L140_184,40897.66,12.0,815.0,0.0,0.0
140,L140_185,19076.46,18.0,34.0,0.0,0.0
141,L141_186,57731.58,9.0,266.0,0.0,0.0
141,L141_187,12470.29,3.0,363.0,0.0,0.0
142,L142_188,58116.24,3.0,1327.0,0.0,0.0
143,L143_189,41354.23,3.0,240.0,0.0,0.0
144,L144_190,15292.64,24.0,1353.0,0.0,0.0
145,L145_191,11370.62,24.0,981.0,1.0,15.0
145,L145_192,26722.05,9.0,1559.0,0.0,0.0
145,L145_193,22074.78,36.0,1510.0,1.0,7.0
148,L148_194,22495.06,3.0,1112.0,0.0,0.0
148,L148_195,102834.63,12.0,593.0,1.0,1.0
148,L148_196,35406.21,12.0,1467.0,0.0,0.0
149,L149_197,21221.9,24.0,1349.0,1.0,
149,L149_198,54653.16,6.0,528.0,0.0,0.0
149,L149_199,63913.55,3.0,937.0,0.0,0.0
149,L149_200,146359.43,9.0,376.0,0.0,0.0
149,L149_201,81310.15,6.0,990.0,1.0,1.0
151,L151_202,100088.73,36.0,391.0,0.0,0.0
151,L151_203,73954.99,6.0,1166.0,0.0,0.0
153,L153_204,46469.04,3.0,1407.0,0.0,0.0
153,L153_205,64584.73,3.0,1591.0,0.0,0.0
153,L153_206,38484.83,9.0,746.0,0.0,0.0
155,L155_207,30643.05,12.0,525.0,0.0,0.0
156,L156_208,41933.04,6.0,1328.0,0.0,0.0
156,L156_209,51192.33,6.0,99.0,1.0,1.0
157,L157_210,,12.0,507.0,1.0,60.0
158,L158_211,61676.74,18.0,328.0,0.0,0.0
159,L159_212,45892.85,6.0,973.0,0.0,0.0
159,L159_213,50737.25,6.0,1534.0,1.0,3.0
160,L160_214,36673.61,36.0,974.0,0.0,
162,L162_215,176365.15,3.0,673.0,0.0,0.0
162,L162_216,28072.48,12.0,594.0,0.0,0.0
163,L163_217,64958.77,6.0,1484.0,0.0,0.0
163,L163_218,57295.21,9.0,365.0,0.0,0.0
164,L164_219,96122.83,12.0,295.0,0.0,0.0
165,L165_220,48208.03,9.0,959.0,0.0,0.0
166,L166_221,30493.34,,1559.0,0.0,0.0
166,L166_222,60937.11,6.0,805.0,1.0,1.0
167,L167_223,47899.53,36.0,338.0,0.0,0.0
169,L169_224,63808.06,36.0,688.0,1.0,15.0
169,L169_225,64689.59,9.0,548.0,0.0,0.0
171,L171_226,59710.94,,520.0,1.0,7.0
171,L171_227,58750.2,12.0,1006.0,0.0,0.0
174,L174_228,41943.83,9.0,1430.0,1.0,7.0
174,L174_229,75611.2,3.0,470.0,0.0,0.0
178,L178_230,12757.47,3.0,156.0,1.0,3.0
179,L179_231,40155.59,9.0,1306.0,0.0,0.0
180,L180_232,18420.54,3.0,608.0,0.0,0.0
181,L181_233,59293.8,9.0,1071.0,0.0,0.0
181,L181_234,36649.47,24.0,1366.0,1.0,1.0
181,L181_235,42923.54,9.0,1566.0,0.0,0.0
182,L182_236,39468.69,6.0,172.0,0.0,0.0
183,L183_237,26301.96,12.0,1350.0,0.0,0.0
183,L183_238,30410.52,36.0,226.0,0.0,0.0
184,L184_239,49825.52,9.0,729.0,0.0,0.0
185,L185_240,24057.35,3.0,1561.0,0.0,0.0
185,L185_241,50126.14,18.0,1221.0,1.0,15.0
185,L185_242,140245.08,18.0,556.0,0.0,0.0
186,L186_243,70728.18,24.0,1141.0,0.0,0.0
186,L186_244,138793.03,12.0,1072.0,,1.0
187,L187_245,27183.21,3.0,240.0,0.0,0.0
188,L188_246,22514.73,36.0,595.0,0.0,0.0
188,L188_247,15399.46,18.0,1424.0,0.0,0.0
190,L190_248,50142.94,9.0,1588.0,1.0,3.0
190,L190_249,19646.14,36.0,1198.0,0.0,0.0
190,L190_250,58281.17,6.0,716.0,0.0,0.0
191,L191_251,23882.88,24.0,133.0,0.0,0.0
192,L192_252,27297.21,18.0,89.0,0.0,0.0
192,L192_253,105207.66,9.0,1037.0,0.0,0.0
192,L192_254,45972.19,24.0,523.0,0.0,0.0
193,L193_255,54991.52,3.0,550.0,0.0,0.0
193,L193_256,48730.24,24.0,380.0,0.0,0.0
193,L193_257,27171.22,24.0,914.0,0.0,0.0
193,L193_258,72383.62,24.0,438.0,0.0,0.0
194,L194_259,99548.76,,64.0,1.0,
194,L194_260,39653.62,12.0,249.0,0.0,0.0
196,L196_261,53874.4,18.0,641.0,0.0,0.0
197,L197_262,80787.7,6.0,1071.0,0.0,0.0
199,L199_263,27112.49,3.0,1266.0,0.0,0.0
199,L199_264,47185.6,3.0,153.0,0.0,0.0
199,L199_265,47663.82,12.0,504.0,0.0,0.0
200,L200_266,25178.46,12.0,1480.0,0.0,0.0
201,L201_267,53264.58,9.0,680.0,1.0,3.0
202,L202_268,364259.25,36.0,411.0,0.0,0.0
202,L202_269,76016.51,24.0,1117.0,0.0,0.0
205,L205_270,77064.11,3.0,200.0,1.0,15.0
205,L205_271,40858.51,9.0,81.0,0.0,0.0
206,L206_272,17480.91,18.0,618.0,1.0,30.0
208,L208_273,35580.02,24.0,682.0,0.0,0.0
208,L208_274,26449.55,12.0,1505.0,0.0,0.0
208,L208_275,58664.88,36.0,1097.0,0.0,0.0
209,L209_276,15770.7,36.0,,1.0,60.0
210,L210_277,107440.76,9.0,728.0,0.0,0.0
211,L211_278,55870.02,12.0,737.0,1.0,1.0
211,L211_279,33725.0,12.0,336.0,0.0,0.0
211,L211_280,61398.92,9.0,269.0,0.0,0.0
212,L212_281,28451.78,3.0,1584.0,0.0,0.0
212,L212_282,35720.37,9.0,1397.0,1.0,1.0
214,L214_283,59402.22,18.0,992.0,1.0,15.0
216,L216_284,99552.44,18.0,,0.0,0.0
216,L216_285,25434.01,12.0,834.0,0.0,0.0
217,L217_286,53757.71,24.0,1333.0,0.0,0.0
218,L218_287,80695.99,3.0,151.0,0.0,0.0
219,L219_288,69420.35,24.0,569.0,0.0,0.0
220,L220_289,48786.08,24.0,162.0,0.0,0.0
221,L221_290,105448.3,6.0,1108.0,0.0,0.0
222,L222_291,45113.53,,705.0,0.0,0.0
224,L224_292,55675.09,24.0,792.0,1.0,3.0
224,L224_293,79905.02,36.0,676.0,0.0,
225,L225_294,122603.63,6.0,1335.0,0.0,0.0
225,L225_295,61093.37,12.0,1021.0,0.0,0.0
225,L225_296,35065.68,9.0,1142.0,0.0,0.0
225,L225_297,44877.19,24.0,783.0,0.0,0.0
226,L226_298,72987.32,9.0,634.0,0.0,0.0
227,L227_299,80561.15,3.0,906.0,0.0,0.0
228,L228_300,95709.95,3.0,546.0,0.0,0.0
230,L230_301,84522.14,,951.0,0.0,0.0
232,L232_302,47214.52,18.0,1140.0,0.0,0.0
233,L233_303,21434.44,6.0,1314.0,0.0,0.0
233,L233_304,,36.0,624.0,0.0,0.0
234,L234_305,22318.92,12.0,79.0,1.0,30.0
235,L235_306,59760.18,9.0,1498.0,1.0,15.0
236,L236_307,45636.51,24.0,433.0,0.0,0.0
237,L237_308,111455.22,6.0,1217.0,0.0,0.0
237,L237_309,30947.6,24.0,132.0,,0.0
238,L238_310,60434.71,18.0,422.0,0.0,0.0
239,L239_311,100962.2,,112.0,1.0,7.0
239,L239_312,80166.11,24.0,830.0,1.0,15.0
240,L240_313,77151.61,18.0,807.0,0.0,0.0
241,L241_314,16165.67,6.0,428.0,0.0,0.0
241,L241_315,27912.47,12.0,601.0,0.0,0.0
241,L241_316,140910.27,9.0,1414.0,,0.0
241,L241_317,30183.33,12.0,967.0,0.0,0.0
242,L242_318,58209.48,6.0,556.0,0.0,0.0
242,L242_319,24045.38,18.0,367.0,0.0,0.0
242,L242_320,33694.71,36.0,797.0,1.0,1.0
243,L243_321,25378.58,24.0,447.0,1.0,15.0
243,L243_322,89138.96,6.0,1569.0,0.0,0.0
244,L244_323,40527.91,36.0,992.0,0.0,0.0
244,L244_324,98094.14,18.0,739.0,0.0,0.0
245,L245_325,18459.64,18.0,972.0,0.0,0.0
246,L246_326,99708.59,6.0,1039.0,1.0,90.0
248,L248_327,90060.56,18.0,857.0,0.0,
249,L249_328,50591.42,9.0,881.0,0.0,0.0
249,L249_329,66619.83,12.0,1283.0,0.0,0.0
249,L249_330,115479.32,18.0,818.0,0.0,0.0
250,L250_331,65904.3,12.0,63.0,0.0,0.0
250,L250_332,14063.47,3.0,,0.0,0.0
250,L250_333,140639.89,24.0,44.0,1.0,7.0
250,L250_334,25135.08,24.0,837.0,0.0,0.0
251,L251_335,19445.53,12.0,45.0,1.0,15.0
252,L252_336,71894.5,24.0,559.0,0.0,0.0
253,L253_337,113552.15,24.0,570.0,0.0,0.0
254,L254_338,39982.08,12.0,354.0,0.0,0.0
256,L256_339,19694.52,12.0,346.0,0.0,0.0
256,L256_340,52453.4,36.0,118.0,0.0,0.0
256,L256_341,46827.32,9.0,938.0,1.0,30.0
258,L258_342,14484.8,36.0,988.0,0.0,0.0
258,L258_343,96607.11,12.0,1472.0,0.0,0.0
259,L259_344,158271.48,,351.0,1.0,3.0
260,L260_345,34704.61,36.0,604.0,0.0,0.0
260,L260_346,105603.29,24.0,1378.0,0.0,0.0
261,L261_347,38418.84,,276.0,1.0,90.0
262,L262_348,23190.08,24.0,,0.0,0.0
262,L262_349,51172.96,12.0,1579.0,1.0,1.0
262,L262_350,87034.06,3.0,925.0,0.0,0.0
263,L263_351,115668.09,12.0,705.0,0.0,0.0
263,L263_352,75163.43,12.0,831.0,0.0,0.0
263,L263_353,28020.54,6.0,1419.0,,0.0
264,L264_354,65779.94,3.0,1245.0,0.0,0.0
264,L264_355,22977.09,9.0,551.0,0.0,0.0
264,L264_356,38383.36,9.0,533.0,1.0,7.0
265,L265_357,45515.64,12.0,1136.0,0.0,0.0
266,L266_358,91259.16,36.0,247.0,1.0,7.0
267,L267_359,20457.09,18.0,1522.0,1.0,3.0
268,L268_360,126486.02,6.0,197.0,0.0,0.0
268,L268_361,41664.42,3.0,63.0,0.0,0.0
269,L269_362,62324.7,6.0,1428.0,0.0,0.0
271,L271_363,36334.2,18.0,1511.0,0.0,0.0
271,L271_364,22665.21,3.0,682.0,1.0,3.0
272,L272_365,20006.77,36.0,751.0,0.0,0.0
274,L274_366,100029.39,36.0,479.0,0.0,0.0
275,L275_367,21299.8,9.0,430.0,0.0,0.0
276,L276_368,33354.19,6.0,689.0,0.0,0.0
277,L277_369,30847.89,24.0,558.0,0.0,0.0
277,L277_370,79581.86,9.0,,1.0,1.0
278,L278_371,122696.95,6.0,1030.0,0.0,0.0
278,L278_372,72237.51,12.0,422.0,0.0,0.0
279,L279_373,,6.0,822.0,0.0,0.0
280,L280_374,23008.45,6.0,771.0,0.0,0.0
280,L280_375,32531.98,6.0,1227.0,0.0,0.0
280,L280_376,30508.62,3.0,1054.0,0.0,0.0
281,L281_377,36396.79,18.0,985.0,1.0,1.0
281,L281_378,46413.41,9.0,1547.0,0.0,0.0
282,L282_379,36140.27,24.0,1097.0,1.0,3.0
283,L283_380,99721.15,9.0,219.0,1.0,15.0
283,L283_381,63251.87,12.0,772.0,0.0,0.0
283,L283_382,147567.63,3.0,1222.0,0.0,0.0
284,L284_383,71318.44,36.0,1237.0,0.0,0.0
284,L284_384,36406.57,12.0,302.0,0.0,0.0
284,L284_385,48658.33,36.0,,0.0,0.0
284,L284_386,50453.95,9.0,564.0,0.0,0.0
285,L285_387,59819.69,36.0,44.0,0.0,0.0
285,L285_388,63080.41,6.0,1215.0,0.0,0.0
286,L286_389,22331.91,18.0,99.0,1.0,1.0
287,L287_390,70193.48,9.0,1026.0,1.0,30.0
287,L287_391,40707.95,12.0,834.0,0.0,0.0
289,L289_392,49588.03,9.0,1025.0,0.0,0.0
290,L290_393,28138.59,6.0,,0.0,0.0
291,L291_394,53261.59,36.0,105.0,0.0,0.0
294,L294_395,79093.71,6.0,1065.0,0.0,0.0
294,L294_396,23595.47,24.0,1536.0,0.0,
294,L294_397,32869.01,12.0,1181.0,1.0,30.0
295,L295_398,83086.48,24.0,357.0,0.0,0.0
295,L295_399,43167.88,6.0,992.0,0.0,0.0
295,L295_400,79681.95,12.0,1095.0,0.0,0.0
296,L296_401,83829.26,6.0,117.0,1.0,7.0
297,L297_402,,9.0,1356.0,0.0,0.0
298,L298_403,80543.66,36.0,944.0,0.0,0.0
299,L299_404,11843.4,6.0,1035.0,1.0,1.0
299,L299_405,54124.68,12.0,432.0,0.0,0.0
300,L300_406,33692.71,,651.0,1.0,1.0
300,L300_407,28661.73,18.0,560.0,0.0,0.0
301,L301_408,28607.03,9.0,,0.0,0.0
302,L302_409,117484.77,24.0,180.0,0.0,0.0
302,L302_410,29491.55,12.0,296.0,0.0,0.0
303,L303_411,89274.86,24.0,635.0,0.0,0.0
304,L304_412,33958.77,6.0,243.0,1.0,15.0
304,L304_413,23590.38,6.0,282.0,0.0,
305,L305_414,40366.89,9.0,417.0,1.0,3.0
305,L305_415,24813.18,18.0,248.0,0.0,0.0
306,L306_416,35693.38,3.0,754.0,1.0,30.0
307,L307_417,110941.33,9.0,551.0,0.0,0.0
308,L308_418,50779.48,6.0,1578.0,0.0,0.0
308,L308_419,50096.53,24.0,316.0,0.0,0.0
308,L308_420,20605.84,3.0,21.0,0.0,0.0
308,L308_421,104459.13,,440.0,1.0,7.0
308,L308_422,24893.28,12.0,646.0,1.0,30.0
309,L309_423,43438.15,9.0,298.0,1.0,30.0
309,L309_424,51541.7,18.0,1067.0,0.0,0.0
309,L309_425,62601.65,3.0,43.0,0.0,0.0
309,L309_426,34959.42,6.0,1238.0,0.0,0.0
312,L312_427,51161.25,3.0,1031.0,0.0,0.0
312,L312_428,22072.1,6.0,482.0,0.0,0.0
313,L313_429,75480.76,,574.0,0.0,0.0
313,L313_430,36025.72,9.0,380.0,0.0,0.0
316,L316_431,40742.95,9.0,1541.0,1.0,3.0
317,L317_432,33798.43,24.0,165.0,0.0,0.0
319,L319_433,54294.3,18.0,403.0,0.0,0.0
321,L321_434,26982.78,36.0,941.0,0.0,0.0
321,L321_435,55426.53,12.0,430.0,1.0,30.0
323,L323_436,53957.62,3.0,179.0,0.0,0.0
324,L324_437,97440.46,,486.0,0.0,0.0
324,L324_438,46658.24,9.0,800.0,0.0,0.0
324,L324_439,26331.18,36.0,636.0,,0.0
324,L324_440,29487.7,18.0,928.0,0.0,0.0
325,L325_441,38946.15,3.0,1098.0,0.0,0.0
329,L329_442,,,1449.0,,0.0
332,L332_443,47609.17,6.0,186.0,1.0,60.0
333,L333_444,39209.92,36.0,358.0,0.0,0.0
333,L333_445,76942.83,12.0,965.0,0.0,0.0
337,L337_446,55971.28,36.0,928.0,0.0,0.0
337,L337_447,85882.45,12.0,242.0,0.0,0.0
339,L339_448,102040.11,36.0,687.0,0.0,0.0
342,L342_449,43420.54,3.0,514.0,0.0,0.0
342,L342_450,86009.87,12.0,902.0,0.0,0.0
344,L344_451,69350.92,36.0,606.0,1.0,30.0
344,L344_452,110569.0,6.0,1161.0,0.0,0.0
345,L345_453,17793.57,12.0,241.0,0.0,0.0
346,L346_454,37544.8,24.0,104.0,0.0,0.0
346,L346_455,32271.9,9.0,630.0,0.0,0.0
346,L346_456,,24.0,1262.0,0.0,0.0
347,L347_457,33425.18,6.0,85.0,0.0,0.0
348,L348_458,65729.75,12.0,724.0,0.0,0.0
349,L349_459,68437.18,6.0,1020.0,1.0,30.0
350,L350_460,103538.82,12.0,381.0,0.0,0.0
350,L350_461,32763.28,,723.0,0.0,0.0
351,L351_462,46153.83,24.0,1362.0,1.0,30.0
352,L352_463,207519.33,6.0,519.0,0.0,0.0
353,L353_464,34816.35,9.0,1438.0,0.0,0.0
353,L353_465,,9.0,243.0,1.0,1.0
354,L354_466,86341.65,24.0,1314.0,0.0,0.0
354,L354_467,34725.99,36.0,1040.0,0.0,0.0
355,L355_468,89114.04,,1596.0,0.0,0.0
355,L355_469,79633.3,18.0,1415.0,0.0,0.0
355,L355_470,83077.68,12.0,451.0,0.0,0.0
356,L356_471,50085.12,18.0,1073.0,1.0,3.0
356,L356_472,21933.74,6.0,440.0,0.0,0.0
356,L356_473,23846.8,3.0,524.0,0.0,0.0
357,L357_474,55660.78,12.0,570.0,0.0,0.0
358,L358_475,,12.0,1118.0,1.0,60.0
359,L359_476,32457.14,3.0,1165.0,1.0,3.0
359,L359_477,52499.96,9.0,1599.0,0.0,0.0
359,L359_478,35364.47,6.0,34.0,0.0,0.0
360,L360_479,73625.16,12.0,247.0,1.0,1.0
362,L362_480,61487.29,12.0,1554.0,0.0,0.0
363,L363_481,29726.15,6.0,692.0,0.0,0.0
363,L363_482,13620.39,36.0,1361.0,1.0,7.0
365,L365_483,24406.82,6.0,1214.0,1.0,15.0
365,L365_484,45410.95,24.0,1476.0,0.0,0.0
365,L365_485,59729.63,18.0,752.0,0.0,0.0
366,L366_486,117369.37,6.0,783.0,0.0,0.0
366,L366_487,89265.6,18.0,1238.0,0.0,0.0
366,L366_488,62812.48,12.0,562.0,0.0,0.0
367,L367_489,41928.79,18.0,701.0,1.0,3.0
368,L368_490,75887.01,12.0,705.0,1.0,7.0
368,L368_491,51016.2,6.0,590.0,0.0,0.0
370,L370_492,17740.32,9.0,862.0,1.0,
370,L370_493,33420.12,9.0,599.0,1.0,30.0
370,L370_494,63512.85,9.0,587.0,0.0,0.0
370,L370_495,46952.05,18.0,561.0,0.0,0.0
370,L370_496,107212.76,12.0,1279.0,0.0,0.0
371,L371_497,74335.59,6.0,,0.0,0.0
372,L372_498,59377.46,24.0,,0.0,0.0
373,L373_499,20937.86,36.0,1175.0,0.0,0.0
373,L373_500,63056.69,18.0,446.0,0.0,0.0
375,L375_501,58315.06,,1169.0,0.0,0.0
375,L375_502,22352.9,36.0,,0.0,0.0
376,L376_503,20727.04,12.0,480.0,1.0,1.0
376,L376_504,20921.99,,208.0,1.0,30.0
377,L377_505,65040.94,6.0,,1.0,1.0
377,L377_506,36354.13,,102.0,0.0,0.0
377,L377_507,42043.47,3.0,284.0,0.0,
378,L378_508,46476.57,24.0,1335.0,0.0,0.0
382,L382_509,25528.67,18.0,871.0,0.0,0.0
382,L382_510,33779.42,18.0,610.0,0.0,0.0
383,L383_511,57340.13,36.0,318.0,1.0,7.0
384,L384_512,63174.52,3.0,538.0,0.0,0.0
385,L385_513,34676.42,9.0,677.0,1.0,30.0
385,L385_514,65522.15,9.0,354.0,0.0,0.0
386,L386_515,20368.1,9.0,195.0,0.0,0.0
386,L386_516,34494.55,18.0,1179.0,0.0,0.0
387,L387_517,52502.51,9.0,52.0,1.0,30.0
387,L387_518,77762.35,9.0,28.0,0.0,0.0
388,L388_519,34585.74,3.0,116.0,1.0,30.0
388,L388_520,33508.29,6.0,515.0,0.0,0.0
389,L389_521,33034.7,3.0,1270.0,0.0,0.0
389,L389_522,126795.12,3.0,565.0,0.0,0.0
389,L389_523,70337.64,6.0,1268.0,0.0,0.0
389,L389_524,28806.43,6.0,931.0,1.0,7.0
391,L391_525,57512.52,3.0,989.0,1.0,15.0
391,L391_526,86339.76,12.0,1380.0,0.0,0.0
391,L391_527,24312.14,18.0,267.0,0.0,0.0
391,L391_528,37149.43,3.0,998.0,0.0,0.0
391,L391_529,47060.16,12.0,1140.0,1.0,1.0
391,L391_530,162721.59,24.0,312.0,0.0,0.0
392,L392_531,26858.36,6.0,768.0,0.0,0.0
392,L392_532,33141.61,9.0,1296.0,1.0,30.0
392,L392_533,71115.5,9.0,175.0,0.0,0.0
393,L393_534,72818.9,24.0,600.0,0.0,0.0
393,L393_535,22596.73,24.0,1108.0,0.0,0.0
393,L393_536,41925.27,3.0,228.0,0.0,0.0
394,L394_537,37820.15,18.0,521.0,0.0,0.0
395,L395_538,26860.51,6.0,1263.0,0.0,0.0
395,L395_539,50531.55,36.0,788.0,0.0,0.0
395,L395_540,55554.75,24.0,1597.0,0.0,0.0
398,L398_541,45663.45,18.0,127.0,1.0,90.0
398,L398_542,,9.0,303.0,1.0,15.0
398,L398_543,132371.04,18.0,,0.0,0.0
399,L399_544,88008.73,36.0,73.0,0.0,0.0
400,L400_545,29835.97,36.0,856.0,0.0,0.0
400,L400_546,41358.22,3.0,674.0,0.0,0.0
401,L401_547,27180.29,3.0,1176.0,0.0,0.0
403,L403_548,55433.07,12.0,1005.0,0.0,0.0
403,L403_549,33237.65,24.0,109.0,0.0,0.0
404,L404_550,55507.08,18.0,62.0,0.0,0.0
404,L404_551,19378.15,6.0,1354.0,0.0,0.0
406,L406_552,102835.62,18.0,74.0,0.0,0.0
406,L406_553,56274.96,9.0,836.0,0.0,0.0
408,L408_554,32306.66,,694.0,0.0,0.0
408,L408_555,30161.91,3.0,1102.0,0.0,0.0
409,L409_556,100924.16,36.0,1410.0,1.0,30.0
410,L410_557,29413.66,12.0,1425.0,1.0,15.0
412,L412_558,74553.55,24.0,183.0,0.0,0.0
412,L412_559,41034.75,6.0,1459.0,0.0,0.0
412,L412_560,74642.18,18.0,337.0,0.0,0.0
413,L413_561,69494.85,18.0,108.0,0.0,0.0
413,L413_562,78865.23,3.0,1353.0,0.0,0.0
413,L413_563,82872.97,12.0,301.0,0.0,0.0
415,L415_564,27036.5,36.0,1204.0,0.0,0.0
416,L416_565,26119.92,36.0,454.0,1.0,30.0
416,L416_566,62633.2,24.0,484.0,1.0,60.0
416,L416_567,38831.51,24.0,162.0,1.0,7.0
416,L416_568,18606.28,36.0,1523.0,1.0,7.0
417,L417_569,31918.26,18.0,268.0,1.0,3.0
417,L417_570,41586.52,3.0,1113.0,0.0,0.0
417,L417_571,69193.4,36.0,113.0,0.0,0.0
417,L417_572,56412.15,18.0,1011.0,0.0,0.0
418,L418_573,27684.26,9.0,218.0,0.0,0.0
420,L420_574,52079.96,36.0,1203.0,0.0,0.0
421,L421_575,,24.0,889.0,0.0,
421,L421_576,36703.82,9.0,438.0,,0.0
421,L421_577,58378.53,9.0,728.0,0.0,0.0
422,L422_578,73572.43,24.0,1357.0,0.0,0.0
422,L422_579,57821.64,24.0,643.0,0.0,0.0
422,L422_580,38448.28,6.0,1448.0,,0.0
422,L422_581,66873.27,12.0,1324.0,0.0,
422,L422_582,41477.7,36.0,995.0,0.0,0.0
423,L423_583,22373.95,6.0,246.0,0.0,0.0
423,L423_584,23499.23,6.0,387.0,0.0,0.0
423,L423_585,37758.32,36.0,687.0,0.0,0.0
424,L424_586,42791.41,,440.0,0.0,0.0
425,L425_587,41491.2,36.0,1265.0,1.0,7.0
425,L425_588,46597.94,12.0,779.0,0.0,0.0
426,L426_589,85574.44,3.0,1143.0,0.0,0.0
426,L426_590,27272.19,18.0,267.0,0.0,0.0
427,L427_591,71669.03,24.0,1185.0,0.0,0.0
428,L428_592,44115.16,6.0,642.0,1.0,1.0
429,L429_593,27259.52,12.0,912.0,0.0,0.0
429,L429_594,106865.23,3.0,935.0,0.0,0.0
429,L429_595,29558.32,3.0,1116.0,0.0,0.0
430,L430_596,44927.29,3.0,1325.0,0.0,0.0
431,L431_597,36262.7,18.0,929.0,0.0,0.0
431,L431_598,35061.72,9.0,100.0,0.0,0.0
432,L432_599,29321.89,36.0,1089.0,0.0,
434,L434_600,72413.85,12.0,1049.0,0.0,
436,L436_601,91422.84,6.0,837.0,0.0,0.0
436,L436_602,32356.7,12.0,1064.0,0.0,0.0
436,L436_603,43818.91,24.0,744.0,0.0,0.0
436,L436_604,25818.42,9.0,,0.0,0.0
437,L437_605,56390.14,3.0,627.0,0.0,0.0
438,L438_606,266348.18,18.0,1065.0,0.0,0.0
438,L438_607,31077.8,36.0,1009.0,1.0,7.0
438,L438_608,78096.39,3.0,81.0,1.0,3.0
438,L438_609,68043.29,,156.0,0.0,
440,L440_610,176611.96,12.0,501.0,0.0,
440,L440_611,59887.3,6.0,1538.0,1.0,15.0
440,L440_612,63925.55,3.0,842.0,0.0,0.0
441,L441_613,40618.89,6.0,1180.0,1.0,30.0
442,L442_614,43196.04,12.0,523.0,0.0,0.0
442,L442_615,77952.9,6.0,1019.0,1.0,30.0
443,L443_616,45208.11,9.0,1574.0,0.0,0.0
444,L444_617,44586.08,36.0,144.0,0.0,0.0
445,L445_618,47467.23,12.0,1490.0,0.0,0.0
446,L446_619,40821.94,18.0,259.0,0.0,0.0
446,L446_620,88888.21,6.0,547.0,0.0,0.0
450,L450_621,44318.89,24.0,1476.0,0.0,0.0
450,L450_622,32600.5,24.0,1577.0,0.0,0.0
451,L451_623,153067.58,12.0,1249.0,0.0,0.0
451,L451_624,29169.71,9.0,102.0,0.0,0.0
452,L452_625,61495.19,3.0,406.0,0.0,0.0
452,L452_626,122818.74,24.0,1161.0,0.0,0.0
453,L453_627,90330.98,36.0,324.0,0.0,0.0
453,L453_628,207544.29,,1011.0,0.0,0.0
453,L453_629,12921.5,36.0,1009.0,1.0,30.0
454,L454_630,27764.54,36.0,1070.0,0.0,0.0
454,L454_631,53784.76,36.0,515.0,1.0,15.0
454,L454_632,81539.5,3.0,1376.0,1.0,30.0
455,L455_633,155862.29,6.0,1065.0,0.0,0.0
456,L456_634,57649.63,36.0,1351.0,0.0,0.0
456,L456_635,50581.8,24.0,1515.0,1.0,3.0
456,L456_636,79185.62,6.0,1436.0,0.0,0.0
456,L456_637,87382.12,36.0,1000.0,0.0,0.0
457,L457_638,33630.48,6.0,1131.0,1.0,7.0
460,L460_639,,36.0,,0.0,0.0
460,L460_640,20752.82,36.0,388.0,0.0,0.0
463,L463_641,31198.99,12.0,639.0,0.0,0.0
463,L463_642,71491.12,6.0,1154.0,1.0,3.0
464,L464_643,286979.83,3.0,687.0,0.0,0.0
464,L464_644,68250.48,24.0,485.0,0.0,0.0
464,L464_645,41472.21,9.0,1068.0,0.0,0.0
465,L465_646,89263.26,12.0,600.0,0.0,0.0
465,L465_647,81078.42,12.0,412.0,0.0,0.0
466,L466_648,215899.54,18.0,1226.0,0.0,0.0
466,L466_649,77386.43,24.0,1096.0,0.0,0.0
466,L466_650,44236.84,24.0,186.0,0.0,0.0
469,L469_651,93514.22,9.0,447.0,0.0,0.0
469,L469_652,39803.0,3.0,733.0,1.0,30.0
470,L470_653,43346.83,9.0,1419.0,0.0,0.0
470,L470_654,56512.96,9.0,150.0,0.0,0.0
470,L470_655,67127.43,,1405.0,0.0,0.0
471,L471_656,24837.56,36.0,1494.0,0.0,0.0
471,L471_657,,9.0,1089.0,0.0,0.0
472,L472_658,66023.17,18.0,930.0,0.0,0.0
473,L473_659,26226.71,9.0,,0.0,0.0
474,L474_660,36880.97,12.0,1278.0,0.0,0.0
474,L474_661,25632.48,36.0,1157.0,0.0,0.0
475,L475_662,26040.97,12.0,472.0,0.0,0.0
475,L475_663,37274.66,6.0,1207.0,0.0,0.0
477,L477_664,136243.14,36.0,1309.0,0.0,0.0
477,L477_665,88191.73,,64.0,0.0,0.0
477,L477_666,35692.3,24.0,231.0,0.0,0.0
478,L478_667,18700.5,9.0,1262.0,0.0,0.0
478,L478_668,86548.06,12.0,147.0,0.0,0.0
479,L479_669,59154.04,24.0,1392.0,0.0,0.0
480,L480_670,23931.49,18.0,1270.0,0.0,0.0
482,L482_671,66204.52,12.0,961.0,0.0,0.0
483,L483_672,14346.76,6.0,1122.0,0.0,0.0
484,L484_673,89198.25,3.0,986.0,0.0,0.0
484,L484_674,46225.4,36.0,49.0,0.0,0.0
484,L484_675,56910.06,18.0,,0.0,0.0
485,L485_676,20232.14,24.0,949.0,0.0,0.0
485,L485_677,49161.77,6.0,1256.0,0.0,0.0
485,L485_678,45671.09,6.0,1059.0,0.0,0.0
487,L487_679,70775.48,3.0,,,7.0
487,L487_680,41251.06,12.0,754.0,0.0,0.0
487,L487_681,44120.73,12.0,948.0,1.0,90.0
488,L488_682,33256.37,36.0,370.0,0.0,0.0
490,L490_683,25404.43,9.0,1409.0,0.0,0.0
490,L490_684,34964.3,9.0,1321.0,0.0,0.0
491,L491_685,61906.12,36.0,494.0,0.0,0.0
493,L493_686,18167.3,9.0,367.0,0.0,0.0
494,L494_687,29911.64,,,0.0,0.0
494,L494_688,42998.22,6.0,305.0,1.0,1.0
494,L494_689,147853.7,6.0,1034.0,0.0,0.0
494,L494_690,36502.51,9.0,328.0,0.0,0.0
494,L494_691,113653.62,18.0,704.0,0.0,0.0
495,L495_692,33244.45,36.0,1409.0,0.0,0.0
495,L495_693,46318.73,12.0,506.0,0.0,0.0
495,L495_694,41914.51,12.0,1366.0,0.0,0.0
496,L496_695,86684.28,36.0,1511.0,1.0,30.0
497,L497_696,17293.52,12.0,418.0,0.0,0.0
497,L497_697,55939.52,24.0,249.0,0.0,0.0
497,L497_698,50770.66,12.0,596.0,0.0,0.0
498,L498_699,129099.61,9.0,226.0,0.0,0.0
500,L500_700,26075.36,24.0,321.0,0.0,0.0
501,L501_701,33658.33,36.0,589.0,1.0,7.0
501,L501_702,61024.73,18.0,345.0,1.0,15.0
502,L502_703,24543.48,6.0,1250.0,0.0,0.0
502,L502_704,26266.19,9.0,27.0,1.0,60.0
502,L502_705,40898.34,24.0,421.0,1.0,60.0
505,L505_706,21483.71,3.0,528.0,0.0,0.0
505,L505_707,96883.98,36.0,596.0,0.0,0.0
506,L506_708,174219.66,6.0,914.0,0.0,0.0
506,L506_709,41928.02,18.0,774.0,1.0,3.0
506,L506_710,39802.44,24.0,607.0,1.0,30.0
507,L507_711,14207.04,24.0,464.0,1.0,7.0
509,L509_712,32386.08,36.0,194.0,1.0,30.0
510,L510_713,29476.41,18.0,1350.0,0.0,0.0
512,L512_714,29779.51,9.0,1328.0,0.0,0.0
513,L513_715,47879.84,18.0,1151.0,0.0,0.0
513,L513_716,51518.89,12.0,1487.0,0.0,0.0
514,L514_717,21517.22,3.0,662.0,0.0,0.0
516,L516_718,66058.18,12.0,1163.0,0.0,0.0
516,L516_719,32935.16,9.0,750.0,0.0,0.0
516,L516_720,40725.29,9.0,1442.0,1.0,7.0
517,L517_721,43089.29,3.0,983.0,0.0,0.0
518,L518_722,69212.54,12.0,524.0,0.0,0.0
518,L518_723,24057.38,12.0,182.0,0.0,0.0
519,L519_724,90881.76,,1541.0,0.0,0.0
519,L519_725,32900.09,3.0,317.0,0.0,0.0
519,L519_726,62436.07,3.0,1485.0,1.0,3.0
522,L522_727,40323.66,18.0,98.0,0.0,0.0
522,L522_728,68937.09,36.0,1225.0,0.0,0.0
524,L524_729,64225.52,6.0,843.0,0.0,0.0
525,L525_730,87227.24,12.0,,0.0,0.0
525,L525_731,127696.96,12.0,490.0,0.0,0.0
525,L525_732,52290.47,24.0,,0.0,0.0
525,L525_733,63129.23,24.0,904.0,0.0,0.0
526,L526_734,21171.79,6.0,267.0,0.0,0.0
527,L527_735,12193.32,9.0,359.0,0.0,0.0
527,L527_736,28972.8,3.0,822.0,1.0,
527,L527_737,48651.95,6.0,1230.0,0.0,0.0
527,L527_738,15766.0,24.0,1377.0,0.0,0.0
528,L528_739,24058.33,18.0,435.0,0.0,0.0
528,L528_740,51242.46,18.0,386.0,0.0,0.0
529,L529_741,51224.42,6.0,961.0,1.0,7.0
529,L529_742,37969.69,9.0,,0.0,0.0
529,L529_743,65163.62,24.0,549.0,1.0,30.0
529,L529_744,63193.01,3.0,824.0,0.0,0.0
530,L530_745,34930.97,9.0,1217.0,0.0,0.0
531,L531_746,113260.18,3.0,23.0,0.0,0.0
532,L532_747,47611.04,3.0,67.0,0.0,0.0
533,L533_748,40495.06,36.0,1320.0,0.0,0.0
534,L534_749,55373.0,24.0,60.0,0.0,0.0
535,L535_750,32542.58,3.0,797.0,0.0,0.0
535,L535_751,32491.24,18.0,1209.0,0.0,0.0
536,L536_752,50131.64,36.0,183.0,0.0,0.0
536,L536_753,22347.97,6.0,539.0,0.0,0.0
537,L537_754,51345.7,3.0,275.0,0.0,0.0
537,L537_755,48316.91,18.0,1275.0,0.0,0.0
538,L538_756,54755.27,3.0,678.0,0.0,
538,L538_757,88544.6,18.0,504.0,1.0,3.0
538,L538_758,,36.0,1571.0,,0.0
538,L538_759,90805.04,,1334.0,0.0,0.0
539,L539_760,41390.46,36.0,1446.0,0.0,0.0
539,L539_761,48634.94,24.0,1173.0,1.0,1.0
540,L540_762,41211.44,24.0,,0.0,0.0
540,L540_763,10061.08,18.0,744.0,0.0,0.0
541,L541_764,57909.76,12.0,1060.0,0.0,0.0
541,L541_765,34556.41,24.0,1263.0,0.0,0.0
541,L541_766,45395.84,3.0,84.0,1.0,7.0
541,L541_767,39066.93,24.0,574.0,0.0,
543,L543_768,51636.52,36.0,1065.0,1.0,15.0
543,L543_769,23258.41,12.0,635.0,1.0,60.0
544,L544_770,41886.8,9.0,1156.0,1.0,15.0
544,L544_771,50896.49,24.0,1439.0,1.0,1.0
546,L546_772,20387.42,18.0,954.0,0.0,0.0
546,L546_773,72193.87,18.0,1267.0,0.0,0.0
547,L547_774,148140.7,,573.0,0.0,0.0
547,L547_775,31338.08,12.0,60.0,0.0,0.0
548,L548_776,,6.0,676.0,0.0,0.0
549,L549_777,43721.18,6.0,27.0,0.0,0.0
549,L549_778,65123.25,3.0,68.0,0.0,0.0
551,L551_779,37260.71,24.0,606.0,0.0,0.0
552,L552_780,117252.5,3.0,1514.0,1.0,60.0
553,L553_781,23446.62,12.0,969.0,0.0,0.0
553,L553_782,106126.9,6.0,1590.0,0.0,0.0
553,L553_783,56359.5,6.0,598.0,0.0,0.0
554,L554_784,56913.98,12.0,121.0,0.0,
555,L555_785,163257.35,9.0,887.0,0.0,
558,L558_786,53187.88,3.0,1262.0,0.0,0.0
560,L560_787,33067.61,36.0,1373.0,0.0,0.0
560,L560_788,35424.55,18.0,1378.0,0.0,0.0
560,L560_789,62753.16,3.0,505.0,0.0,0.0
562,L562_790,89202.35,3.0,950.0,0.0,
563,L563_791,52039.94,36.0,1320.0,1.0,3.0
564,L564_792,28176.98,18.0,1007.0,0.0,0.0
565,L565_793,55652.59,12.0,683.0,0.0,0.0
565,L565_794,43107.0,12.0,624.0,0.0,0.0
565,L565_795,24326.27,24.0,1066.0,1.0,1.0
565,L565_796,38683.54,24.0,971.0,0.0,
566,L566_797,24598.67,36.0,116.0,0.0,0.0
567,L567_798,27077.99,9.0,500.0,1.0,3.0
568,L568_799,22893.4,6.0,426.0,0.0,0.0
568,L568_800,34286.24,9.0,168.0,0.0,0.0
568,L568_801,30471.53,18.0,1158.0,0.0,0.0
568,L568_802,,6.0,1561.0,0.0,0.0
568,L568_803,38004.43,24.0,743.0,0.0,
569,L569_804,20401.26,3.0,456.0,0.0,0.0
571,L571_805,146484.86,36.0,381.0,0.0,0.0
571,L571_806,,6.0,1346.0,0.0,0.0
573,L573_807,27897.25,9.0,246.0,0.0,0.0
574,L574_808,62466.54,36.0,1241.0,0.0,0.0
574,L574_809,23260.01,12.0,277.0,0.0,0.0
575,L575_810,37081.8,18.0,452.0,1.0,3.0
575,L575_811,35011.05,9.0,1014.0,0.0,0.0
577,L577_812,36935.25,18.0,,1.0,60.0
577,L577_813,68062.45,18.0,900.0,0.0,0.0
578,L578_814,,24.0,933.0,0.0,0.0
578,L578_815,50317.79,3.0,1325.0,0.0,0.0
578,L578_816,58689.46,3.0,361.0,0.0,0.0
578,L578_817,20691.28,12.0,384.0,0.0,0.0
578,L578_818,123158.37,36.0,261.0,1.0,7.0
578,L578_819,17180.09,6.0,505.0,0.0,0.0
578,L578_820,34981.41,18.0,594.0,0.0,0.0
579,L579_821,106661.74,36.0,389.0,1.0,1.0
580,L580_822,28860.26,36.0,147.0,1.0,7.0
580,L580_823,39396.21,24.0,1521.0,0.0,0.0
580,L580_824,88948.19,18.0,227.0,1.0,1.0
581,L581_825,40801.83,9.0,708.0,0.0,0.0
583,L583_826,51317.01,6.0,1565.0,1.0,7.0
583,L583_827,50876.72,6.0,873.0,0.0,
584,L584_828,45373.58,3.0,384.0,0.0,0.0
584,L584_829,67676.93,12.0,344.0,1.0,30.0
585,L585_830,42471.91,9.0,1090.0,0.0,0.0
585,L585_831,101513.37,36.0,1598.0,1.0,60.0
585,L585_832,54468.81,9.0,1493.0,0.0,0.0
587,L587_833,25709.11,12.0,1263.0,1.0,15.0
588,L588_834,52164.75,18.0,497.0,1.0,60.0
588,L588_835,120886.72,3.0,904.0,0.0,0.0
588,L588_836,26880.54,3.0,313.0,0.0,0.0
589,L589_837,30968.95,18.0,1484.0,0.0,0.0
590,L590_838,37429.5,18.0,211.0,0.0,0.0
592,L592_839,32356.47,24.0,900.0,0.0,0.0
592,L592_840,31355.37,3.0,414.0,0.0,0.0
593,L593_841,66906.74,18.0,424.0,0.0,0.0
593,L593_842,47466.42,12.0,773.0,0.0,0.0
593,L593_843,113316.09,,1086.0,0.0,0.0
594,L594_844,55218.29,24.0,823.0,0.0,0.0
594,L594_845,26139.19,6.0,156.0,0.0,0.0
595,L595_846,24493.36,36.0,1406.0,1.0,15.0
596,L596_847,43703.21,9.0,442.0,1.0,1.0
596,L596_848,45761.28,24.0,1232.0,0.0,0.0
596,L596_849,75025.32,36.0,1421.0,0.0,0.0
597,L597_850,133373.7,18.0,1431.0,0.0,0.0
597,L597_851,24948.54,12.0,825.0,1.0,90.0
597,L597_852,30063.1,3.0,913.0,0.0,0.0
598,L598_853,24929.5,24.0,751.0,0.0,0.0
598,L598_854,31843.77,18.0,1149.0,1.0,1.0
599,L599_855,32667.95,,253.0,0.0,0.0
600,L600_856,54987.53,,1527.0,0.0,0.0
602,L602_857,76526.74,9.0,1311.0,0.0,0.0
603,L603_858,51320.37,3.0,764.0,0.0,0.0
604,L604_859,28914.06,6.0,1121.0,0.0,0.0
605,L605_860,85763.38,36.0,237.0,1.0,7.0
606,L606_861,108299.4,36.0,754.0,0.0,0.0
607,L607_862,24609.81,6.0,1328.0,0.0,0.0
608,L608_863,55314.28,6.0,601.0,1.0,7.0
609,L609_864,91563.79,6.0,889.0,0.0,0.0
609,L609_865,186554.11,6.0,1201.0,0.0,0.0
612,L612_866,36317.28,3.0,612.0,0.0,0.0
612,L612_867,59690.29,12.0,862.0,0.0,0.0
612,L612_868,108282.11,3.0,1430.0,1.0,60.0
613,L613_869,21785.81,36.0,1102.0,0.0,0.0
613,L613_870,43799.65,,870.0,0.0,0.0
613,L613_871,57730.79,,42.0,1.0,
614,L614_872,51835.18,3.0,667.0,0.0,0.0
614,L614_873,56522.87,6.0,347.0,0.0,0.0
615,L615_874,33740.59,,394.0,0.0,0.0
616,L616_875,47493.65,36.0,788.0,0.0,0.0
616,L616_876,82732.27,3.0,299.0,0.0,0.0
617,L617_877,50407.17,3.0,27.0,1.0,1.0
617,L617_878,27399.91,12.0,809.0,,0.0
618,L618_879,39022.71,12.0,1285.0,0.0,0.0
618,L618_880,42120.19,6.0,293.0,0.0,0.0
620,L620_881,64464.73,12.0,1224.0,0.0,0.0
621,L621_882,124743.17,18.0,1237.0,1.0,90.0
623,L623_883,19132.23,18.0,777.0,0.0,0.0
623,L623_884,37769.75,3.0,1297.0,0.0,0.0
624,L624_885,68809.44,36.0,535.0,0.0,0.0
624,L624_886,49688.28,36.0,731.0,0.0,0.0
624,L624_887,57991.47,9.0,1414.0,0.0,0.0
627,L627_888,22349.45,36.0,827.0,0.0,0.0
628,L628_889,31232.82,36.0,1204.0,0.0,0.0
629,L629_890,55310.72,6.0,1025.0,0.0,0.0
631,L631_891,39421.31,6.0,844.0,0.0,0.0
633,L633_892,24369.89,36.0,280.0,0.0,0.0
634,L634_893,106206.84,6.0,1317.0,0.0,0.0
635,L635_894,69768.0,36.0,959.0,1.0,3.0
635,L635_895,31880.46,18.0,979.0,1.0,90.0
635,L635_896,88024.9,9.0,719.0,0.0,0.0
636,L636_897,55348.34,18.0,162.0,0.0,
636,L636_898,65215.75,36.0,255.0,0.0,0.0
637,L637_899,154551.53,9.0,791.0,1.0,15.0
638,L638_900,79430.83,12.0,1194.0,0.0,0.0
638,L638_901,46759.09,36.0,483.0,0.0,
638,L638_902,99173.62,3.0,518.0,0.0,0.0
639,L639_903,50530.83,18.0,689.0,0.0,0.0
639,L639_904,90912.26,3.0,925.0,0.0,
642,L642_905,26027.25,24.0,1183.0,1.0,15.0
643,L643_906,31616.46,24.0,1514.0,0.0,0.0
643,L643_907,16979.4,6.0,1348.0,1.0,15.0
644,L644_908,29032.01,3.0,656.0,0.0,0.0
644,L644_909,,18.0,616.0,0.0,0.0
644,L644_910,67797.0,24.0,1118.0,0.0,0.0
645,L645_911,112290.09,36.0,,0.0,0.0
645,L645_912,93631.5,6.0,1508.0,0.0,0.0
646,L646_913,98562.92,9.0,1212.0,0.0,0.0
648,L648_914,49614.95,18.0,1247.0,0.0,0.0
648,L648_915,41349.63,6.0,1572.0,0.0,0.0
649,L649_916,30931.99,18.0,1218.0,0.0,0.0
649,L649_917,54839.34,24.0,368.0,0.0,0.0
650,L650_918,61674.08,24.0,968.0,0.0,0.0
650,L650_919,40677.35,18.0,552.0,0.0,0.0
653,L653_920,146694.35,6.0,928.0,,0.0
653,L653_921,37909.98,12.0,495.0,0.0,0.0
654,L654_922,15199.33,24.0,242.0,1.0,15.0
655,L655_923,58522.3,18.0,1071.0,1.0,30.0
655,L655_924,32803.78,24.0,192.0,0.0,0.0
656,L656_925,32323.64,3.0,227.0,0.0,0.0
656,L656_926,49737.1,18.0,548.0,1.0,
656,L656_927,59720.31,,828.0,0.0,0.0
657,L657_928,,36.0,937.0,0.0,0.0
657,L657_929,49271.78,36.0,57.0,0.0,0.0
658,L658_930,72889.92,6.0,571.0,0.0,0.0
658,L658_931,40262.38,9.0,1121.0,1.0,3.0
658,L658_932,45717.33,9.0,330.0,1.0,1.0
659,L659_933,,3.0,1322.0,0.0,0.0
660,L660_934,51298.2,9.0,261.0,0.0,0.0
660,L660_935,111869.86,24.0,456.0,0.0,0.0
660,L660_936,39387.85,18.0,739.0,0.0,0.0
661,L661_937,20626.01,3.0,1181.0,0.0,0.0
663,L663_938,50989.28,9.0,866.0,0.0,0.0
664,L664_939,35749.85,36.0,522.0,0.0,0.0
664,L664_940,68757.33,6.0,1542.0,1.0,3.0
666,L666_941,30123.04,6.0,218.0,,0.0
666,L666_942,81834.41,9.0,1014.0,0.0,0.0
666,L666_943,99719.39,9.0,487.0,0.0,0.0
669,L669_944,24542.06,3.0,897.0,0.0,0.0
669,L669_945,40311.3,3.0,852.0,0.0,0.0
669,L669_946,88570.57,24.0,240.0,0.0,0.0
670,L670_947,22627.03,12.0,1394.0,0.0,0.0
670,L670_948,86646.4,6.0,,0.0,0.0
673,L673_949,52596.46,3.0,967.0,0.0,0.0
674,L674_950,48914.27,6.0,751.0,0.0,0.0
675,L675_951,30937.89,9.0,82.0,0.0,0.0
676,L676_952,35720.89,3.0,318.0,0.0,0.0
676,L676_953,10623.46,36.0,762.0,0.0,0.0
676,L676_954,51248.2,18.0,102.0,0.0,0.0
678,L678_955,35130.27,,322.0,0.0,0.0
678,L678_956,28618.35,18.0,1451.0,0.0,0.0
680,L680_957,29479.66,3.0,1329.0,0.0,0.0
680,L680_958,28793.4,36.0,1525.0,1.0,1.0
680,L680_959,19643.25,24.0,335.0,1.0,7.0
682,L682_960,17790.94,18.0,,0.0,0.0
682,L682_961,74574.47,18.0,1169.0,0.0,0.0
683,L683_962,25874.6,18.0,210.0,0.0,0.0
683,L683_963,41878.2,24.0,,0.0,0.0
683,L683_964,73969.98,24.0,,0.0,0.0
684,L684_965,46863.58,24.0,1202.0,1.0,7.0
684,L684_966,69871.73,12.0,740.0,0.0,0.0
684,L684_967,,9.0,1198.0,0.0,0.0
685,L685_968,57877.42,9.0,,1.0,30.0
685,L685_969,28361.25,3.0,173.0,0.0,0.0
686,L686_970,26337.04,12.0,,1.0,7.0
687,L687_971,34061.37,3.0,829.0,0.0,0.0
688,L688_972,44816.73,,1305.0,1.0,7.0
689,L689_973,26062.9,18.0,534.0,0.0,0.0
689,L689_974,74905.94,12.0,1008.0,0.0,0.0
690,L690_975,23148.81,3.0,920.0,0.0,0.0
691,L691_976,18460.77,3.0,811.0,1.0,7.0
691,L691_977,27031.77,3.0,1223.0,0.0,0.0
691,L691_978,93760.22,36.0,980.0,0.0,0.0
692,L692_979,138441.27,12.0,1093.0,0.0,0.0
693,L693_980,26294.45,6.0,540.0,0.0,0.0
693,L693_981,19628.87,6.0,720.0,,3.0
694,L694_982,77760.96,9.0,455.0,0.0,
694,L694_983,66509.02,3.0,229.0,0.0,
695,L695_984,34053.0,3.0,990.0,0.0,0.0
696,L696_985,106483.1,24.0,1550.0,1.0,1.0
697,L697_986,67586.45,12.0,1017.0,1.0,15.0
697,L697_987,25119.64,12.0,253.0,0.0,0.0
698,L698_988,64995.27,24.0,224.0,0.0,0.0
698,L698_989,52203.93,36.0,1395.0,0.0,0.0
698,L698_990,54608.43,24.0,105.0,0.0,0.0
699,L699_991,62887.81,36.0,745.0,0.0,0.0
699,L699_992,70279.61,18.0,950.0,0.0,0.0
699,L699_993,28536.63,24.0,1061.0,0.0,0.0
700,L700_994,28372.07,9.0,404.0,1.0,60.0
700,L700_995,53731.46,,826.0,0.0,0.0
700,L700_996,63748.51,6.0,1479.0,0.0,0.0
701,L701_997,24832.19,9.0,1297.0,0.0,0.0
701,L701_998,126694.09,12.0,1439.0,1.0,15.0
701,L701_999,45745.58,9.0,984.0,1.0,7.0
702,L702_1000,99679.22,9.0,1366.0,1.0,3.0
702,L702_1001,93077.99,6.0,76.0,0.0,0.0
705,L705_1002,17619.31,36.0,211.0,1.0,1.0
707,L707_1003,75795.71,36.0,527.0,1.0,7.0
708,L708_1004,56001.49,18.0,676.0,0.0,0.0
710,L710_1005,62986.54,12.0,329.0,0.0,0.0
711,L711_1006,32678.98,3.0,584.0,0.0,0.0
711,L711_1007,83958.98,18.0,114.0,1.0,3.0
714,L714_1008,73890.46,3.0,319.0,0.0,0.0
714,L714_1009,65906.11,12.0,374.0,0.0,0.0
716,L716_1010,50969.99,6.0,1276.0,0.0,0.0
717,L717_1011,24355.04,12.0,1373.0,0.0,0.0
717,L717_1012,,9.0,412.0,1.0,7.0
717,L717_1013,24367.47,36.0,1019.0,,0.0
718,L718_1014,30687.2,,118.0,1.0,60.0
718,L718_1015,64608.81,18.0,239.0,0.0,0.0
719,L719_1016,83869.75,18.0,600.0,0.0,0.0
720,L720_1017,74178.54,12.0,518.0,0.0,0.0
720,L720_1018,123534.22,6.0,912.0,0.0,0.0
721,L721_1019,23801.29,18.0,75.0,0.0,0.0
721,L721_1020,59134.42,9.0,1583.0,0.0,0.0
721,L721_1021,71682.63,9.0,571.0,0.0,0.0
725,L725_1022,38153.39,12.0,390.0,1.0,7.0
726,L726_1023,25993.48,12.0,1437.0,0.0,0.0
726,L726_1024,35065.53,36.0,1379.0,1.0,60.0
726,L726_1025,25164.2,24.0,1424.0,0.0,0.0
728,L728_1026,204376.59,,171.0,1.0,7.0
728,L728_1027,105338.78,36.0,336.0,0.0,0.0
729,L729_1028,82528.79,12.0,997.0,0.0,0.0
729,L729_1029,22445.27,3.0,555.0,1.0,3.0
730,L730_1030,57686.27,12.0,659.0,0.0,0.0
731,L731_1031,27038.47,6.0,785.0,0.0,0.0
731,L731_1032,33625.02,24.0,742.0,0.0,0.0
732,L732_1033,63778.17,3.0,230.0,0.0,0.0
732,L732_1034,118697.76,6.0,1517.0,1.0,3.0
733,L733_1035,59854.83,24.0,1199.0,0.0,0.0
734,L734_1036,16345.3,36.0,542.0,1.0,15.0
738,L738_1037,73985.79,3.0,179.0,0.0,0.0
739,L739_1038,74939.19,3.0,1545.0,0.0,0.0
739,L739_1039,111423.7,24.0,65.0,0.0,0.0
739,L739_1040,37311.75,18.0,708.0,0.0,0.0
741,L741_1041,57939.32,36.0,1027.0,0.0,0.0
745,L745_1042,112735.78,36.0,1172.0,0.0,0.0
745,L745_1043,77348.82,18.0,1122.0,0.0,0.0
748,L748_1044,37164.67,9.0,924.0,0.0,0.0
748,L748_1045,39559.5,12.0,67.0,0.0,0.0
748,L748_1046,66692.44,12.0,1278.0,0.0,0.0
749,L749_1047,35971.32,12.0,1471.0,0.0,0.0
749,L749_1048,46024.88,6.0,24.0,0.0,0.0
749,L749_1049,71741.87,12.0,1520.0,1.0,1.0
752,L752_1050,34668.34,12.0,283.0,0.0,0.0
752,L752_1051,38843.89,3.0,,0.0,0.0
753,L753_1052,13536.73,24.0,1023.0,1.0,15.0
753,L753_1053,57436.36,18.0,143.0,0.0,0.0
753,L753_1054,55302.86,9.0,496.0,0.0,0.0
753,L753_1055,30720.44,18.0,1378.0,0.0,0.0
754,L754_1056,49583.94,12.0,414.0,0.0,0.0
754,L754_1057,61800.69,12.0,1425.0,1.0,30.0
756,L756_1058,80158.36,18.0,1274.0,0.0,0.0
756,L756_1059,36756.49,6.0,1205.0,0.0,0.0
757,L757_1060,69623.88,18.0,1363.0,0.0,0.0
757,L757_1061,20597.41,12.0,309.0,0.0,0.0
758,L758_1062,50340.5,6.0,512.0,0.0,0.0
761,L761_1063,137313.73,12.0,1106.0,0.0,0.0
763,L763_1064,34693.12,18.0,68.0,0.0,0.0
763,L763_1065,40388.35,6.0,1089.0,0.0,0.0
763,L763_1066,61294.27,6.0,444.0,0.0,0.0
764,L764_1067,61410.49,24.0,162.0,1.0,3.0
764,L764_1068,67937.72,12.0,50.0,1.0,60.0
765,L765_1069,40402.14,3.0,1558.0,0.0,0.0
765,L765_1070,45718.43,12.0,124.0,1.0,3.0
765,L765_1071,51260.91,18.0,,1.0,1.0
767,L767_1072,29209.58,3.0,33.0,0.0,
768,L768_1073,77949.99,24.0,258.0,0.0,0.0
769,L769_1074,65251.56,9.0,209.0,0.0,0.0
770,L770_1075,88313.95,36.0,1216.0,0.0,0.0
770,L770_1076,48923.47,3.0,352.0,0.0,0.0
771,L771_1077,78467.45,9.0,1000.0,0.0,0.0
773,L773_1078,38005.5,24.0,1379.0,0.0,0.0
773,L773_1079,45692.2,3.0,813.0,0.0,0.0
773,L773_1080,33573.2,9.0,1206.0,0.0,0.0
776,L776_1081,72586.38,12.0,352.0,1.0,60.0
776,L776_1082,53112.94,36.0,1598.0,0.0,0.0
777,L777_1083,27193.79,24.0,85.0,1.0,15.0
777,L777_1084,46550.44,36.0,192.0,0.0,0.0
777,L777_1085,31187.72,6.0,714.0,0.0,0.0
778,L778_1086,46950.37,36.0,997.0,0.0,0.0
778,L778_1087,104211.7,6.0,891.0,0.0,0.0
780,L780_1088,41728.47,12.0,1074.0,1.0,3.0
782,L782_1089,36714.41,18.0,147.0,0.0,0.0
782,L782_1090,38816.82,18.0,174.0,0.0,0.0
782,L782_1091,97043.21,36.0,460.0,0.0,0.0
783,L783_1092,55545.74,9.0,1108.0,0.0,0.0
783,L783_1093,57227.66,24.0,1440.0,0.0,0.0
784,L784_1094,93521.99,18.0,40.0,0.0,0.0
785,L785_1095,130397.36,24.0,894.0,1.0,1.0
785,L785_1096,56795.05,6.0,1316.0,0.0,0.0
788,L788_1097,51121.37,18.0,1453.0,0.0,0.0
788,L788_1098,23356.51,6.0,1557.0,0.0,0.0
788,L788_1099,81238.88,12.0,,0.0,0.0
788,L788_1100,17714.28,3.0,1047.0,0.0,0.0
789,L789_1101,57619.73,,1302.0,1.0,15.0
790,L790_1102,29882.25,36.0,1272.0,0.0,0.0
791,L791_1103,72248.9,9.0,1208.0,0.0,0.0
792,L792_1104,39609.58,9.0,681.0,0.0,0.0
793,L793_1105,47622.02,36.0,191.0,1.0,3.0
793,L793_1106,22875.88,12.0,393.0,1.0,3.0
793,L793_1107,28734.46,,1343.0,0.0,0.0
794,L794_1108,60134.0,36.0,470.0,1.0,15.0
794,L794_1109,,6.0,413.0,0.0,0.0
794,L794_1110,40194.29,18.0,159.0,0.0,0.0
795,L795_1111,43372.87,9.0,1548.0,0.0,0.0
795,L795_1112,52615.22,36.0,1404.0,0.0,
796,L796_1113,32926.84,9.0,1407.0,0.0,0.0
797,L797_1114,64379.81,36.0,533.0,0.0,0.0
797,L797_1115,60440.35,12.0,164.0,0.0,0.0
797,L797_1116,37642.71,18.0,820.0,0.0,0.0
798,L798_1117,40894.55,12.0,665.0,0.0,0.0
798,L798_1118,126716.48,6.0,711.0,0.0,0.0
800,L800_1119,63978.62,24.0,735.0,1.0,1.0
801,L801_1120,65745.98,9.0,1397.0,0.0,0.0
801,L801_1121,57569.23,3.0,545.0,0.0,0.0
802,L802_1122,70649.54,12.0,1131.0,0.0,0.0
802,L802_1123,22595.05,3.0,307.0,1.0,15.0
803,L803_1124,98742.75,36.0,1146.0,0.0,0.0
805,L805_1125,36476.95,3.0,27.0,1.0,7.0
805,L805_1126,42102.44,6.0,816.0,0.0,0.0
805,L805_1127,129598.02,18.0,1537.0,0.0,0.0
807,L807_1128,46517.11,18.0,1080.0,0.0,0.0
807,L807_1129,59706.98,24.0,1351.0,0.0,0.0
810,L810_1130,67754.99,6.0,1334.0,1.0,3.0
811,L811_1131,58660.94,6.0,539.0,0.0,0.0
812,L812_1132,34617.14,24.0,539.0,0.0,0.0
813,L813_1133,49490.34,36.0,889.0,1.0,1.0
814,L814_1134,45328.11,24.0,,0.0,0.0
814,L814_1135,62699.29,9.0,203.0,1.0,15.0
816,L816_1136,52267.2,12.0,953.0,,0.0
817,L817_1137,42273.95,36.0,185.0,1.0,3.0
820,L820_1138,109357.83,3.0,981.0,0.0,0.0
820,L820_1139,45899.9,12.0,672.0,0.0,0.0
822,L822_1140,35450.67,9.0,568.0,0.0,0.0
822,L822_1141,101831.2,12.0,,0.0,0.0
823,L823_1142,75962.74,9.0,125.0,0.0,0.0
823,L823_1143,31485.67,3.0,1301.0,0.0,0.0
827,L827_1144,25940.39,24.0,1053.0,0.0,0.0
827,L827_1145,133129.47,24.0,923.0,0.0,
827,L827_1146,101405.55,9.0,614.0,1.0,30.0
829,L829_1147,34953.33,36.0,1048.0,0.0,0.0
829,L829_1148,59605.39,3.0,1583.0,0.0,0.0
830,L830_1149,80232.55,9.0,918.0,0.0,0.0
830,L830_1150,45304.76,24.0,1298.0,0.0,0.0
831,L831_1151,38105.95,,602.0,0.0,0.0
832,L832_1152,37000.76,24.0,802.0,0.0,0.0
833,L833_1153,23459.19,12.0,662.0,0.0,0.0
833,L833_1154,102901.08,9.0,529.0,1.0,7.0
834,L834_1155,116806.12,18.0,1087.0,0.0,0.0
834,L834_1156,37539.31,24.0,622.0,0.0,0.0
835,L835_1157,24046.49,18.0,518.0,0.0,0.0
836,L836_1158,41385.55,6.0,498.0,1.0,3.0
836,L836_1159,32540.31,18.0,960.0,1.0,1.0
837,L837_1160,13925.29,12.0,254.0,0.0,0.0
837,L837_1161,128536.37,,,1.0,15.0
837,L837_1162,45988.59,36.0,1237.0,0.0,0.0
838,L838_1163,72608.78,9.0,1267.0,0.0,0.0
838,L838_1164,,12.0,1342.0,0.0,0.0
839,L839_1165,37333.15,24.0,592.0,0.0,0.0
839,L839_1166,50703.47,3.0,1216.0,0.0,0.0
839,L839_1167,34566.12,12.0,464.0,0.0,0.0
841,L841_1168,82125.56,36.0,1139.0,0.0,0.0
841,L841_1169,48781.65,6.0,1106.0,0.0,0.0
841,L841_1170,19263.11,6.0,158.0,0.0,0.0
842,L842_1171,44935.13,3.0,1253.0,0.0,0.0
844,L844_1172,35532.5,9.0,696.0,0.0,0.0
845,L845_1173,43486.94,3.0,1002.0,1.0,7.0
845,L845_1174,34561.84,36.0,1014.0,0.0,0.0
847,L847_1175,41468.08,36.0,1041.0,0.0,0.0
847,L847_1176,,3.0,401.0,1.0,7.0
849,L849_1177,61457.01,12.0,290.0,0.0,0.0
850,L850_1178,59835.88,18.0,257.0,0.0,0.0
851,L851_1179,43674.83,18.0,304.0,0.0,0.0
851,L851_1180,74088.54,24.0,449.0,0.0,0.0
851,L851_1181,48827.15,9.0,1063.0,0.0,0.0
851,L851_1182,24984.8,24.0,290.0,1.0,3.0
852,L852_1183,38331.35,18.0,196.0,1.0,7.0
853,L853_1184,38599.71,18.0,774.0,0.0,0.0
853,L853_1185,45928.67,3.0,1496.0,0.0,0.0
853,L853_1186,23943.33,18.0,259.0,0.0,0.0
854,L854_1187,51445.52,36.0,355.0,0.0,0.0
854,L854_1188,132008.83,3.0,34.0,0.0,0.0
856,L856_1189,72143.7,36.0,1044.0,1.0,7.0
856,L856_1190,27114.08,3.0,1575.0,0.0,0.0
857,L857_1191,66423.95,9.0,1475.0,0.0,0.0
857,L857_1192,28541.35,6.0,,0.0,0.0
857,L857_1193,48637.4,24.0,,0.0,0.0
858,L858_1194,41891.55,12.0,1369.0,0.0,0.0
859,L859_1195,20509.13,36.0,1480.0,0.0,0.0
859,L859_1196,73462.67,9.0,204.0,,0.0
859,L859_1197,67220.44,9.0,1199.0,0.0,0.0
859,L859_1198,44686.63,24.0,707.0,0.0,0.0
860,L860_1199,71533.91,6.0,1150.0,0.0,0.0
860,L860_1200,85086.07,9.0,,0.0,0.0
861,L861_1201,111076.55,12.0,1186.0,0.0,0.0
862,L862_1202,48148.1,24.0,735.0,0.0,0.0
863,L863_1203,23102.33,18.0,1080.0,0.0,0.0
864,L864_1204,130670.48,18.0,1132.0,0.0,0.0
864,L864_1205,52429.15,36.0,949.0,0.0,0.0
867,L867_1206,48402.44,24.0,1011.0,0.0,0.0
868,L868_1207,111545.88,12.0,1378.0,0.0,0.0
869,L869_1208,99927.55,18.0,1141.0,0.0,0.0
870,L870_1209,30445.95,9.0,1459.0,1.0,60.0
871,L871_1210,27601.65,24.0,455.0,0.0,0.0
871,L871_1211,41662.95,3.0,57.0,1.0,60.0
873,L873_1212,23711.18,9.0,579.0,0.0,0.0
873,L873_1213,53894.07,3.0,856.0,0.0,0.0
873,L873_1214,50903.79,12.0,1328.0,0.0,0.0
874,L874_1215,59860.55,,163.0,1.0,7.0
874,L874_1216,46889.2,18.0,1325.0,0.0,0.0
875,L875_1217,43107.83,6.0,1223.0,1.0,7.0
875,L875_1218,27756.52,18.0,1177.0,0.0,0.0
877,L877_1219,62547.48,24.0,169.0,0.0,0.0
877,L877_1220,53227.71,3.0,285.0,1.0,15.0
877,L877_1221,32431.95,3.0,1416.0,0.0,0.0
877,L877_1222,33146.55,36.0,476.0,0.0,0.0
878,L878_1223,27509.86,3.0,394.0,0.0,0.0
878,L878_1224,55814.88,18.0,1083.0,0.0,
878,L878_1225,116190.71,6.0,627.0,0.0,
879,L879_1226,113673.72,9.0,884.0,0.0,
880,L880_1227,32715.31,12.0,1338.0,0.0,0.0
881,L881_1228,18127.52,3.0,,0.0,0.0
881,L881_1229,22792.28,18.0,1397.0,0.0,
882,L882_1230,52784.26,24.0,830.0,0.0,0.0
882,L882_1231,22396.62,9.0,223.0,1.0,1.0
882,L882_1232,20080.2,24.0,1486.0,0.0,0.0
882,L882_1233,42664.1,6.0,650.0,0.0,0.0
883,L883_1234,54932.51,36.0,1079.0,0.0,0.0
883,L883_1235,181531.37,3.0,386.0,0.0,0.0
885,L885_1236,44264.04,24.0,1469.0,0.0,0.0
885,L885_1237,68431.21,36.0,547.0,0.0,0.0
885,L885_1238,78402.35,3.0,715.0,0.0,0.0
885,L885_1239,29986.26,12.0,230.0,0.0,0.0
885,L885_1240,79367.84,12.0,170.0,0.0,0.0
885,L885_1241,50707.02,12.0,196.0,0.0,0.0
885,L885_1242,35509.96,18.0,723.0,0.0,0.0
886,L886_1243,54152.99,9.0,1171.0,0.0,0.0
887,L887_1244,43536.27,24.0,1103.0,0.0,0.0
887,L887_1245,63276.97,6.0,1231.0,0.0,0.0
887,L887_1246,46280.32,3.0,1075.0,0.0,
889,L889_1247,83211.96,6.0,1230.0,0.0,0.0
891,L891_1248,82562.06,6.0,717.0,0.0,0.0
892,L892_1249,104470.82,24.0,1353.0,1.0,1.0
892,L892_1250,34266.55,3.0,354.0,0.0,0.0
892,L892_1251,96972.8,9.0,610.0,1.0,3.0
892,L892_1252,83527.81,6.0,1043.0,0.0,0.0
893,L893_1253,32489.55,24.0,940.0,0.0,0.0
893,L893_1254,68362.37,36.0,199.0,0.0,0.0
893,L893_1255,49377.98,24.0,321.0,0.0,0.0
893,L893_1256,24680.12,36.0,,0.0,0.0
893,L893_1257,18282.23,24.0,462.0,0.0,0.0
893,L893_1258,123352.21,3.0,986.0,0.0,0.0
894,L894_1259,77132.23,24.0,921.0,0.0,0.0
895,L895_1260,68517.62,36.0,380.0,0.0,0.0
895,L895_1261,68766.68,9.0,824.0,0.0,0.0
898,L898_1262,45562.87,6.0,671.0,1.0,7.0
899,L899_1263,61084.4,6.0,,1.0,15.0
899,L899_1264,52479.36,24.0,238.0,0.0,0.0
899,L899_1265,40677.74,3.0,300.0,0.0,0.0
899,L899_1266,39122.49,36.0,1060.0,0.0,0.0
899,L899_1267,35551.74,24.0,1126.0,0.0,0.0
899,L899_1268,18864.82,24.0,802.0,0.0,0.0
900,L900_1269,76527.67,12.0,1151.0,0.0,0.0
901,L901_1270,75646.7,12.0,1013.0,1.0,15.0
901,L901_1271,27519.01,12.0,1417.0,0.0,0.0
901,L901_1272,42156.12,12.0,1488.0,0.0,0.0
902,L902_1273,37402.28,12.0,468.0,0.0,0.0
902,L902_1274,22264.79,9.0,152.0,0.0,0.0
903,L903_1275,74186.87,3.0,998.0,0.0,0.0
903,L903_1276,74675.01,6.0,1516.0,0.0,0.0
903,L903_1277,68215.47,24.0,1338.0,0.0,0.0
904,L904_1278,9342.61,6.0,1254.0,0.0,0.0
906,L906_1279,30546.95,9.0,1135.0,0.0,0.0
907,L907_1280,67996.26,9.0,849.0,0.0,0.0
908,L908_1281,64305.94,3.0,366.0,0.0,0.0
908,L908_1282,40811.52,18.0,240.0,0.0,0.0
909,L909_1283,26197.16,3.0,345.0,0.0,0.0
910,L910_1284,97629.72,36.0,440.0,0.0,0.0
910,L910_1285,49267.27,18.0,,0.0,0.0
911,L911_1286,28079.42,3.0,752.0,,0.0
912,L912_1287,45833.38,24.0,1562.0,1.0,7.0
913,L913_1288,39926.63,9.0,750.0,0.0,0.0
913,L913_1289,35758.97,9.0,1468.0,0.0,0.0
914,L914_1290,95328.65,6.0,1031.0,0.0,0.0
915,L915_1291,50150.5,18.0,741.0,0.0,0.0
915,L915_1292,20917.47,18.0,745.0,0.0,0.0
916,L916_1293,36061.19,,,1.0,15.0
916,L916_1294,18080.12,24.0,,0.0,0.0
917,L917_1295,41824.08,6.0,1176.0,1.0,30.0
919,L919_1296,56413.29,,1490.0,0.0,0.0
919,L919_1297,71410.3,24.0,1253.0,0.0,0.0
919,L919_1298,68961.69,12.0,756.0,0.0,0.0
919,L919_1299,30414.11,36.0,1102.0,0.0,0.0
920,L920_1300,31750.11,18.0,257.0,0.0,0.0
921,L921_1301,119636.01,18.0,1172.0,0.0,0.0
921,L921_1302,49546.24,6.0,749.0,0.0,0.0
921,L921_1303,39490.01,6.0,491.0,1.0,15.0
921,L921_1304,38268.23,6.0,950.0,,0.0
921,L921_1305,43185.44,9.0,283.0,0.0,0.0
922,L922_1306,218675.88,24.0,1278.0,0.0,0.0
923,L923_1307,60081.03,9.0,1175.0,0.0,0.0
923,L923_1308,38406.54,3.0,709.0,0.0,0.0
924,L924_1309,41643.54,24.0,715.0,0.0,0.0
925,L925_1310,36694.94,6.0,1003.0,0.0,0.0
925,L925_1311,68694.62,18.0,1474.0,0.0,0.0
926,L926_1312,172069.69,,1194.0,0.0,0.0
926,L926_1313,76624.68,3.0,172.0,1.0,3.0
927,L927_1314,87761.91,24.0,418.0,0.0,0.0
927,L927_1315,56732.8,9.0,768.0,1.0,3.0
927,L927_1316,98342.17,9.0,746.0,1.0,3.0
928,L928_1317,27961.39,18.0,925.0,0.0,0.0
928,L928_1318,214146.85,6.0,1238.0,0.0,0.0
928,L928_1319,17515.26,9.0,1318.0,0.0,0.0
929,L929_1320,31739.34,6.0,1066.0,1.0,7.0
930,L930_1321,31342.6,18.0,600.0,0.0,0.0
931,L931_1322,23608.1,6.0,674.0,1.0,3.0
932,L932_1323,43267.39,36.0,624.0,1.0,1.0
933,L933_1324,58070.73,3.0,1580.0,,0.0
934,L934_1325,71847.07,3.0,632.0,0.0,0.0
934,L934_1326,,3.0,478.0,0.0,0.0
935,L935_1327,118941.48,24.0,307.0,1.0,3.0
935,L935_1328,46576.43,12.0,1153.0,0.0,0.0
935,L935_1329,46228.2,36.0,535.0,0.0,0.0
935,L935_1330,43078.15,18.0,221.0,0.0,0.0
935,L935_1331,62032.77,24.0,1563.0,0.0,0.0
936,L936_1332,55543.54,18.0,176.0,0.0,0.0
938,L938_1333,60113.27,18.0,1008.0,1.0,3.0
938,L938_1334,90334.52,9.0,123.0,0.0,0.0
938,L938_1335,40372.41,9.0,350.0,0.0,0.0
939,L939_1336,18831.83,3.0,1455.0,0.0,0.0
940,L940_1337,16748.53,12.0,1057.0,0.0,0.0
941,L941_1338,53412.85,24.0,926.0,1.0,7.0
941,L941_1339,26260.71,3.0,436.0,0.0,0.0
941,L941_1340,56825.36,3.0,1305.0,1.0,60.0
942,L942_1341,110801.59,,209.0,0.0,0.0
943,L943_1342,57936.14,12.0,161.0,1.0,1.0
943,L943_1343,87889.49,36.0,836.0,0.0,0.0
944,L944_1344,114084.5,9.0,242.0,0.0,0.0
944,L944_1345,113410.87,9.0,1482.0,1.0,30.0
945,L945_1346,46065.99,,904.0,1.0,3.0
945,L945_1347,34680.98,36.0,56.0,0.0,0.0
945,L945_1348,33069.24,9.0,1111.0,0.0,0.0
947,L947_1349,66704.3,9.0,460.0,1.0,7.0
949,L949_1350,68727.74,18.0,236.0,0.0,0.0
950,L950_1351,22309.92,9.0,271.0,1.0,15.0
951,L951_1352,24461.33,36.0,941.0,0.0,0.0
951,L951_1353,,18.0,841.0,0.0,0.0
951,L951_1354,30154.24,18.0,867.0,0.0,0.0
954,L954_1355,13651.51,,867.0,0.0,0.0
954,L954_1356,41205.59,18.0,1025.0,1.0,60.0
954,L954_1357,75322.62,12.0,166.0,1.0,60.0
954,L954_1358,28332.71,18.0,1049.0,,0.0
955,L955_1359,36487.46,3.0,1458.0,,0.0
955,L955_1360,37947.62,36.0,767.0,0.0,0.0
955,L955_1361,46080.0,24.0,733.0,0.0,0.0
955,L955_1362,34907.86,3.0,793.0,0.0,
956,L956_1363,104856.23,36.0,1402.0,1.0,7.0
957,L957_1364,22670.07,36.0,288.0,1.0,3.0
957,L957_1365,71557.12,9.0,66.0,0.0,0.0
957,L957_1366,37988.71,3.0,137.0,,15.0
958,L958_1367,90628.45,6.0,1120.0,0.0,0.0
958,L958_1368,23861.31,12.0,417.0,1.0,15.0
959,L959_1369,97951.72,18.0,346.0,0.0,0.0
959,L959_1370,120367.76,6.0,1241.0,0.0,0.0
959,L959_1371,35924.08,3.0,871.0,0.0,0.0
959,L959_1372,50500.81,36.0,525.0,0.0,0.0
961,L961_1373,45914.27,24.0,644.0,0.0,0.0
963,L963_1374,34964.41,18.0,701.0,0.0,0.0
963,L963_1375,72257.41,18.0,105.0,0.0,0.0
963,L963_1376,22756.27,9.0,1278.0,0.0,0.0
964,L964_1377,51962.7,12.0,151.0,0.0,0.0
965,L965_1378,54614.04,24.0,309.0,0.0,0.0
965,L965_1379,75178.77,12.0,1066.0,0.0,0.0
965,L965_1380,42103.67,12.0,671.0,1.0,30.0
965,L965_1381,72646.1,24.0,349.0,0.0,0.0
967,L967_1382,53959.63,36.0,763.0,0.0,0.0
968,L968_1383,35075.05,3.0,234.0,1.0,90.0
969,L969_1384,52408.94,36.0,207.0,0.0,0.0
969,L969_1385,30495.04,,937.0,0.0,0.0
970,L970_1386,94440.42,18.0,1379.0,0.0,0.0
972,L972_1387,83063.61,3.0,57.0,1.0,7.0
974,L974_1388,16580.54,3.0,1475.0,1.0,7.0
975,L975_1389,84430.58,3.0,195.0,0.0,0.0
975,L975_1390,12929.28,12.0,1441.0,0.0,0.0
975,L975_1391,57481.03,18.0,317.0,0.0,
976,L976_1392,116336.97,3.0,1216.0,0.0,0.0
976,L976_1393,46614.15,18.0,932.0,1.0,60.0
977,L977_1394,30654.71,3.0,167.0,0.0,0.0
977,L977_1395,58498.9,12.0,225.0,1.0,3.0
977,L977_1396,36220.34,3.0,758.0,0.0,0.0
978,L978_1397,92751.67,,1036.0,0.0,0.0
979,L979_1398,16782.93,6.0,1195.0,0.0,0.0
979,L979_1399,18171.3,3.0,1263.0,0.0,0.0
980,L980_1400,59652.72,24.0,704.0,0.0,0.0
980,L980_1401,29570.76,9.0,277.0,0.0,0.0
981,L981_1402,,12.0,46.0,0.0,0.0
981,L981_1403,43018.58,18.0,1305.0,0.0,0.0
982,L982_1404,180976.35,12.0,612.0,1.0,90.0
982,L982_1405,33591.64,3.0,1278.0,0.0,0.0
983,L983_1406,41124.86,24.0,966.0,0.0,0.0
983,L983_1407,107127.88,,1298.0,0.0,0.0
983,L983_1408,28143.35,6.0,1563.0,1.0,15.0
983,L983_1409,45860.96,,1250.0,1.0,15.0
984,L984_1410,31994.12,12.0,732.0,0.0,0.0
984,L984_1411,21839.3,3.0,334.0,0.0,0.0
984,L984_1412,107726.43,3.0,317.0,0.0,0.0
985,L985_1413,33101.25,36.0,1009.0,0.0,0.0
985,L985_1414,41681.77,18.0,1147.0,0.0,
985,L985_1415,20967.6,9.0,233.0,0.0,0.0
985,L985_1416,23287.96,12.0,242.0,0.0,0.0
985,L985_1417,63616.34,18.0,1286.0,0.0,0.0
986,L986_1418,48052.49,6.0,,0.0,0.0
986,L986_1419,57075.65,9.0,,0.0,0.0
987,L987_1420,34228.88,9.0,1256.0,0.0,0.0
988,L988_1421,30895.41,18.0,949.0,1.0,60.0
988,L988_1422,14360.5,6.0,75.0,1.0,3.0
991,L991_1423,73200.4,12.0,779.0,1.0,3.0
992,L992_1424,109454.58,18.0,56.0,0.0,0.0
992,L992_1425,67800.84,6.0,227.0,0.0,0.0
993,L993_1426,20389.91,24.0,1460.0,0.0,0.0
993,L993_1427,61221.91,36.0,1210.0,0.0,0.0
993,L993_1428,65436.87,24.0,843.0,0.0,0.0
993,L993_1429,44293.86,18.0,1067.0,0.0,0.0
994,L994_1430,59742.11,36.0,1351.0,0.0,0.0
995,L995_1431,90109.85,24.0,,0.0,0.0
996,L996_1432,18646.31,9.0,449.0,0.0,0.0
996,L996_1433,159372.09,9.0,332.0,0.0,0.0
996,L996_1434,55186.33,12.0,399.0,0.0,0.0
998,L998_1435,94756.63,24.0,288.0,0.0,0.0
999,L999_1436,46495.84,6.0,333.0,0.0,0.0
1000,L1000_1437,,18.0,1257.0,0.0,0.0
1000,L1000_1438,53105.89,24.0,979.0,0.0,0.0
1000,L1000_1439,40181.17,24.0,912.0,1.0,30.0
1001,L1001_1440,60338.85,36.0,1538.0,0.0,0.0
1001,L1001_1441,18910.9,6.0,39.0,1.0,1.0
1001,L1001_1442,,12.0,727.0,0.0,0.0
1002,L1002_1443,76477.42,9.0,645.0,1.0,60.0
1002,L1002_1444,18269.18,36.0,492.0,0.0,0.0
1003,L1003_1445,38855.73,24.0,1307.0,0.0,0.0
1003,L1003_1446,36509.72,3.0,1509.0,0.0,0.0
1003,L1003_1447,66778.09,9.0,514.0,0.0,
1004,L1004_1448,68897.32,36.0,580.0,0.0,0.0
1007,L1007_1449,43059.02,3.0,1542.0,0.0,0.0
1007,L1007_1450,28147.17,18.0,340.0,0.0,0.0
1009,L1009_1451,22205.94,18.0,158.0,0.0,0.0
1010,L1010_1452,46003.03,,452.0,0.0,0.0
1011,L1011_1453,54987.73,6.0,1045.0,0.0,0.0
1012,L1012_1454,21711.26,12.0,824.0,0.0,0.0
1012,L1012_1455,48198.34,3.0,897.0,0.0,0.0
1012,L1012_1456,63876.36,6.0,692.0,0.0,0.0
1012,L1012_1457,16543.22,18.0,233.0,0.0,
1013,L1013_1458,37327.41,9.0,1063.0,0.0,0.0
1014,L1014_1459,51744.15,12.0,978.0,0.0,0.0
1014,L1014_1460,64273.97,6.0,907.0,1.0,15.0
1016,L1016_1461,25439.58,24.0,1258.0,0.0,0.0
1017,L1017_1462,46635.19,12.0,386.0,1.0,3.0
1018,L1018_1463,85192.15,9.0,1196.0,0.0,0.0
1020,L1020_1464,29525.9,3.0,702.0,0.0,0.0
1021,L1021_1465,70592.54,3.0,605.0,1.0,15.0
1023,L1023_1466,55793.67,9.0,1507.0,0.0,0.0
1023,L1023_1467,48778.73,36.0,1461.0,0.0,0.0
1023,L1023_1468,67489.3,18.0,283.0,0.0,0.0
1023,L1023_1469,26014.72,3.0,1472.0,0.0,0.0
1024,L1024_1470,121427.49,18.0,863.0,0.0,0.0
1025,L1025_1471,51720.68,,263.0,0.0,0.0
1026,L1026_1472,45800.39,3.0,1022.0,0.0,0.0
1026,L1026_1473,30089.52,,338.0,0.0,0.0
1028,L1028_1474,14619.49,24.0,386.0,1.0,3.0
1028,L1028_1475,27800.4,18.0,690.0,0.0,0.0
1029,L1029_1476,29295.31,12.0,435.0,1.0,7.0
1029,L1029_1477,38061.46,6.0,1407.0,0.0,0.0
1029,L1029_1478,21183.16,24.0,275.0,0.0,0.0
1032,L1032_1479,74894.93,24.0,1328.0,1.0,7.0
1035,L1035_1480,77594.94,24.0,,0.0,
1036,L1036_1481,68054.08,9.0,681.0,1.0,3.0
1036,L1036_1482,49749.74,24.0,274.0,0.0,0.0
1037,L1037_1483,89028.49,36.0,937.0,0.0,0.0
1038,L1038_1484,25663.03,36.0,1230.0,0.0,0.0
1039,L1039_1485,86252.2,,1164.0,1.0,30.0
1039,L1039_1486,49114.72,18.0,95.0,1.0,15.0
1039,L1039_1487,181495.94,18.0,53.0,1.0,1.0
1040,L1040_1488,35353.75,18.0,971.0,0.0,0.0
1040,L1040_1489,43058.9,18.0,,0.0,0.0
1045,L1045_1490,54626.56,3.0,1409.0,0.0,0.0
1046,L1046_1491,53863.01,6.0,582.0,0.0,0.0
1047,L1047_1492,46027.11,18.0,1457.0,0.0,0.0
1047,L1047_1493,63516.43,9.0,1306.0,0.0,0.0
1047,L1047_1494,85454.37,18.0,1416.0,0.0,0.0
1048,L1048_1495,37641.48,12.0,1532.0,0.0,0.0
1049,L1049_1496,33327.91,18.0,1247.0,1.0,15.0
1049,L1049_1497,42986.91,9.0,1079.0,0.0,0.0
1050,L1050_1498,35916.93,,110.0,0.0,0.0
1050,L1050_1499,88100.35,18.0,,0.0,0.0
1051,L1051_1500,31662.86,3.0,826.0,0.0,0.0
1052,L1052_1501,72488.08,12.0,1252.0,0.0,0.0
1053,L1053_1502,49382.22,3.0,,1.0,7.0
1053,L1053_1503,16617.04,,1402.0,0.0,0.0
1053,L1053_1504,87948.38,6.0,1537.0,0.0,0.0
1055,L1055_1505,86201.33,9.0,952.0,0.0,0.0
1057,L1057_1506,36384.01,9.0,930.0,0.0,0.0
1057,L1057_1507,59001.47,12.0,574.0,1.0,30.0
1058,L1058_1508,31116.06,18.0,420.0,0.0,0.0
1059,L1059_1509,29427.69,24.0,559.0,1.0,7.0
1060,L1060_1510,34212.46,24.0,700.0,1.0,7.0
1060,L1060_1511,54497.47,12.0,1008.0,0.0,0.0
1061,L1061_1512,63873.91,24.0,1124.0,1.0,30.0
1062,L1062_1513,31823.1,6.0,1081.0,0.0,0.0
1062,L1062_1514,104212.06,3.0,657.0,0.0,0.0
1062,L1062_1515,26533.81,36.0,739.0,0.0,0.0
1063,L1063_1516,40323.92,6.0,1290.0,0.0,0.0
1063,L1063_1517,46514.97,9.0,128.0,0.0,0.0
1065,L1065_1518,42641.14,36.0,593.0,0.0,0.0
1066,L1066_1519,92252.9,12.0,1018.0,0.0,0.0
1066,L1066_1520,48976.47,9.0,1550.0,1.0,7.0
1067,L1067_1521,55161.69,12.0,313.0,0.0,0.0
1067,L1067_1522,35670.62,18.0,1419.0,0.0,0.0
1067,L1067_1523,27602.47,9.0,1382.0,0.0,0.0
1068,L1068_1524,15347.0,24.0,1484.0,0.0,0.0
1068,L1068_1525,42654.9,24.0,117.0,0.0,0.0
1069,L1069_1526,60196.04,6.0,1383.0,0.0,0.0
1069,L1069_1527,93600.25,24.0,1175.0,0.0,0.0
1069,L1069_1528,64056.36,6.0,509.0,0.0,0.0
1070,L1070_1529,38534.69,3.0,1539.0,0.0,0.0
1070,L1070_1530,98501.65,,730.0,1.0,15.0
1071,L1071_1531,150703.9,24.0,59.0,0.0,0.0
1072,L1072_1532,13871.29,36.0,815.0,0.0,0.0
1073,L1073_1533,107192.21,9.0,158.0,0.0,0.0
1073,L1073_1534,45615.01,36.0,1509.0,0.0,0.0
1074,L1074_1535,62341.53,9.0,554.0,1.0,7.0
1075,L1075_1536,43908.39,9.0,832.0,0.0,0.0
1075,L1075_1537,97455.17,9.0,437.0,0.0,0.0
1075,L1075_1538,72996.61,24.0,1349.0,1.0,60.0
1076,L1076_1539,56013.12,6.0,286.0,0.0,0.0
1076,L1076_1540,93193.25,36.0,1200.0,0.0,0.0
1077,L1077_1541,49692.43,24.0,133.0,0.0,0.0
1078,L1078_1542,76865.07,12.0,598.0,0.0,0.0
1078,L1078_1543,19917.44,6.0,373.0,0.0,0.0
1079,L1079_1544,,9.0,343.0,0.0,0.0
1079,L1079_1545,38851.53,12.0,68.0,0.0,0.0
1080,L1080_1546,262981.1,24.0,68.0,0.0,0.0
1080,L1080_1547,28294.68,3.0,1539.0,0.0,0.0
1080,L1080_1548,35659.28,6.0,157.0,0.0,0.0
1081,L1081_1549,28701.16,24.0,1165.0,0.0,0.0
1082,L1082_1550,41240.27,36.0,981.0,0.0,0.0
1083,L1083_1551,46787.05,12.0,472.0,0.0,
1084,L1084_1552,73900.55,18.0,1376.0,1.0,3.0
1085,L1085_1553,68992.03,6.0,1040.0,0.0,0.0
1085,L1085_1554,37899.54,24.0,426.0,0.0,0.0
1085,L1085_1555,,18.0,91.0,0.0,0.0
1087,L1087_1556,97079.15,18.0,,1.0,30.0
1087,L1087_1557,,,233.0,0.0,0.0
1089,L1089_1558,47346.3,18.0,558.0,0.0,0.0
1090,L1090_1559,31525.28,18.0,1226.0,0.0,0.0
1090,L1090_1560,76310.37,12.0,1414.0,0.0,0.0
1092,L1092_1561,52318.73,6.0,,1.0,7.0
1093,L1093_1562,56329.88,9.0,169.0,1.0,1.0
1094,L1094_1563,71676.82,6.0,1126.0,0.0,0.0
1095,L1095_1564,13406.7,6.0,764.0,0.0,0.0
1095,L1095_1565,25302.64,,1310.0,0.0,0.0
1095,L1095_1566,47823.22,24.0,1251.0,0.0,0.0
1097,L1097_1567,121616.86,12.0,372.0,0.0,0.0
1098,L1098_1568,14159.27,18.0,1374.0,0.0,0.0
1098,L1098_1569,115701.17,9.0,751.0,0.0,0.0
1098,L1098_1570,30666.06,3.0,983.0,0.0,0.0
1098,L1098_1571,54151.77,12.0,1188.0,0.0,0.0
1099,L1099_1572,98213.15,6.0,957.0,1.0,15.0
1100,L1100_1573,102840.41,6.0,,0.0,0.0
1101,L1101_1574,263562.08,6.0,1047.0,0.0,0.0
1103,L1103_1575,32651.33,6.0,1566.0,1.0,1.0
1104,L1104_1576,85157.68,24.0,1541.0,0.0,0.0
1106,L1106_1577,37766.02,9.0,388.0,0.0,0.0
1106,L1106_1578,18397.67,,1487.0,1.0,7.0
1106,L1106_1579,100519.2,24.0,1323.0,0.0,0.0
1106,L1106_1580,28907.1,9.0,1358.0,0.0,0.0
1109,L1109_1581,68668.95,24.0,188.0,0.0,0.0
1109,L1109_1582,26935.55,18.0,605.0,0.0,0.0
1110,L1110_1583,40083.58,9.0,1128.0,1.0,3.0
1111,L1111_1584,29003.7,,1276.0,0.0,0.0
1111,L1111_1585,85334.98,6.0,1504.0,1.0,60.0
1111,L1111_1586,30034.52,36.0,867.0,0.0,0.0
1112,L1112_1587,139193.04,6.0,1135.0,0.0,0.0
1113,L1113_1588,37572.05,6.0,642.0,0.0,0.0
1114,L1114_1589,73493.79,12.0,724.0,0.0,
1117,L1117_1590,36318.39,9.0,1559.0,0.0,0.0
1117,L1117_1591,31820.43,,1436.0,0.0,0.0
1118,L1118_1592,198472.99,9.0,855.0,0.0,0.0
1119,L1119_1593,32194.92,,1595.0,,0.0
1119,L1119_1594,31868.9,3.0,180.0,0.0,
1120,L1120_1595,111375.86,36.0,1137.0,0.0,0.0
1120,L1120_1596,185755.26,9.0,168.0,0.0,0.0
1121,L1121_1597,81903.4,3.0,,0.0,0.0
1122,L1122_1598,72464.37,,584.0,0.0,0.0
1122,L1122_1599,52412.58,24.0,358.0,0.0,0.0
1122,L1122_1600,75344.92,12.0,1346.0,0.0,0.0
1125,L1125_1601,49004.58,24.0,955.0,0.0,0.0
1125,L1125_1602,63743.19,18.0,1485.0,0.0,0.0
1125,L1125_1603,85618.35,6.0,1052.0,,3.0
1125,L1125_1604,79841.79,3.0,838.0,0.0,0.0
1126,L1126_1605,72981.22,36.0,1033.0,0.0,0.0
1127,L1127_1606,85864.32,36.0,90.0,0.0,0.0
1128,L1128_1607,20950.26,12.0,,1.0,3.0
1128,L1128_1608,38466.46,24.0,99.0,0.0,0.0
1129,L1129_1609,110294.72,3.0,1071.0,0.0,0.0
1133,L1133_1610,21760.38,18.0,,0.0,0.0
1134,L1134_1611,26605.54,18.0,1186.0,0.0,0.0
1134,L1134_1612,66176.25,24.0,1471.0,0.0,0.0
1134,L1134_1613,122475.05,24.0,776.0,0.0,0.0
1134,L1134_1614,46106.11,6.0,748.0,0.0,0.0
1134,L1134_1615,59439.32,9.0,217.0,1.0,30.0
1134,L1134_1616,29154.04,6.0,298.0,1.0,30.0
1135,L1135_1617,24924.6,,927.0,1.0,7.0
1135,L1135_1618,53941.92,12.0,758.0,0.0,0.0
1137,L1137_1619,40037.22,36.0,1170.0,0.0,0.0
1138,L1138_1620,47638.65,9.0,107.0,0.0,0.0
1139,L1139_1621,97973.66,18.0,796.0,0.0,0.0
1140,L1140_1622,45284.09,36.0,138.0,0.0,0.0
1140,L1140_1623,59741.64,3.0,,1.0,7.0
1140,L1140_1624,22382.24,12.0,1547.0,1.0,7.0
1143,L1143_1625,43128.28,6.0,140.0,0.0,0.0
1144,L1144_1626,12890.4,24.0,,1.0,15.0
1145,L1145_1627,36097.21,36.0,1178.0,0.0,0.0
1147,L1147_1628,122798.19,3.0,1144.0,0.0,0.0
1148,L1148_1629,81317.43,3.0,,0.0,0.0
1149,L1149_1630,15166.95,3.0,1502.0,0.0,0.0
1149,L1149_1631,30223.04,12.0,406.0,1.0,15.0
1150,L1150_1632,35315.39,6.0,96.0,0.0,0.0
1150,L1150_1633,30065.94,3.0,842.0,0.0,0.0
1151,L1151_1634,75870.13,6.0,370.0,0.0,0.0
1154,L1154_1635,56956.08,24.0,412.0,0.0,0.0
1155,L1155_1636,71511.57,24.0,1079.0,0.0,0.0
1155,L1155_1637,47538.22,24.0,1558.0,1.0,1.0
1156,L1156_1638,133908.75,6.0,155.0,0.0,0.0
1158,L1158_1639,25206.16,36.0,957.0,0.0,0.0
1158,L1158_1640,39383.33,12.0,737.0,0.0,0.0
1158,L1158_1641,28846.2,3.0,211.0,1.0,7.0
1160,L1160_1642,32637.2,24.0,903.0,0.0,0.0
1161,L1161_1643,29369.17,3.0,110.0,0.0,0.0
1162,L1162_1644,45043.56,18.0,599.0,0.0,0.0
1162,L1162_1645,87897.34,6.0,1056.0,0.0,0.0
1163,L1163_1646,20284.16,24.0,1235.0,0.0,0.0
1164,L1164_1647,37264.41,6.0,446.0,0.0,0.0
1164,L1164_1648,30566.54,12.0,890.0,0.0,0.0
1165,L1165_1649,51007.74,36.0,1475.0,0.0,0.0
1165,L1165_1650,41623.84,24.0,227.0,0.0,0.0
1167,L1167_1651,38292.62,18.0,629.0,0.0,
1167,L1167_1652,49317.14,6.0,567.0,0.0,0.0
1167,L1167_1653,28495.8,9.0,317.0,0.0,0.0
1169,L1169_1654,48199.49,12.0,137.0,0.0,0.0
1169,L1169_1655,39187.61,9.0,72.0,0.0,0.0
1170,L1170_1656,43531.88,12.0,1391.0,0.0,0.0
1171,L1171_1657,33344.14,3.0,64.0,0.0,0.0
1172,L1172_1658,30187.27,36.0,1138.0,0.0,0.0
1174,L1174_1659,42956.29,12.0,47.0,,0.0
1174,L1174_1660,26853.24,24.0,542.0,0.0,0.0
1176,L1176_1661,260067.59,12.0,1148.0,0.0,0.0
1178,L1178_1662,56100.33,6.0,1047.0,0.0,0.0
1178,L1178_1663,93510.06,3.0,300.0,0.0,0.0
1178,L1178_1664,42241.79,18.0,1071.0,0.0,
1179,L1179_1665,73162.59,6.0,,0.0,0.0
1180,L1180_1666,28462.86,9.0,395.0,,7.0
1181,L1181_1667,57656.97,36.0,754.0,0.0,0.0
1181,L1181_1668,31743.82,24.0,976.0,1.0,15.0
1181,L1181_1669,30327.12,6.0,517.0,0.0,0.0
1182,L1182_1670,39321.87,18.0,1111.0,0.0,0.0
1182,L1182_1671,38742.16,,597.0,0.0,
1182,L1182_1672,31594.33,,696.0,0.0,0.0
1182,L1182_1673,43179.32,3.0,419.0,0.0,0.0
1182,L1182_1674,86149.94,9.0,625.0,0.0,0.0
1183,L1183_1675,21826.05,18.0,1055.0,0.0,0.0
1184,L1184_1676,67028.29,6.0,1467.0,0.0,0.0
1185,L1185_1677,67622.55,9.0,362.0,0.0,0.0
1186,L1186_1678,48207.7,24.0,234.0,0.0,0.0
1189,L1189_1679,55212.87,6.0,819.0,1.0,1.0
1191,L1191_1680,56928.13,6.0,1083.0,0.0,0.0
1191,L1191_1681,40909.07,9.0,1143.0,1.0,60.0
1192,L1192_1682,54221.79,6.0,1061.0,0.0,0.0
1192,L1192_1683,42896.48,12.0,1334.0,0.0,0.0
1194,L1194_1684,45002.88,36.0,1203.0,0.0,0.0
1194,L1194_1685,84423.69,12.0,1318.0,0.0,0.0
1195,L1195_1686,56190.92,3.0,1345.0,0.0,0.0
1195,L1195_1687,56471.84,24.0,280.0,0.0,0.0
1196,L1196_1688,27473.26,12.0,359.0,1.0,3.0
1196,L1196_1689,34910.68,3.0,359.0,0.0,0.0
1196,L1196_1690,97873.7,12.0,105.0,1.0,3.0
1196,L1196_1691,42675.32,36.0,206.0,1.0,90.0
1197,L1197_1692,23883.23,9.0,440.0,0.0,0.0
1197,L1197_1693,48561.96,6.0,569.0,0.0,0.0
1197,L1197_1694,,,355.0,0.0,0.0
1198,L1198_1695,38758.98,12.0,855.0,0.0,0.0
1199,L1199_1696,69833.51,9.0,1394.0,0.0,0.0
1199,L1199_1697,75165.56,3.0,820.0,0.0,0.0
1200,L1200_1698,30126.31,12.0,1096.0,0.0,0.0
1200,L1200_1699,55218.4,6.0,161.0,1.0,7.0
1200,L1200_1700,49098.49,18.0,1107.0,0.0,0.0
1201,L1201_1701,37966.71,6.0,934.0,0.0,0.0
1201,L1201_1702,50290.48,36.0,1118.0,0.0,0.0
1202,L1202_1703,120321.77,36.0,1100.0,0.0,0.0
1202,L1202_1704,119777.69,36.0,530.0,0.0,0.0
1203,L1203_1705,48199.67,3.0,787.0,1.0,7.0
1204,L1204_1706,48502.98,9.0,112.0,0.0,0.0
1204,L1204_1707,78265.73,9.0,195.0,0.0,0.0
1204,L1204_1708,66955.09,9.0,1413.0,1.0,3.0
1204,L1204_1709,61984.7,12.0,1149.0,0.0,0.0
1204,L1204_1710,36842.3,36.0,1454.0,0.0,0.0
1204,L1204_1711,170368.53,36.0,1254.0,0.0,0.0
1205,L1205_1712,68735.84,9.0,675.0,0.0,0.0
1206,L1206_1713,,9.0,410.0,0.0,0.0
1206,L1206_1714,86365.82,9.0,,0.0,0.0
1206,L1206_1715,35965.89,36.0,1438.0,0.0,0.0
1207,L1207_1716,44800.1,,253.0,0.0,0.0
1207,L1207_1717,22058.66,3.0,370.0,1.0,7.0
1208,L1208_1718,53821.57,18.0,1098.0,0.0,0.0
1208,L1208_1719,58661.65,24.0,1042.0,1.0,7.0
1208,L1208_1720,56006.06,6.0,1417.0,0.0,0.0
1208,L1208_1721,32960.9,18.0,651.0,1.0,60.0
1209,L1209_1722,114918.86,24.0,406.0,0.0,0.0
1209,L1209_1723,34450.84,12.0,73.0,0.0,0.0
1210,L1210_1724,40817.6,12.0,1569.0,0.0,0.0
1211,L1211_1725,40940.58,18.0,65.0,1.0,60.0
1212,L1212_1726,119331.94,24.0,59.0,0.0,
1212,L1212_1727,41186.48,6.0,1476.0,0.0,0.0
1213,L1213_1728,37396.56,6.0,1261.0,0.0,0.0
1213,L1213_1729,41679.9,6.0,637.0,,0.0
1213,L1213_1730,40470.67,18.0,607.0,0.0,0.0
1215,L1215_1731,23452.74,36.0,932.0,0.0,0.0
1215,L1215_1732,43733.88,,1472.0,0.0,0.0
1215,L1215_1733,107021.26,24.0,1253.0,0.0,0.0
1216,L1216_1734,67663.77,24.0,290.0,0.0,0.0
1216,L1216_1735,6101.88,18.0,408.0,0.0,0.0
1216,L1216_1736,59824.85,12.0,763.0,0.0,0.0
1218,L1218_1737,72740.29,9.0,908.0,0.0,0.0
1218,L1218_1738,56667.29,9.0,614.0,1.0,3.0
1219,L1219_1739,41729.37,12.0,1425.0,0.0,0.0
1219,L1219_1740,61279.57,9.0,633.0,0.0,0.0
1220,L1220_1741,23849.82,24.0,1316.0,0.0,0.0
1220,L1220_1742,136447.28,6.0,953.0,0.0,0.0
1221,L1221_1743,102088.6,3.0,535.0,1.0,15.0
1221,L1221_1744,54904.28,36.0,755.0,1.0,15.0
1221,L1221_1745,113545.99,,316.0,0.0,0.0
1221,L1221_1746,72492.87,6.0,840.0,0.0,0.0
1222,L1222_1747,67456.54,3.0,1150.0,0.0,0.0
1222,L1222_1748,34927.47,6.0,1282.0,0.0,0.0
1225,L1225_1749,134676.43,24.0,185.0,0.0,0.0
1225,L1225_1750,66877.62,24.0,41.0,1.0,90.0
1225,L1225_1751,25878.94,6.0,535.0,1.0,3.0
1226,L1226_1752,46203.98,9.0,1514.0,0.0,0.0
1227,L1227_1753,60315.71,18.0,1097.0,0.0,0.0
1229,L1229_1754,123208.27,3.0,1037.0,1.0,
1230,L1230_1755,15570.45,9.0,1387.0,0.0,0.0
1230,L1230_1756,33922.44,12.0,967.0,0.0,0.0
1230,L1230_1757,43106.27,9.0,1294.0,0.0,0.0
1231,L1231_1758,58075.55,3.0,725.0,1.0,90.0
1232,L1232_1759,61444.06,24.0,1361.0,0.0,0.0
1232,L1232_1760,21775.53,18.0,268.0,0.0,0.0
1232,L1232_1761,68057.93,3.0,1186.0,0.0,0.0
1233,L1233_1762,59944.54,18.0,574.0,0.0,0.0
1234,L1234_1763,85060.91,12.0,234.0,0.0,0.0
1234,L1234_1764,78075.12,3.0,1586.0,,0.0
1235,L1235_1765,23845.86,,781.0,0.0,0.0
1237,L1237_1766,53117.9,18.0,217.0,0.0,0.0
1238,L1238_1767,20389.25,24.0,44.0,0.0,0.0
1239,L1239_1768,79155.58,9.0,253.0,0.0,0.0
1239,L1239_1769,164473.84,3.0,,0.0,0.0
1240,L1240_1770,99980.92,36.0,678.0,0.0,0.0
1241,L1241_1771,18334.69,9.0,1364.0,0.0,0.0
1242,L1242_1772,106110.99,3.0,767.0,0.0,0.0
1243,L1243_1773,21388.62,3.0,1112.0,0.0,
1244,L1244_1774,141444.62,,1487.0,0.0,0.0
1246,L1246_1775,22166.58,3.0,286.0,0.0,0.0
1246,L1246_1776,35592.6,18.0,190.0,0.0,0.0
1247,L1247_1777,28945.03,3.0,1180.0,0.0,
1247,L1247_1778,65076.83,,1405.0,0.0,0.0
1247,L1247_1779,49289.16,,1561.0,0.0,0.0
1247,L1247_1780,45233.68,18.0,1273.0,0.0,0.0
1248,L1248_1781,78836.34,24.0,1019.0,0.0,0.0
1248,L1248_1782,35469.28,18.0,1121.0,0.0,0.0
1250,L1250_1783,46312.38,18.0,1589.0,0.0,0.0
1251,L1251_1784,16147.48,24.0,150.0,1.0,1.0
1252,L1252_1785,53193.93,12.0,854.0,0.0,0.0
1253,L1253_1786,103345.63,24.0,648.0,0.0,0.0
1253,L1253_1787,78409.65,24.0,391.0,0.0,0.0
1254,L1254_1788,40950.75,18.0,1042.0,0.0,0.0
1254,L1254_1789,27497.68,12.0,1304.0,1.0,90.0
1254,L1254_1790,57761.79,9.0,1349.0,0.0,0.0
1255,L1255_1791,68403.03,24.0,23.0,0.0,0.0
1257,L1257_1792,88225.97,18.0,570.0,1.0,7.0
1257,L1257_1793,68159.12,12.0,1426.0,0.0,0.0
1258,L1258_1794,44929.23,9.0,1321.0,0.0,0.0
1258,L1258_1795,65235.1,36.0,1339.0,0.0,0.0
1259,L1259_1796,35323.25,36.0,1268.0,0.0,0.0
1263,L1263_1797,21465.98,9.0,434.0,1.0,30.0
1263,L1263_1798,36949.97,36.0,482.0,0.0,0.0
1264,L1264_1799,46734.52,,1578.0,0.0,0.0
1265,L1265_1800,87113.62,3.0,685.0,0.0,0.0
1265,L1265_1801,,36.0,1302.0,0.0,0.0
1266,L1266_1802,65482.29,18.0,1352.0,0.0,0.0
1266,L1266_1803,53253.77,24.0,648.0,0.0,0.0
1266,L1266_1804,42519.83,12.0,1157.0,0.0,0.0
1266,L1266_1805,66770.97,6.0,26.0,0.0,0.0
1266,L1266_1806,30787.99,6.0,877.0,0.0,0.0
1268,L1268_1807,23390.84,18.0,501.0,1.0,7.0
1269,L1269_1808,64225.56,24.0,808.0,0.0,0.0
1269,L1269_1809,47487.29,12.0,,1.0,1.0
1269,L1269_1810,47214.19,36.0,153.0,0.0,0.0
1271,L1271_1811,79211.7,24.0,897.0,0.0,0.0
1271,L1271_1812,159604.33,9.0,971.0,1.0,1.0
1272,L1272_1813,127393.82,9.0,477.0,0.0,0.0
1272,L1272_1814,39207.71,18.0,820.0,0.0,0.0
1273,L1273_1815,17996.28,6.0,839.0,0.0,0.0
1274,L1274_1816,38355.14,9.0,1186.0,1.0,15.0
1275,L1275_1817,88976.02,36.0,1155.0,0.0,0.0
1275,L1275_1818,47329.11,9.0,276.0,0.0,0.0
1278,L1278_1819,40232.77,6.0,1191.0,0.0,0.0
1279,L1279_1820,102101.36,3.0,365.0,0.0,0.0
1282,L1282_1821,32497.07,6.0,584.0,0.0,0.0
1283,L1283_1822,38906.19,18.0,679.0,0.0,0.0
1283,L1283_1823,37524.69,18.0,759.0,1.0,15.0
1284,L1284_1824,42452.92,18.0,994.0,1.0,3.0
1284,L1284_1825,139829.33,18.0,1342.0,0.0,0.0
1285,L1285_1826,17065.15,9.0,646.0,0.0,0.0
1285,L1285_1827,71603.15,3.0,166.0,0.0,0.0
1286,L1286_1828,41389.92,6.0,48.0,1.0,7.0
1288,L1288_1829,25528.19,12.0,1474.0,1.0,30.0
1289,L1289_1830,73941.37,18.0,1293.0,0.0,0.0
1289,L1289_1831,47094.54,12.0,1519.0,1.0,30.0
1289,L1289_1832,64115.26,6.0,281.0,0.0,0.0
1290,L1290_1833,69166.98,6.0,685.0,0.0,0.0
1290,L1290_1834,84885.28,3.0,68.0,,0.0
1290,L1290_1835,63223.62,24.0,1570.0,0.0,0.0
1290,L1290_1836,20291.87,18.0,1067.0,0.0,0.0
1291,L1291_1837,57260.99,12.0,184.0,1.0,7.0
1293,L1293_1838,49009.59,18.0,403.0,1.0,3.0
1294,L1294_1839,71256.93,24.0,267.0,0.0,0.0
1296,L1296_1840,20646.48,36.0,747.0,1.0,3.0
1296,L1296_1841,24853.72,9.0,1063.0,0.0,0.0
1296,L1296_1842,46710.97,18.0,916.0,0.0,0.0
1296,L1296_1843,38909.51,6.0,677.0,0.0,0.0
1297,L1297_1844,14433.0,3.0,242.0,1.0,15.0
1297,L1297_1845,176150.35,24.0,395.0,0.0,0.0
1297,L1297_1846,67440.42,36.0,1411.0,0.0,0.0
1298,L1298_1847,77073.69,12.0,694.0,0.0,0.0
1299,L1299_1848,36630.82,36.0,58.0,0.0,0.0
1299,L1299_1849,105846.19,12.0,667.0,1.0,60.0
1299,L1299_1850,75606.82,36.0,554.0,0.0,0.0
1300,L1300_1851,111985.78,9.0,484.0,0.0,0.0
1301,L1301_1852,30147.3,,1354.0,0.0,0.0
1302,L1302_1853,13377.01,24.0,183.0,1.0,3.0
1302,L1302_1854,54461.01,36.0,1031.0,0.0,0.0
1303,L1303_1855,65256.26,18.0,979.0,0.0,0.0
1305,L1305_1856,67536.45,6.0,184.0,1.0,1.0
1306,L1306_1857,15021.53,12.0,1283.0,0.0,0.0
1306,L1306_1858,61626.9,3.0,187.0,1.0,7.0
1308,L1308_1859,23293.51,24.0,1065.0,0.0,0.0
1308,L1308_1860,24168.6,24.0,318.0,0.0,
1308,L1308_1861,62218.72,12.0,1509.0,1.0,1.0
1308,L1308_1862,42762.53,3.0,694.0,,30.0
1309,L1309_1863,31304.11,3.0,709.0,0.0,0.0
1310,L1310_1864,28583.76,9.0,1050.0,0.0,0.0
1311,L1311_1865,37706.8,9.0,1302.0,0.0,0.0
1311,L1311_1866,39954.88,18.0,887.0,0.0,0.0
1311,L1311_1867,20938.1,18.0,699.0,0.0,0.0
1311,L1311_1868,46325.62,24.0,653.0,1.0,30.0
1311,L1311_1869,53693.77,24.0,642.0,1.0,1.0
1312,L1312_1870,134764.41,6.0,673.0,0.0,0.0
1312,L1312_1871,26294.96,3.0,1343.0,0.0,0.0
1313,L1313_1872,180547.15,12.0,236.0,0.0,0.0
1314,L1314_1873,124880.35,12.0,180.0,0.0,0.0
1315,L1315_1874,22130.3,6.0,387.0,1.0,15.0
1315,L1315_1875,40112.92,36.0,1014.0,0.0,0.0
1316,L1316_1876,28793.49,12.0,437.0,1.0,15.0
1317,L1317_1877,51586.54,12.0,1244.0,0.0,0.0
1318,L1318_1878,58715.96,12.0,1415.0,0.0,0.0
1319,L1319_1879,88623.16,9.0,1424.0,1.0,7.0
1319,L1319_1880,32683.38,,1269.0,0.0,0.0
1320,L1320_1881,35973.05,9.0,850.0,0.0,0.0
1321,L1321_1882,55630.2,36.0,1107.0,,0.0
1322,L1322_1883,112569.24,6.0,1174.0,0.0,0.0
1322,L1322_1884,41506.02,3.0,1534.0,0.0,0.0
1323,L1323_1885,75958.64,24.0,1500.0,0.0,0.0
1324,L1324_1886,39686.03,9.0,1085.0,0.0,0.0
1324,L1324_1887,43660.19,3.0,571.0,0.0,0.0
1325,L1325_1888,65207.55,24.0,,0.0,0.0
1325,L1325_1889,51347.95,3.0,371.0,0.0,0.0
1326,L1326_1890,83963.51,6.0,1389.0,1.0,1.0
1327,L1327_1891,22441.93,36.0,699.0,0.0,0.0
1328,L1328_1892,42204.13,6.0,376.0,0.0,0.0
1328,L1328_1893,37570.58,18.0,1524.0,1.0,7.0
1328,L1328_1894,47157.27,3.0,64.0,0.0,0.0
1328,L1328_1895,63826.86,9.0,1307.0,,0.0
1328,L1328_1896,123458.53,12.0,24.0,0.0,0.0
1328,L1328_1897,85323.58,,,0.0,0.0
1329,L1329_1898,38764.0,24.0,556.0,0.0,0.0
1329,L1329_1899,69804.42,3.0,325.0,0.0,0.0
1330,L1330_1900,73215.85,3.0,1067.0,1.0,60.0
1332,L1332_1901,70109.36,18.0,273.0,1.0,3.0
1333,L1333_1902,36893.81,3.0,1089.0,1.0,1.0
1333,L1333_1903,42089.98,24.0,1392.0,1.0,1.0
1333,L1333_1904,60516.43,6.0,381.0,0.0,0.0
1334,L1334_1905,58193.55,12.0,1415.0,0.0,0.0
1337,L1337_1906,74317.24,9.0,772.0,,0.0
1338,L1338_1907,84814.81,6.0,389.0,0.0,0.0
1338,L1338_1908,42404.52,24.0,48.0,0.0,0.0
1338,L1338_1909,51982.83,36.0,209.0,0.0,0.0
1338,L1338_1910,24945.18,24.0,631.0,0.0,0.0
1339,L1339_1911,96930.44,6.0,1349.0,1.0,3.0
1339,L1339_1912,17775.5,36.0,1145.0,0.0,0.0
1340,L1340_1913,80513.13,,756.0,0.0,0.0
1340,L1340_1914,50093.0,24.0,703.0,0.0,0.0
1340,L1340_1915,50464.29,18.0,890.0,0.0,0.0
1340,L1340_1916,80810.97,36.0,980.0,0.0,0.0
1341,L1341_1917,51663.13,24.0,1300.0,0.0,0.0
1341,L1341_1918,44923.39,6.0,557.0,,3.0
1341,L1341_1919,65712.55,12.0,221.0,0.0,0.0
1342,L1342_1920,66336.31,12.0,644.0,0.0,0.0
1343,L1343_1921,,3.0,784.0,0.0,0.0
1343,L1343_1922,71931.23,3.0,518.0,1.0,60.0
1344,L1344_1923,101420.3,9.0,1475.0,0.0,0.0
1345,L1345_1924,28390.55,12.0,1067.0,0.0,0.0
1345,L1345_1925,79698.96,6.0,1368.0,0.0,0.0
1347,L1347_1926,55456.9,24.0,239.0,0.0,0.0
1347,L1347_1927,,18.0,1149.0,0.0,0.0
1348,L1348_1928,50245.62,24.0,278.0,0.0,0.0
1349,L1349_1929,98036.29,18.0,727.0,0.0,0.0
1351,L1351_1930,56264.8,12.0,1249.0,0.0,0.0
1353,L1353_1931,140268.01,6.0,1029.0,1.0,7.0
1353,L1353_1932,41829.16,12.0,579.0,0.0,0.0
1353,L1353_1933,58680.17,3.0,950.0,1.0,7.0
1355,L1355_1934,105932.85,12.0,827.0,0.0,0.0
1356,L1356_1935,47538.45,9.0,303.0,0.0,0.0
1356,L1356_1936,17907.99,18.0,592.0,0.0,0.0
1358,L1358_1937,49882.3,18.0,1121.0,0.0,0.0
1358,L1358_1938,108632.87,,1388.0,1.0,
1358,L1358_1939,56119.07,9.0,914.0,0.0,0.0
1360,L1360_1940,48679.28,6.0,1393.0,0.0,0.0
1361,L1361_1941,29950.16,12.0,1127.0,0.0,0.0
1361,L1361_1942,115604.25,18.0,821.0,1.0,3.0
1362,L1362_1943,61801.58,36.0,727.0,0.0,0.0
1362,L1362_1944,37085.07,6.0,990.0,0.0,0.0
1362,L1362_1945,20259.44,12.0,296.0,0.0,0.0
1362,L1362_1946,82552.04,36.0,1172.0,0.0,
1363,L1363_1947,50292.83,3.0,1406.0,,0.0
1365,L1365_1948,29647.11,24.0,1589.0,0.0,0.0
1365,L1365_1949,40017.68,6.0,791.0,1.0,1.0
1366,L1366_1950,45569.68,36.0,453.0,0.0,0.0
1367,L1367_1951,45795.44,18.0,609.0,0.0,
1367,L1367_1952,48370.21,36.0,417.0,0.0,0.0
1368,L1368_1953,69920.69,18.0,643.0,0.0,0.0
1369,L1369_1954,52689.62,12.0,510.0,0.0,0.0
1370,L1370_1955,98142.81,6.0,1420.0,0.0,0.0
1370,L1370_1956,30798.76,3.0,1347.0,0.0,0.0
1371,L1371_1957,28891.26,18.0,1484.0,0.0,0.0
1371,L1371_1958,50751.47,3.0,1393.0,1.0,15.0
1372,L1372_1959,37568.17,6.0,837.0,0.0,0.0
1374,L1374_1960,74777.96,3.0,1506.0,0.0,0.0
1374,L1374_1961,59748.52,18.0,1064.0,0.0,0.0
1375,L1375_1962,24593.35,3.0,1121.0,0.0,0.0
1375,L1375_1963,73461.4,24.0,596.0,0.0,0.0
1375,L1375_1964,20241.45,18.0,50.0,0.0,0.0
1375,L1375_1965,44139.77,36.0,192.0,0.0,0.0
1376,L1376_1966,159804.44,6.0,1119.0,1.0,7.0
1377,L1377_1967,32861.69,6.0,1318.0,0.0,0.0
1377,L1377_1968,24848.5,36.0,264.0,0.0,0.0
1377,L1377_1969,34196.14,12.0,1090.0,0.0,0.0
1378,L1378_1970,31406.0,9.0,1000.0,0.0,0.0
1378,L1378_1971,50584.94,36.0,248.0,0.0,0.0
1379,L1379_1972,52013.18,9.0,1117.0,0.0,0.0
1380,L1380_1973,27709.6,36.0,1001.0,0.0,0.0
1380,L1380_1974,32309.67,36.0,1289.0,0.0,0.0
1380,L1380_1975,54245.5,12.0,89.0,1.0,7.0
1381,L1381_1976,50407.1,6.0,824.0,0.0,0.0
1381,L1381_1977,25877.68,3.0,539.0,1.0,15.0
1381,L1381_1978,137208.64,3.0,1346.0,0.0,0.0
1382,L1382_1979,12009.25,6.0,610.0,0.0,0.0
1383,L1383_1980,78062.81,24.0,838.0,0.0,0.0
1386,L1386_1981,75111.27,24.0,1119.0,0.0,0.0
1386,L1386_1982,106006.81,3.0,1261.0,0.0,
1386,L1386_1983,120460.52,18.0,1445.0,0.0,0.0
1387,L1387_1984,113459.88,6.0,156.0,1.0,30.0
1388,L1388_1985,150784.42,3.0,1211.0,1.0,30.0
1389,L1389_1986,35457.55,18.0,774.0,1.0,60.0
1389,L1389_1987,76434.55,18.0,1081.0,1.0,7.0
1391,L1391_1988,31185.93,12.0,543.0,1.0,7.0
1391,L1391_1989,101378.98,9.0,1475.0,1.0,15.0
1392,L1392_1990,134251.83,12.0,718.0,0.0,0.0
1392,L1392_1991,73834.62,18.0,1582.0,0.0,0.0
1392,L1392_1992,71239.24,9.0,534.0,0.0,0.0
1392,L1392_1993,54116.99,36.0,,0.0,0.0
1394,L1394_1994,60243.15,12.0,495.0,0.0,
1395,L1395_1995,27404.16,9.0,789.0,0.0,
1396,L1396_1996,25871.69,18.0,942.0,0.0,0.0
1396,L1396_1997,23616.62,18.0,1459.0,0.0,0.0
1396,L1396_1998,62212.9,24.0,1240.0,0.0,0.0
1397,L1397_1999,70374.04,9.0,709.0,1.0,60.0
1398,L1398_2000,18476.33,3.0,604.0,1.0,1.0
1399,L1399_2001,53018.28,3.0,504.0,,0.0
1399,L1399_2002,97911.75,9.0,807.0,0.0,0.0
1400,L1400_2003,50939.61,18.0,382.0,1.0,1.0
1400,L1400_2004,48968.69,18.0,1243.0,0.0,0.0
1401,L1401_2005,35893.51,12.0,776.0,0.0,0.0
1402,L1402_2006,67209.8,36.0,593.0,0.0,0.0
1404,L1404_2007,79939.66,6.0,1246.0,0.0,0.0
1405,L1405_2008,54260.09,36.0,263.0,0.0,0.0
1406,L1406_2009,39532.37,12.0,258.0,0.0,0.0
1407,L1407_2010,18574.28,36.0,85.0,0.0,0.0
1407,L1407_2011,160014.04,18.0,1472.0,1.0,15.0
1407,L1407_2012,44957.66,24.0,1179.0,0.0,0.0
1407,L1407_2013,88598.08,12.0,875.0,1.0,15.0
1408,L1408_2014,26676.67,36.0,1398.0,0.0,0.0
1408,L1408_2015,40555.1,36.0,367.0,0.0,0.0
1409,L1409_2016,93836.33,,1209.0,0.0,0.0
1409,L1409_2017,51045.49,6.0,605.0,1.0,7.0
1409,L1409_2018,119112.23,12.0,,0.0,0.0
1409,L1409_2019,46520.3,6.0,1550.0,0.0,0.0
1410,L1410_2020,45554.34,6.0,259.0,0.0,0.0
1410,L1410_2021,27066.44,9.0,1006.0,0.0,0.0
1412,L1412_2022,34893.29,3.0,718.0,0.0,0.0
1412,L1412_2023,94859.38,36.0,453.0,1.0,1.0
1413,L1413_2024,67440.0,9.0,99.0,0.0,0.0
1415,L1415_2025,61886.74,18.0,1097.0,1.0,3.0
1415,L1415_2026,90241.15,12.0,1480.0,0.0,0.0
1416,L1416_2027,52831.95,9.0,1080.0,0.0,0.0
1417,L1417_2028,38484.22,3.0,204.0,0.0,0.0
1418,L1418_2029,89067.23,9.0,1232.0,0.0,0.0
1420,L1420_2030,16249.46,36.0,501.0,1.0,15.0
1420,L1420_2031,26596.63,9.0,562.0,0.0,0.0
1421,L1421_2032,49867.45,12.0,1405.0,0.0,0.0
1422,L1422_2033,28891.57,18.0,1395.0,0.0,0.0
1424,L1424_2034,80063.35,36.0,846.0,1.0,30.0
1425,L1425_2035,106903.81,9.0,1194.0,0.0,0.0
1426,L1426_2036,23726.0,36.0,691.0,0.0,0.0
1426,L1426_2037,10653.8,12.0,602.0,1.0,7.0
1427,L1427_2038,15934.75,12.0,1346.0,0.0,0.0
1428,L1428_2039,151710.59,18.0,43.0,0.0,0.0
1429,L1429_2040,64165.85,24.0,562.0,1.0,15.0
1430,L1430_2041,49512.26,3.0,1541.0,1.0,3.0
1431,L1431_2042,105119.2,36.0,1385.0,1.0,15.0
1432,L1432_2043,39650.41,36.0,158.0,0.0,0.0
1432,L1432_2044,15931.4,3.0,453.0,0.0,0.0
1432,L1432_2045,26847.19,9.0,556.0,,0.0
1434,L1434_2046,23043.09,18.0,1294.0,1.0,30.0
1435,L1435_2047,160155.26,9.0,346.0,1.0,7.0
1435,L1435_2048,43465.74,36.0,1098.0,0.0,0.0
1435,L1435_2049,51268.72,6.0,399.0,0.0,0.0
1436,L1436_2050,80843.45,,583.0,0.0,0.0
1437,L1437_2051,52258.92,9.0,1309.0,0.0,0.0
1438,L1438_2052,108011.2,3.0,1345.0,0.0,0.0
1438,L1438_2053,58254.25,18.0,268.0,0.0,0.0
1440,L1440_2054,35553.23,12.0,1559.0,0.0,0.0
1441,L1441_2055,49513.56,6.0,352.0,1.0,15.0
1441,L1441_2056,47614.54,18.0,1029.0,0.0,0.0
1442,L1442_2057,60110.97,3.0,202.0,0.0,0.0
1442,L1442_2058,27398.79,18.0,873.0,1.0,3.0
1443,L1443_2059,32721.87,6.0,382.0,0.0,0.0
1443,L1443_2060,42446.32,18.0,413.0,0.0,0.0
1443,L1443_2061,13957.58,3.0,61.0,0.0,0.0
1444,L1444_2062,61527.38,6.0,388.0,1.0,60.0
1444,L1444_2063,18281.47,9.0,637.0,1.0,90.0
1444,L1444_2064,86514.35,18.0,1250.0,0.0,0.0
1444,L1444_2065,36332.54,24.0,,0.0,0.0
1445,L1445_2066,39191.53,18.0,530.0,0.0,0.0
1445,L1445_2067,35294.86,18.0,1163.0,1.0,1.0
1446,L1446_2068,17090.04,24.0,688.0,0.0,
1447,L1447_2069,45197.27,,34.0,1.0,15.0
1448,L1448_2070,156862.98,24.0,96.0,0.0,0.0
1448,L1448_2071,52205.41,3.0,808.0,0.0,0.0
1449,L1449_2072,35918.4,3.0,537.0,0.0,0.0
1449,L1449_2073,29466.32,24.0,565.0,0.0,0.0
1449,L1449_2074,37708.8,24.0,156.0,1.0,15.0
1450,L1450_2075,45817.22,12.0,1248.0,0.0,0.0
1451,L1451_2076,14575.07,3.0,1492.0,1.0,7.0
1451,L1451_2077,45616.69,12.0,607.0,0.0,0.0
1452,L1452_2078,61711.72,,,0.0,0.0
1452,L1452_2079,39706.05,18.0,974.0,1.0,1.0
1455,L1455_2080,52052.19,12.0,78.0,0.0,0.0
1456,L1456_2081,49821.55,36.0,1251.0,1.0,60.0
1456,L1456_2082,64574.56,3.0,1048.0,0.0,0.0
1456,L1456_2083,28474.46,12.0,1100.0,0.0,0.0
1457,L1457_2084,62115.01,36.0,797.0,1.0,1.0
1457,L1457_2085,72700.78,,1491.0,0.0,0.0
1458,L1458_2086,35252.26,36.0,927.0,1.0,7.0
1458,L1458_2087,48183.47,36.0,1425.0,0.0,0.0
1459,L1459_2088,50202.57,3.0,1464.0,0.0,0.0
1460,L1460_2089,30067.3,12.0,1373.0,0.0,0.0
1460,L1460_2090,39389.03,6.0,514.0,,
1463,L1463_2091,53401.94,36.0,506.0,,0.0
1464,L1464_2092,43365.8,6.0,462.0,0.0,0.0
1464,L1464_2093,75906.85,18.0,1576.0,0.0,0.0
1465,L1465_2094,94422.07,6.0,555.0,1.0,3.0
1465,L1465_2095,76637.41,24.0,1004.0,1.0,60.0
1465,L1465_2096,101041.53,6.0,70.0,0.0,0.0
1466,L1466_2097,114354.63,9.0,626.0,0.0,0.0
1466,L1466_2098,43028.01,36.0,192.0,1.0,30.0
1467,L1467_2099,40923.67,3.0,1302.0,1.0,15.0
1468,L1468_2100,27342.73,18.0,38.0,0.0,0.0
1469,L1469_2101,41831.91,3.0,1497.0,0.0,0.0
1471,L1471_2102,28002.78,9.0,1022.0,0.0,
1471,L1471_2103,59887.42,3.0,837.0,0.0,0.0
1475,L1475_2104,17379.47,18.0,508.0,0.0,0.0
1475,L1475_2105,94901.13,9.0,1061.0,1.0,30.0
1476,L1476_2106,55344.07,3.0,,0.0,0.0
1476,L1476_2107,78060.77,24.0,437.0,0.0,0.0
1477,L1477_2108,20027.56,6.0,1450.0,1.0,1.0
1478,L1478_2109,102370.87,6.0,906.0,0.0,0.0
1479,L1479_2110,55022.95,3.0,927.0,0.0,0.0
1479,L1479_2111,22484.31,24.0,1424.0,1.0,3.0
1483,L1483_2112,43794.27,6.0,1057.0,0.0,
1484,L1484_2113,71919.2,18.0,1173.0,0.0,0.0
1484,L1484_2114,36071.29,36.0,187.0,0.0,0.0
1484,L1484_2115,15893.51,6.0,1457.0,0.0,0.0
1484,L1484_2116,22961.93,24.0,1082.0,0.0,0.0
1484,L1484_2117,46465.76,36.0,1427.0,0.0,0.0
1485,L1485_2118,23494.09,6.0,264.0,0.0,0.0
1485,L1485_2119,75798.54,18.0,534.0,0.0,0.0
1486,L1486_2120,54548.7,3.0,500.0,0.0,0.0
1486,L1486_2121,42302.36,18.0,226.0,1.0,15.0
1487,L1487_2122,16471.87,6.0,1161.0,0.0,0.0
1487,L1487_2123,44365.72,12.0,417.0,0.0,0.0
1487,L1487_2124,42515.69,18.0,1489.0,1.0,15.0
1487,L1487_2125,22804.65,3.0,68.0,0.0,0.0
1487,L1487_2126,74648.7,9.0,539.0,0.0,0.0
1488,L1488_2127,19500.18,3.0,240.0,0.0,0.0
1488,L1488_2128,31661.4,6.0,1397.0,0.0,0.0
1488,L1488_2129,42171.93,24.0,1448.0,0.0,0.0
1488,L1488_2130,21994.3,18.0,636.0,0.0,0.0
1489,L1489_2131,80742.27,6.0,614.0,1.0,7.0
1490,L1490_2132,80851.28,12.0,325.0,0.0,0.0
1491,L1491_2133,29708.39,24.0,868.0,0.0,0.0
1492,L1492_2134,37175.05,,,0.0,0.0
1492,L1492_2135,28396.26,3.0,507.0,0.0,0.0
1494,L1494_2136,88880.44,,1269.0,0.0,0.0
1495,L1495_2137,30783.3,18.0,332.0,0.0,0.0
1495,L1495_2138,144493.92,6.0,177.0,1.0,30.0
1496,L1496_2139,32487.48,3.0,1214.0,1.0,30.0
1497,L1497_2140,35652.54,3.0,644.0,0.0,0.0
1497,L1497_2141,20777.17,18.0,947.0,0.0,0.0
1498,L1498_2142,94008.95,6.0,238.0,0.0,0.0
1498,L1498_2143,72108.89,24.0,1344.0,0.0,0.0
1499,L1499_2144,52595.54,18.0,173.0,0.0,0.0
1499,L1499_2145,144869.63,18.0,727.0,0.0,0.0
1500,L1500_2146,35234.18,6.0,1056.0,0.0,0.0
1500,L1500_2147,23177.41,6.0,,0.0,0.0
1500,L1500_2148,48240.24,6.0,866.0,0.0,0.0
1500,L1500_2149,90881.29,24.0,1172.0,1.0,30.0
1501,L1501_2150,132239.49,3.0,360.0,0.0,0.0
1501,L1501_2151,43672.07,18.0,341.0,1.0,7.0
1502,L1502_2152,83018.86,12.0,1043.0,0.0,0.0
1503,L1503_2153,32373.21,12.0,1229.0,1.0,1.0
1503,L1503_2154,52449.17,36.0,1576.0,1.0,15.0
1504,L1504_2155,56689.39,9.0,619.0,1.0,7.0
1504,L1504_2156,38973.67,,485.0,,0.0
1505,L1505_2157,102777.56,24.0,1515.0,0.0,0.0
1505,L1505_2158,45258.19,6.0,,1.0,3.0
1506,L1506_2159,38673.93,18.0,806.0,0.0,0.0
1506,L1506_2160,53696.08,,1143.0,0.0,0.0
1507,L1507_2161,46377.42,6.0,1403.0,0.0,0.0
1507,L1507_2162,59967.11,12.0,797.0,0.0,0.0
1508,L1508_2163,82486.18,36.0,,0.0,0.0
1508,L1508_2164,50851.22,24.0,1431.0,0.0,0.0
1508,L1508_2165,110943.28,24.0,792.0,1.0,1.0
1509,L1509_2166,103983.28,36.0,518.0,0.0,0.0
1509,L1509_2167,26323.03,12.0,367.0,0.0,0.0
1510,L1510_2168,26113.45,18.0,75.0,0.0,0.0
1511,L1511_2169,64670.64,36.0,175.0,1.0,60.0
1512,L1512_2170,90404.12,24.0,952.0,0.0,0.0
1512,L1512_2171,55352.89,12.0,1575.0,0.0,0.0
1513,L1513_2172,27489.07,6.0,840.0,,0.0
1513,L1513_2173,35044.58,6.0,866.0,0.0,0.0
1514,L1514_2174,52527.26,9.0,1179.0,0.0,0.0
1515,L1515_2175,34015.0,18.0,48.0,0.0,0.0
1516,L1516_2176,101419.28,9.0,1456.0,0.0,0.0
1517,L1517_2177,82421.87,36.0,611.0,0.0,0.0
1518,L1518_2178,163634.95,12.0,1238.0,1.0,15.0
1521,L1521_2179,57436.72,,202.0,0.0,0.0
1522,L1522_2180,56396.97,3.0,655.0,1.0,3.0
1522,L1522_2181,85108.38,36.0,1026.0,1.0,15.0
1522,L1522_2182,79493.46,24.0,1408.0,1.0,7.0
1523,L1523_2183,36865.65,3.0,732.0,0.0,0.0
1523,L1523_2184,42581.73,24.0,707.0,0.0,
1523,L1523_2185,101617.58,3.0,374.0,1.0,30.0
1524,L1524_2186,59500.36,9.0,64.0,0.0,0.0
1525,L1525_2187,32556.52,9.0,1124.0,0.0,0.0
1526,L1526_2188,,24.0,,0.0,0.0
1526,L1526_2189,48966.49,,1203.0,0.0,0.0
1526,L1526_2190,74217.18,24.0,1568.0,0.0,0.0
1528,L1528_2191,60292.31,18.0,784.0,0.0,0.0
1531,L1531_2192,46085.56,24.0,1520.0,0.0,0.0
1531,L1531_2193,51888.04,6.0,1043.0,1.0,3.0
1533,L1533_2194,21907.45,24.0,387.0,0.0,0.0
1534,L1534_2195,59586.31,36.0,1417.0,1.0,7.0
1534,L1534_2196,33552.63,,595.0,1.0,15.0
1534,L1534_2197,49722.8,6.0,898.0,0.0,0.0
1536,L1536_2198,69985.95,9.0,654.0,0.0,0.0
1536,L1536_2199,36550.22,3.0,261.0,1.0,3.0
1536,L1536_2200,114427.29,36.0,37.0,0.0,0.0
1536,L1536_2201,43081.07,18.0,84.0,0.0,0.0
1537,L1537_2202,20743.21,36.0,759.0,0.0,0.0
1538,L1538_2203,37154.47,12.0,349.0,0.0,0.0
1539,L1539_2204,48957.74,3.0,1089.0,0.0,0.0
1540,L1540_2205,32557.65,36.0,157.0,0.0,0.0
1540,L1540_2206,43354.79,18.0,253.0,0.0,0.0
1540,L1540_2207,33468.58,18.0,143.0,0.0,0.0
1541,L1541_2208,86397.4,24.0,1243.0,0.0,0.0
1543,L1543_2209,35599.35,3.0,1589.0,1.0,7.0
1544,L1544_2210,42710.5,24.0,786.0,0.0,0.0
1544,L1544_2211,11134.36,9.0,1368.0,0.0,0.0
1547,L1547_2212,45525.37,36.0,352.0,0.0,0.0
1547,L1547_2213,98163.36,6.0,1261.0,0.0,0.0
1547,L1547_2214,72622.09,12.0,928.0,0.0,0.0
1547,L1547_2215,32542.5,24.0,,0.0,0.0
1548,L1548_2216,55403.2,3.0,581.0,0.0,0.0
1549,L1549_2217,39584.15,24.0,84.0,0.0,0.0
1550,L1550_2218,51680.82,,721.0,0.0,0.0
1551,L1551_2219,47929.87,36.0,990.0,0.0,0.0
1552,L1552_2220,29360.07,12.0,536.0,0.0,0.0
1553,L1553_2221,65554.47,12.0,1377.0,0.0,0.0
1553,L1553_2222,24126.48,6.0,246.0,0.0,0.0
1556,L1556_2223,38363.64,6.0,1348.0,0.0,0.0
1557,L1557_2224,63706.18,,714.0,0.0,0.0
1558,L1558_2225,39229.37,3.0,1160.0,,1.0
1559,L1559_2226,44750.16,36.0,,1.0,1.0
1559,L1559_2227,52880.4,24.0,868.0,0.0,0.0
1560,L1560_2228,63549.56,3.0,695.0,0.0,0.0
1561,L1561_2229,25222.23,9.0,427.0,0.0,0.0
1562,L1562_2230,35547.29,24.0,,0.0,0.0
1562,L1562_2231,80171.45,18.0,677.0,0.0,0.0
1562,L1562_2232,45537.84,6.0,37.0,0.0,0.0
1565,L1565_2233,22801.12,18.0,1243.0,0.0,0.0
1565,L1565_2234,38226.57,12.0,,0.0,0.0
1566,L1566_2235,36308.9,,1153.0,1.0,3.0
1567,L1567_2236,65699.16,12.0,838.0,0.0,0.0
1568,L1568_2237,84282.17,24.0,849.0,0.0,0.0
1569,L1569_2238,102232.79,6.0,273.0,0.0,0.0
1570,L1570_2239,89863.81,3.0,685.0,0.0,0.0
1570,L1570_2240,37093.13,24.0,1376.0,0.0,0.0
1571,L1571_2241,58807.97,,118.0,0.0,0.0
1571,L1571_2242,69778.19,24.0,1490.0,1.0,30.0
1572,L1572_2243,67221.67,6.0,497.0,0.0,0.0
1573,L1573_2244,34300.13,3.0,392.0,1.0,30.0
1573,L1573_2245,59303.91,9.0,652.0,0.0,0.0
1573,L1573_2246,107114.38,24.0,,0.0,0.0
1574,L1574_2247,36278.6,,73.0,0.0,0.0
1576,L1576_2248,68839.38,9.0,612.0,0.0,0.0
1576,L1576_2249,24853.77,6.0,1414.0,1.0,7.0
1577,L1577_2250,45404.47,6.0,,0.0,0.0
1578,L1578_2251,122526.41,36.0,780.0,0.0,0.0
1578,L1578_2252,39294.56,,34.0,1.0,1.0
1578,L1578_2253,87796.45,36.0,655.0,0.0,0.0
1579,L1579_2254,29666.16,24.0,,0.0,0.0
1580,L1580_2255,38505.68,18.0,756.0,0.0,0.0
1580,L1580_2256,39512.61,,569.0,0.0,0.0
1581,L1581_2257,124496.84,9.0,309.0,0.0,0.0
1581,L1581_2258,55344.38,9.0,1508.0,0.0,0.0
1581,L1581_2259,37797.76,24.0,916.0,0.0,0.0
1581,L1581_2260,16070.73,,118.0,0.0,
1582,L1582_2261,34728.92,18.0,806.0,0.0,0.0
1582,L1582_2262,28657.09,18.0,1109.0,0.0,0.0
1583,L1583_2263,30313.05,36.0,1220.0,1.0,3.0
1584,L1584_2264,11389.77,18.0,679.0,0.0,0.0
1585,L1585_2265,60607.9,24.0,211.0,0.0,0.0
1585,L1585_2266,9812.81,36.0,858.0,0.0,0.0
1585,L1585_2267,47045.2,6.0,1027.0,0.0,0.0
1586,L1586_2268,40418.75,6.0,705.0,0.0,0.0
1586,L1586_2269,90359.95,36.0,1445.0,0.0,0.0
1587,L1587_2270,19360.05,36.0,97.0,0.0,0.0
1587,L1587_2271,31970.4,36.0,907.0,0.0,0.0
1589,L1589_2272,77879.45,36.0,1532.0,1.0,1.0
1590,L1590_2273,35808.88,12.0,347.0,1.0,3.0
1590,L1590_2274,,36.0,403.0,0.0,0.0
1591,L1591_2275,45422.23,12.0,624.0,0.0,0.0
1592,L1592_2276,23856.41,24.0,433.0,0.0,
1592,L1592_2277,40327.06,36.0,1288.0,1.0,7.0
1594,L1594_2278,131639.91,24.0,145.0,0.0,0.0
1594,L1594_2279,154333.96,9.0,1153.0,0.0,0.0
1595,L1595_2280,53237.62,3.0,709.0,0.0,0.0
1595,L1595_2281,32757.13,9.0,523.0,1.0,15.0
1595,L1595_2282,42962.42,9.0,1292.0,0.0,0.0
1599,L1599_2283,60771.25,24.0,599.0,0.0,0.0
1599,L1599_2284,57816.08,6.0,1308.0,0.0,0.0
1599,L1599_2285,63749.33,6.0,1120.0,0.0,
1600,L1600_2286,77413.36,24.0,173.0,1.0,15.0
1602,L1602_2287,36928.93,12.0,653.0,0.0,0.0
1602,L1602_2288,79007.88,9.0,830.0,0.0,0.0
1603,L1603_2289,84142.79,6.0,858.0,0.0,0.0
1603,L1603_2290,31421.19,9.0,323.0,0.0,0.0
1605,L1605_2291,133930.94,36.0,715.0,0.0,0.0
1606,L1606_2292,27587.15,18.0,932.0,0.0,0.0
1606,L1606_2293,53140.07,36.0,1561.0,0.0,0.0
1606,L1606_2294,27634.26,6.0,1230.0,0.0,0.0
1607,L1607_2295,91177.24,12.0,1397.0,0.0,0.0
1608,L1608_2296,36964.1,9.0,218.0,0.0,0.0
1608,L1608_2297,80231.6,18.0,974.0,0.0,0.0
1609,L1609_2298,41356.14,24.0,1159.0,1.0,60.0
1610,L1610_2299,95839.75,3.0,416.0,0.0,0.0
1614,L1614_2300,20892.92,24.0,1346.0,0.0,0.0
1615,L1615_2301,81818.16,6.0,1017.0,0.0,0.0
1616,L1616_2302,27642.23,6.0,1459.0,0.0,0.0
1617,L1617_2303,,18.0,,1.0,3.0
1618,L1618_2304,96499.0,9.0,266.0,0.0,
1618,L1618_2305,54118.57,,566.0,0.0,0.0
1619,L1619_2306,58521.69,6.0,1180.0,1.0,30.0
1620,L1620_2307,74095.86,24.0,1460.0,1.0,7.0
1621,L1621_2308,37863.08,24.0,579.0,,7.0
1623,L1623_2309,68091.22,24.0,372.0,0.0,0.0
1624,L1624_2310,20245.67,12.0,,0.0,0.0
1624,L1624_2311,43830.36,6.0,985.0,0.0,0.0
1625,L1625_2312,97137.33,9.0,264.0,0.0,0.0
1625,L1625_2313,42292.0,9.0,445.0,0.0,0.0
1625,L1625_2314,25639.26,,503.0,1.0,1.0
1625,L1625_2315,35876.66,18.0,1393.0,0.0,0.0
1625,L1625_2316,38864.71,6.0,1114.0,0.0,0.0
1627,L1627_2317,130708.53,24.0,151.0,0.0,0.0
1627,L1627_2318,64246.72,,1277.0,1.0,3.0
1629,L1629_2319,32869.81,24.0,590.0,0.0,0.0
1629,L1629_2320,90537.86,9.0,811.0,0.0,0.0
1629,L1629_2321,79797.09,24.0,593.0,0.0,0.0
1630,L1630_2322,20615.46,18.0,380.0,1.0,90.0
1630,L1630_2323,73573.13,18.0,1375.0,1.0,15.0
1630,L1630_2324,96342.74,36.0,,1.0,90.0
1631,L1631_2325,74573.81,24.0,427.0,0.0,0.0
1631,L1631_2326,37950.06,24.0,366.0,0.0,0.0
1631,L1631_2327,30357.6,9.0,1058.0,0.0,0.0
1632,L1632_2328,62554.97,24.0,540.0,0.0,0.0
1633,L1633_2329,41611.2,24.0,1277.0,0.0,0.0
1633,L1633_2330,44221.88,24.0,1047.0,0.0,0.0
1634,L1634_2331,49270.1,9.0,1575.0,0.0,0.0
1634,L1634_2332,41400.3,36.0,729.0,0.0,0.0
1634,L1634_2333,69190.8,9.0,823.0,0.0,0.0
1635,L1635_2334,32657.6,3.0,437.0,0.0,0.0
1636,L1636_2335,52824.15,36.0,328.0,0.0,0.0
1636,L1636_2336,75318.87,24.0,80.0,1.0,7.0
1636,L1636_2337,44520.38,24.0,631.0,0.0,0.0
1636,L1636_2338,46202.91,6.0,222.0,0.0,0.0
1636,L1636_2339,51504.34,36.0,1114.0,1.0,7.0
1637,L1637_2340,109109.79,12.0,455.0,1.0,15.0
1637,L1637_2341,46047.48,6.0,122.0,1.0,3.0
1638,L1638_2342,31699.27,18.0,1479.0,0.0,0.0
1640,L1640_2343,68800.25,24.0,1514.0,1.0,60.0
1640,L1640_2344,23534.04,36.0,144.0,0.0,0.0
1642,L1642_2345,120330.36,,1382.0,0.0,0.0
1642,L1642_2346,20195.02,9.0,443.0,0.0,0.0
1643,L1643_2347,22238.67,18.0,1070.0,0.0,0.0
1645,L1645_2348,34454.96,18.0,319.0,0.0,0.0
1645,L1645_2349,61242.02,12.0,147.0,0.0,0.0
1646,L1646_2350,20619.54,36.0,675.0,1.0,1.0
1647,L1647_2351,39656.08,12.0,624.0,0.0,0.0
1649,L1649_2352,,9.0,807.0,0.0,0.0
1649,L1649_2353,31404.16,24.0,740.0,0.0,0.0
1650,L1650_2354,43135.64,6.0,927.0,0.0,0.0
1650,L1650_2355,54280.26,9.0,757.0,0.0,0.0
1651,L1651_2356,46510.81,3.0,,0.0,0.0
1651,L1651_2357,21635.51,12.0,1111.0,1.0,7.0
1652,L1652_2358,76189.15,6.0,1421.0,1.0,1.0
1653,L1653_2359,13663.59,,,0.0,0.0
1653,L1653_2360,101814.33,36.0,741.0,0.0,
1655,L1655_2361,44310.53,6.0,1473.0,0.0,0.0
1655,L1655_2362,79832.65,12.0,1345.0,0.0,0.0
1656,L1656_2363,79634.05,9.0,1449.0,0.0,0.0
1656,L1656_2364,46815.28,18.0,605.0,1.0,7.0
1657,L1657_2365,17016.32,36.0,244.0,,1.0
1658,L1658_2366,109818.69,24.0,895.0,1.0,3.0
1658,L1658_2367,41392.16,36.0,652.0,0.0,0.0
1659,L1659_2368,46654.46,3.0,661.0,1.0,30.0
1659,L1659_2369,26806.62,9.0,753.0,0.0,0.0
1660,L1660_2370,27646.26,6.0,1250.0,0.0,0.0
1661,L1661_2371,23551.35,36.0,1154.0,1.0,7.0
1661,L1661_2372,19412.75,9.0,205.0,0.0,0.0
1661,L1661_2373,19768.51,24.0,1049.0,0.0,0.0
1663,L1663_2374,10740.29,3.0,596.0,1.0,60.0
1664,L1664_2375,41955.72,36.0,1094.0,0.0,
1664,L1664_2376,37131.4,6.0,65.0,0.0,0.0
1664,L1664_2377,17646.13,18.0,1500.0,1.0,1.0
1664,L1664_2378,86903.65,36.0,701.0,0.0,0.0
1665,L1665_2379,76424.76,12.0,1266.0,0.0,0.0
1666,L1666_2380,73594.16,6.0,1273.0,0.0,0.0
1667,L1667_2381,39400.58,18.0,1501.0,0.0,0.0
1667,L1667_2382,18117.07,24.0,1062.0,1.0,3.0
1667,L1667_2383,26588.69,24.0,70.0,0.0,
1667,L1667_2384,41045.98,36.0,350.0,0.0,0.0
1667,L1667_2385,33857.1,36.0,1116.0,1.0,30.0
1668,L1668_2386,40619.09,12.0,863.0,0.0,
1669,L1669_2387,44073.52,9.0,1155.0,0.0,0.0
1670,L1670_2388,91122.79,3.0,167.0,0.0,0.0
1670,L1670_2389,29261.19,6.0,1460.0,0.0,0.0
1671,L1671_2390,85900.32,3.0,1347.0,0.0,0.0
1671,L1671_2391,68611.37,6.0,295.0,0.0,0.0
1671,L1671_2392,60013.73,3.0,1398.0,0.0,0.0
1672,L1672_2393,113849.33,36.0,1153.0,0.0,0.0
1672,L1672_2394,29688.83,12.0,1017.0,0.0,0.0
1673,L1673_2395,51273.06,6.0,607.0,1.0,3.0
1674,L1674_2396,6992.89,36.0,1460.0,0.0,0.0
1675,L1675_2397,29377.77,24.0,284.0,1.0,15.0
1675,L1675_2398,37931.26,36.0,777.0,0.0,0.0
1676,L1676_2399,31765.73,18.0,1067.0,0.0,0.0
1677,L1677_2400,151330.46,9.0,1028.0,0.0,0.0
1677,L1677_2401,39700.86,12.0,909.0,1.0,1.0
1679,L1679_2402,61749.5,18.0,1367.0,0.0,0.0
1680,L1680_2403,102105.39,18.0,370.0,0.0,0.0
1680,L1680_2404,47741.96,3.0,1559.0,0.0,0.0
1681,L1681_2405,37515.41,9.0,1103.0,0.0,0.0
1682,L1682_2406,65078.15,,232.0,0.0,0.0
1683,L1683_2407,78842.22,9.0,449.0,0.0,0.0
1684,L1684_2408,38460.97,6.0,25.0,0.0,0.0
1684,L1684_2409,29741.51,3.0,841.0,0.0,0.0
1685,L1685_2410,70883.99,18.0,1402.0,0.0,0.0
1685,L1685_2411,37740.54,,726.0,0.0,0.0
1686,L1686_2412,46746.13,18.0,1289.0,1.0,15.0
1687,L1687_2413,83609.64,3.0,1050.0,0.0,0.0
1687,L1687_2414,70404.78,18.0,805.0,1.0,30.0
1688,L1688_2415,29655.12,12.0,798.0,0.0,0.0
1688,L1688_2416,68825.0,12.0,45.0,0.0,0.0
1691,L1691_2417,25300.01,6.0,1203.0,0.0,0.0
1691,L1691_2418,70317.26,12.0,1044.0,0.0,0.0
1691,L1691_2419,41610.68,3.0,1019.0,0.0,0.0
1691,L1691_2420,157666.42,24.0,1125.0,0.0,0.0
1692,L1692_2421,51572.96,18.0,1265.0,0.0,0.0
1693,L1693_2422,29399.96,9.0,722.0,0.0,0.0
1693,L1693_2423,80744.17,24.0,1408.0,0.0,0.0
1694,L1694_2424,107796.34,6.0,145.0,0.0,0.0
1695,L1695_2425,52117.84,36.0,448.0,1.0,7.0
1696,L1696_2426,43604.47,18.0,1215.0,0.0,0.0
1697,L1697_2427,28293.16,18.0,955.0,1.0,15.0
1697,L1697_2428,119631.82,6.0,158.0,0.0,0.0
1699,L1699_2429,46160.42,36.0,383.0,0.0,0.0
1700,L1700_2430,43125.09,18.0,243.0,0.0,0.0
1700,L1700_2431,35133.66,3.0,1242.0,0.0,0.0
1701,L1701_2432,79487.55,12.0,1423.0,0.0,0.0
1701,L1701_2433,49822.25,6.0,214.0,0.0,0.0
1701,L1701_2434,20804.01,6.0,1086.0,0.0,0.0
1702,L1702_2435,125760.68,24.0,1325.0,1.0,7.0
1702,L1702_2436,69263.59,24.0,632.0,0.0,0.0
1703,L1703_2437,54299.96,6.0,1005.0,0.0,0.0
1705,L1705_2438,34182.89,9.0,31.0,0.0,0.0
1707,L1707_2439,,6.0,1370.0,0.0,0.0
1708,L1708_2440,12814.48,6.0,974.0,0.0,0.0
1708,L1708_2441,39709.64,36.0,1137.0,0.0,0.0
1709,L1709_2442,49319.83,9.0,1069.0,1.0,60.0
1710,L1710_2443,52503.91,12.0,663.0,0.0,0.0
1710,L1710_2444,40130.21,9.0,282.0,0.0,0.0
1711,L1711_2445,30548.67,12.0,1148.0,0.0,0.0
1711,L1711_2446,104730.02,6.0,894.0,0.0,0.0
1712,L1712_2447,57344.64,6.0,944.0,0.0,0.0
1712,L1712_2448,23444.95,,717.0,0.0,0.0
1712,L1712_2449,35200.33,24.0,454.0,1.0,3.0
1713,L1713_2450,34089.34,6.0,592.0,1.0,30.0
1715,L1715_2451,26069.84,24.0,1228.0,0.0,0.0
1715,L1715_2452,45507.73,3.0,1341.0,0.0,0.0
1716,L1716_2453,91405.21,36.0,165.0,0.0,0.0
1716,L1716_2454,25512.2,9.0,1177.0,1.0,7.0
1716,L1716_2455,54702.31,3.0,1262.0,0.0,0.0
1716,L1716_2456,10364.8,3.0,1230.0,0.0,0.0
1717,L1717_2457,74003.75,9.0,1567.0,0.0,0.0
1719,L1719_2458,45887.1,24.0,1093.0,0.0,0.0
1719,L1719_2459,56259.7,12.0,1080.0,0.0,0.0
1722,L1722_2460,52365.18,9.0,384.0,0.0,0.0
1723,L1723_2461,45999.39,6.0,1235.0,0.0,0.0
1723,L1723_2462,19162.02,3.0,1316.0,0.0,0.0
1723,L1723_2463,154506.78,24.0,380.0,0.0,0.0
1724,L1724_2464,78686.39,24.0,293.0,0.0,0.0
1725,L1725_2465,47616.55,9.0,1568.0,0.0,0.0
1726,L1726_2466,22388.31,18.0,568.0,,0.0
1726,L1726_2467,77358.8,36.0,1547.0,0.0,0.0
1727,L1727_2468,69622.22,6.0,1285.0,0.0,0.0
1727,L1727_2469,57033.34,3.0,263.0,0.0,0.0
1727,L1727_2470,93221.65,9.0,1381.0,0.0,0.0
1727,L1727_2471,50781.8,3.0,783.0,0.0,0.0
1727,L1727_2472,35387.23,36.0,947.0,0.0,0.0
1727,L1727_2473,20589.87,18.0,1234.0,0.0,0.0
1727,L1727_2474,37968.26,9.0,,1.0,7.0
1729,L1729_2475,56566.51,,438.0,1.0,1.0
1730,L1730_2476,38637.03,24.0,1176.0,0.0,0.0
1731,L1731_2477,73409.48,9.0,1450.0,1.0,60.0
1731,L1731_2478,47336.08,12.0,1278.0,0.0,0.0
1734,L1734_2479,34653.17,18.0,1445.0,0.0,
1735,L1735_2480,52794.76,3.0,957.0,0.0,0.0
1737,L1737_2481,,3.0,1326.0,0.0,0.0
1737,L1737_2482,44552.88,6.0,63.0,0.0,0.0
1737,L1737_2483,45432.55,18.0,274.0,1.0,15.0
1737,L1737_2484,45629.34,3.0,521.0,0.0,0.0
1738,L1738_2485,33449.81,24.0,946.0,0.0,0.0
1738,L1738_2486,95240.48,18.0,268.0,0.0,0.0
1739,L1739_2487,78491.53,9.0,187.0,0.0,0.0
1740,L1740_2488,30761.48,24.0,723.0,0.0,0.0
1741,L1741_2489,59849.83,12.0,1549.0,0.0,0.0
1742,L1742_2490,58859.25,6.0,1366.0,0.0,0.0
1744,L1744_2491,35217.18,12.0,566.0,0.0,0.0
1745,L1745_2492,63168.48,3.0,1052.0,1.0,1.0
1746,L1746_2493,60534.44,6.0,1376.0,0.0,0.0
1746,L1746_2494,20801.8,3.0,1567.0,0.0,0.0
1747,L1747_2495,47066.65,24.0,641.0,0.0,0.0
1747,L1747_2496,15161.2,18.0,1526.0,0.0,0.0
1748,L1748_2497,68871.57,18.0,986.0,0.0,0.0
1748,L1748_2498,,36.0,52.0,0.0,0.0
1749,L1749_2499,22372.75,36.0,1586.0,0.0,0.0
1749,L1749_2500,22237.6,36.0,1194.0,1.0,1.0
1750,L1750_2501,96174.93,6.0,82.0,0.0,0.0
1750,L1750_2502,44864.57,9.0,84.0,0.0,0.0
1754,L1754_2503,17935.51,12.0,763.0,0.0,0.0
1755,L1755_2504,43762.04,24.0,1344.0,0.0,0.0
1755,L1755_2505,96657.14,24.0,402.0,0.0,0.0
1755,L1755_2506,37944.64,9.0,402.0,0.0,0.0
1758,L1758_2507,40108.42,18.0,753.0,0.0,0.0
1758,L1758_2508,23886.42,3.0,667.0,1.0,3.0
1759,L1759_2509,25570.06,24.0,365.0,0.0,0.0
1760,L1760_2510,,6.0,912.0,0.0,0.0
1761,L1761_2511,52918.06,9.0,53.0,0.0,0.0
1762,L1762_2512,40556.46,12.0,535.0,0.0,0.0
1762,L1762_2513,78292.76,18.0,935.0,1.0,15.0
1763,L1763_2514,29479.01,24.0,680.0,0.0,0.0
1764,L1764_2515,,,1575.0,0.0,0.0
1765,L1765_2516,26353.26,3.0,50.0,,0.0
1765,L1765_2517,27601.9,9.0,741.0,0.0,0.0
1767,L1767_2518,,12.0,786.0,0.0,0.0
1768,L1768_2519,58578.22,18.0,1017.0,1.0,30.0
1768,L1768_2520,50626.43,6.0,400.0,0.0,0.0
1770,L1770_2521,140115.67,3.0,410.0,1.0,90.0
1770,L1770_2522,23022.22,18.0,897.0,0.0,0.0
1770,L1770_2523,44266.42,6.0,1421.0,0.0,0.0
1772,L1772_2524,23900.46,24.0,294.0,0.0,0.0
1772,L1772_2525,38427.58,36.0,,0.0,0.0
1774,L1774_2526,22966.54,24.0,,0.0,0.0
1775,L1775_2527,28884.57,36.0,1309.0,1.0,30.0
1775,L1775_2528,50473.87,9.0,749.0,0.0,0.0
1777,L1777_2529,58541.65,9.0,1247.0,0.0,0.0
1778,L1778_2530,30619.48,3.0,1312.0,1.0,30.0
1779,L1779_2531,37514.18,12.0,1465.0,0.0,0.0
1780,L1780_2532,18278.94,24.0,700.0,0.0,0.0
1780,L1780_2533,77804.08,9.0,1525.0,0.0,0.0
1781,L1781_2534,57721.52,18.0,643.0,0.0,0.0
1781,L1781_2535,58948.95,3.0,852.0,1.0,15.0
1781,L1781_2536,39236.23,18.0,1140.0,1.0,15.0
1782,L1782_2537,37439.68,18.0,860.0,0.0,0.0
1782,L1782_2538,71858.19,9.0,1029.0,1.0,3.0
1783,L1783_2539,73505.05,18.0,1486.0,1.0,7.0
1785,L1785_2540,38941.3,9.0,79.0,1.0,7.0
1786,L1786_2541,51447.87,18.0,90.0,0.0,0.0
1788,L1788_2542,49546.66,36.0,393.0,0.0,0.0
1788,L1788_2543,56977.58,9.0,280.0,1.0,7.0
1789,L1789_2544,46629.09,36.0,719.0,0.0,0.0
1790,L1790_2545,61817.87,6.0,,0.0,0.0
1790,L1790_2546,31201.85,6.0,,0.0,0.0
1792,L1792_2547,31256.95,18.0,298.0,0.0,0.0
1792,L1792_2548,18026.01,18.0,620.0,0.0,0.0
1792,L1792_2549,61008.8,18.0,1452.0,0.0,0.0
1794,L1794_2550,23947.47,12.0,417.0,0.0,0.0
1794,L1794_2551,45987.75,,273.0,0.0,0.0
1794,L1794_2552,42071.23,36.0,88.0,1.0,1.0
1795,L1795_2553,18514.39,12.0,1518.0,1.0,15.0
1796,L1796_2554,24308.48,3.0,1528.0,0.0,0.0
1796,L1796_2555,40146.02,3.0,479.0,0.0,0.0
1797,L1797_2556,,18.0,1226.0,1.0,15.0
1798,L1798_2557,32995.07,36.0,1415.0,0.0,0.0
1799,L1799_2558,97404.67,9.0,31.0,0.0,0.0
1800,L1800_2559,197499.39,12.0,1139.0,0.0,0.0
1802,L1802_2560,73363.72,36.0,1559.0,0.0,0.0
1804,L1804_2561,61777.91,6.0,69.0,1.0,7.0
1804,L1804_2562,,12.0,894.0,0.0,0.0
1805,L1805_2563,46403.19,9.0,,0.0,0.0
1806,L1806_2564,31674.37,18.0,1531.0,1.0,1.0
1807,L1807_2565,34422.27,3.0,155.0,1.0,30.0
1808,L1808_2566,28452.74,36.0,1522.0,1.0,3.0
1809,L1809_2567,44965.06,18.0,1154.0,0.0,0.0
1809,L1809_2568,58145.05,36.0,290.0,0.0,0.0
1810,L1810_2569,21619.04,36.0,1220.0,0.0,0.0
1810,L1810_2570,40258.38,24.0,1006.0,0.0,0.0
1811,L1811_2571,50929.69,36.0,968.0,0.0,0.0
1812,L1812_2572,33785.9,18.0,1572.0,0.0,0.0
1813,L1813_2573,20127.01,18.0,65.0,0.0,0.0
1813,L1813_2574,47016.97,9.0,,0.0,0.0
1814,L1814_2575,45791.41,9.0,1070.0,0.0,0.0
1817,L1817_2576,28412.82,9.0,318.0,1.0,15.0
1818,L1818_2577,23272.18,24.0,1300.0,0.0,0.0
1818,L1818_2578,86907.21,3.0,1235.0,1.0,15.0
1819,L1819_2579,27718.56,,455.0,0.0,0.0
1820,L1820_2580,21723.23,18.0,1304.0,0.0,0.0
1821,L1821_2581,31715.36,12.0,1555.0,0.0,0.0
1821,L1821_2582,72841.88,24.0,530.0,0.0,0.0
1822,L1822_2583,41035.39,9.0,727.0,0.0,0.0
1823,L1823_2584,36377.16,3.0,1182.0,0.0,0.0
1823,L1823_2585,50581.6,6.0,1209.0,0.0,0.0
1824,L1824_2586,75368.48,36.0,749.0,0.0,0.0
1825,L1825_2587,86958.63,3.0,298.0,0.0,0.0
1825,L1825_2588,29358.28,3.0,1212.0,0.0,0.0
1826,L1826_2589,71467.98,,1446.0,0.0,0.0
1826,L1826_2590,51314.18,18.0,32.0,0.0,0.0
1826,L1826_2591,106484.6,24.0,581.0,0.0,0.0
1827,L1827_2592,92225.43,12.0,1562.0,0.0,0.0
1827,L1827_2593,86530.41,12.0,224.0,0.0,0.0
1828,L1828_2594,,9.0,278.0,0.0,0.0
1829,L1829_2595,42681.75,3.0,668.0,1.0,
1830,L1830_2596,39661.17,18.0,38.0,1.0,3.0
1831,L1831_2597,62113.07,24.0,1373.0,0.0,0.0
1834,L1834_2598,33627.48,36.0,970.0,0.0,0.0
1835,L1835_2599,45380.61,6.0,1079.0,0.0,0.0
1835,L1835_2600,32888.31,12.0,1509.0,0.0,0.0
1836,L1836_2601,67909.37,3.0,1340.0,0.0,0.0
1838,L1838_2602,52819.29,12.0,1371.0,0.0,0.0
1838,L1838_2603,36520.79,6.0,685.0,0.0,0.0
1838,L1838_2604,23321.83,24.0,1222.0,0.0,0.0
1838,L1838_2605,79716.94,3.0,1075.0,,90.0
1838,L1838_2606,104413.94,,1460.0,0.0,0.0
1839,L1839_2607,72662.28,18.0,1162.0,0.0,0.0
1840,L1840_2608,18842.67,6.0,1227.0,0.0,0.0
1842,L1842_2609,55150.27,9.0,1469.0,1.0,7.0
1843,L1843_2610,75671.32,3.0,832.0,0.0,0.0
1844,L1844_2611,64599.52,6.0,1019.0,0.0,0.0
1845,L1845_2612,63783.64,3.0,1508.0,0.0,0.0
1846,L1846_2613,35883.2,24.0,273.0,0.0,0.0
1846,L1846_2614,73596.89,36.0,1335.0,0.0,0.0
1849,L1849_2615,68093.46,36.0,1393.0,0.0,0.0
1849,L1849_2616,31185.43,3.0,555.0,0.0,0.0
1850,L1850_2617,113358.7,9.0,1181.0,0.0,0.0
1850,L1850_2618,172744.52,3.0,1127.0,0.0,0.0
1850,L1850_2619,,24.0,727.0,1.0,15.0
1852,L1852_2620,21420.09,9.0,1138.0,1.0,1.0
1852,L1852_2621,46037.16,24.0,101.0,0.0,0.0
1853,L1853_2622,16453.74,12.0,1536.0,0.0,0.0
1854,L1854_2623,17083.1,18.0,130.0,0.0,0.0
1855,L1855_2624,116264.69,36.0,967.0,0.0,0.0
1855,L1855_2625,53693.89,12.0,640.0,0.0,0.0
1855,L1855_2626,43829.86,36.0,815.0,0.0,0.0
1855,L1855_2627,66799.63,18.0,643.0,0.0,0.0
1856,L1856_2628,39420.5,6.0,1451.0,1.0,15.0
1856,L1856_2629,71951.97,18.0,1488.0,0.0,0.0
1857,L1857_2630,95038.49,6.0,340.0,0.0,0.0
1857,L1857_2631,35801.84,12.0,824.0,0.0,0.0
1858,L1858_2632,33575.22,9.0,450.0,0.0,0.0
1858,L1858_2633,49215.69,36.0,459.0,0.0,0.0
1858,L1858_2634,177826.24,,1300.0,0.0,0.0
1861,L1861_2635,66589.22,24.0,968.0,0.0,0.0
1861,L1861_2636,46402.24,6.0,927.0,0.0,0.0
1861,L1861_2637,44790.95,18.0,1433.0,1.0,15.0
1861,L1861_2638,19336.6,12.0,284.0,0.0,0.0
1862,L1862_2639,44194.47,3.0,282.0,0.0,0.0
1862,L1862_2640,,18.0,1239.0,0.0,0.0
1863,L1863_2641,61154.93,36.0,496.0,1.0,1.0
1864,L1864_2642,41276.64,,1443.0,0.0,0.0
1864,L1864_2643,16553.65,3.0,1536.0,0.0,0.0
1865,L1865_2644,66408.89,9.0,1188.0,0.0,0.0
1865,L1865_2645,29308.54,36.0,,1.0,1.0
1865,L1865_2646,73104.5,18.0,,0.0,0.0
1866,L1866_2647,243907.24,9.0,668.0,0.0,0.0
1867,L1867_2648,23702.68,9.0,535.0,0.0,0.0
1867,L1867_2649,37302.79,24.0,713.0,1.0,3.0
1867,L1867_2650,50839.75,9.0,1553.0,0.0,0.0
1868,L1868_2651,44991.41,9.0,1429.0,0.0,
1868,L1868_2652,44689.98,9.0,1068.0,0.0,0.0
1868,L1868_2653,55312.2,9.0,297.0,1.0,30.0
1870,L1870_2654,51229.63,24.0,542.0,0.0,0.0
1872,L1872_2655,58090.25,12.0,1067.0,0.0,0.0
1872,L1872_2656,26706.3,6.0,1257.0,1.0,15.0
1873,L1873_2657,21100.16,3.0,77.0,0.0,0.0
1873,L1873_2658,49916.11,9.0,537.0,1.0,30.0
1873,L1873_2659,97229.03,12.0,499.0,0.0,0.0
1874,L1874_2660,24524.98,24.0,227.0,0.0,0.0
1874,L1874_2661,86623.11,3.0,441.0,0.0,0.0
1875,L1875_2662,26108.83,9.0,254.0,0.0,0.0
1875,L1875_2663,24172.64,6.0,723.0,1.0,3.0
1875,L1875_2664,48430.9,18.0,1548.0,0.0,0.0
1876,L1876_2665,62988.9,24.0,1402.0,1.0,30.0
1877,L1877_2666,106036.58,36.0,1444.0,0.0,0.0
1879,L1879_2667,50498.74,9.0,1332.0,0.0,0.0
1880,L1880_2668,35556.95,9.0,55.0,1.0,7.0
1880,L1880_2669,43806.42,24.0,331.0,0.0,0.0
1881,L1881_2670,64337.34,3.0,,,0.0
1882,L1882_2671,17613.11,9.0,1462.0,1.0,30.0
1883,L1883_2672,36159.63,6.0,751.0,0.0,0.0
1884,L1884_2673,85111.54,12.0,707.0,0.0,0.0
1885,L1885_2674,73824.8,36.0,1501.0,0.0,0.0
1886,L1886_2675,14472.48,36.0,578.0,0.0,0.0
1887,L1887_2676,29182.46,6.0,1263.0,1.0,3.0
1888,L1888_2677,80539.68,6.0,374.0,0.0,0.0
1888,L1888_2678,30410.58,6.0,1545.0,1.0,1.0
1888,L1888_2679,60220.3,9.0,992.0,0.0,0.0
1889,L1889_2680,63642.85,3.0,1472.0,0.0,0.0
1889,L1889_2681,52840.89,18.0,554.0,0.0,0.0
1890,L1890_2682,22522.91,9.0,652.0,0.0,0.0
1891,L1891_2683,32477.88,12.0,197.0,0.0,0.0
1891,L1891_2684,35993.37,24.0,1105.0,1.0,3.0
1891,L1891_2685,45505.44,3.0,794.0,0.0,0.0
1892,L1892_2686,52317.63,36.0,1450.0,0.0,0.0
1892,L1892_2687,28811.7,9.0,866.0,0.0,0.0
1893,L1893_2688,48056.32,12.0,1318.0,0.0,0.0
1893,L1893_2689,22868.75,3.0,61.0,0.0,0.0
1894,L1894_2690,77423.45,,190.0,1.0,90.0
1894,L1894_2691,14752.36,18.0,1224.0,0.0,0.0
1894,L1894_2692,36997.59,6.0,403.0,0.0,0.0
1895,L1895_2693,39174.58,3.0,,0.0,0.0
1896,L1896_2694,46598.98,3.0,1014.0,,0.0
1896,L1896_2695,31914.28,9.0,56.0,,7.0
1897,L1897_2696,32941.99,24.0,745.0,0.0,0.0
1897,L1897_2697,82665.35,24.0,387.0,0.0,0.0
1898,L1898_2698,89995.05,36.0,896.0,,7.0
1899,L1899_2699,16409.27,12.0,1264.0,1.0,7.0
1900,L1900_2700,71811.97,9.0,695.0,0.0,
1901,L1901_2701,52501.91,24.0,43.0,0.0,0.0
1903,L1903_2702,54546.9,,1219.0,0.0,0.0
1905,L1905_2703,59700.63,24.0,601.0,0.0,0.0
1905,L1905_2704,64239.7,9.0,347.0,1.0,3.0
1905,L1905_2705,26861.8,9.0,558.0,0.0,0.0
1906,L1906_2706,33342.94,6.0,1290.0,0.0,0.0
1906,L1906_2707,33660.49,6.0,395.0,0.0,0.0
1907,L1907_2708,41692.76,36.0,1119.0,0.0,0.0
1908,L1908_2709,105337.54,36.0,1368.0,0.0,0.0
1909,L1909_2710,65432.5,6.0,1040.0,0.0,0.0
1909,L1909_2711,,9.0,423.0,0.0,0.0
1910,L1910_2712,62235.33,12.0,448.0,0.0,0.0
1911,L1911_2713,48146.83,9.0,1054.0,0.0,0.0
1911,L1911_2714,19708.92,24.0,526.0,1.0,1.0
1912,L1912_2715,86507.59,6.0,1292.0,0.0,0.0
1912,L1912_2716,72695.44,36.0,1536.0,0.0,0.0
1913,L1913_2717,71418.15,,,0.0,0.0
1913,L1913_2718,22846.91,36.0,177.0,0.0,0.0
1913,L1913_2719,26439.89,3.0,243.0,,0.0
1914,L1914_2720,36575.34,12.0,1187.0,0.0,
1915,L1915_2721,62059.45,12.0,1493.0,0.0,0.0
1915,L1915_2722,16311.16,24.0,101.0,0.0,0.0
1915,L1915_2723,48937.62,36.0,1566.0,0.0,0.0
1915,L1915_2724,42032.2,9.0,1263.0,0.0,0.0
1915,L1915_2725,76753.34,36.0,1374.0,0.0,0.0
1916,L1916_2726,190542.33,12.0,1151.0,0.0,
1919,L1919_2727,23866.57,3.0,249.0,1.0,7.0
1919,L1919_2728,34671.16,18.0,985.0,0.0,0.0
1919,L1919_2729,25558.14,12.0,284.0,0.0,0.0
1919,L1919_2730,29342.55,6.0,1470.0,1.0,7.0
1919,L1919_2731,40447.01,12.0,568.0,0.0,0.0
1920,L1920_2732,30941.99,24.0,104.0,0.0,0.0
1920,L1920_2733,56685.34,24.0,637.0,0.0,0.0
1920,L1920_2734,94376.05,,289.0,0.0,0.0
1921,L1921_2735,146777.75,6.0,351.0,,0.0
1922,L1922_2736,,3.0,741.0,1.0,90.0
1923,L1923_2737,23013.45,,1194.0,1.0,15.0
1923,L1923_2738,47012.74,12.0,221.0,0.0,0.0
1923,L1923_2739,11060.02,18.0,750.0,0.0,0.0
1924,L1924_2740,28848.96,3.0,926.0,0.0,0.0
1924,L1924_2741,,12.0,1381.0,0.0,0.0
1926,L1926_2742,59267.08,3.0,504.0,0.0,0.0
1926,L1926_2743,52546.18,3.0,137.0,0.0,0.0
1926,L1926_2744,52455.55,36.0,254.0,0.0,0.0
1928,L1928_2745,109497.29,18.0,87.0,0.0,0.0
1929,L1929_2746,51774.09,18.0,1524.0,0.0,
1929,L1929_2747,58765.48,9.0,1047.0,0.0,0.0
1930,L1930_2748,40513.91,36.0,124.0,0.0,0.0
1930,L1930_2749,38111.61,3.0,1138.0,1.0,7.0
1931,L1931_2750,75708.92,9.0,1443.0,0.0,0.0
1933,L1933_2751,40845.8,,455.0,0.0,
1934,L1934_2752,31159.86,9.0,1104.0,0.0,0.0
1934,L1934_2753,94984.1,24.0,1352.0,0.0,0.0
1934,L1934_2754,80986.58,24.0,402.0,0.0,0.0
1936,L1936_2755,34797.66,24.0,572.0,0.0,0.0
1936,L1936_2756,35080.68,6.0,429.0,0.0,0.0
1937,L1937_2757,55637.47,9.0,160.0,0.0,0.0
1937,L1937_2758,41919.21,6.0,679.0,1.0,30.0
1938,L1938_2759,69750.57,12.0,76.0,0.0,0.0
1938,L1938_2760,25013.41,9.0,184.0,0.0,0.0
1938,L1938_2761,40354.48,6.0,1364.0,0.0,0.0
1938,L1938_2762,24265.1,24.0,1522.0,0.0,0.0
1939,L1939_2763,12792.86,18.0,1295.0,0.0,0.0
1940,L1940_2764,36936.86,12.0,67.0,0.0,0.0
1942,L1942_2765,94750.86,36.0,1456.0,0.0,0.0
1942,L1942_2766,24111.9,36.0,1518.0,1.0,15.0
1942,L1942_2767,31966.09,6.0,197.0,0.0,0.0
1943,L1943_2768,125459.56,24.0,161.0,0.0,0.0
1943,L1943_2769,104324.33,6.0,618.0,0.0,
1943,L1943_2770,38704.56,12.0,1184.0,0.0,0.0
1945,L1945_2771,113191.86,18.0,,0.0,0.0
1945,L1945_2772,114242.16,9.0,1381.0,0.0,0.0
1946,L1946_2773,44746.54,,1521.0,0.0,0.0
1947,L1947_2774,78648.05,9.0,,0.0,0.0
1947,L1947_2775,54089.92,18.0,,0.0,0.0
1949,L1949_2776,39424.32,6.0,1429.0,0.0,0.0
1949,L1949_2777,30949.85,,1407.0,0.0,0.0
1949,L1949_2778,30343.52,6.0,1172.0,1.0,15.0
1950,L1950_2779,75579.22,12.0,876.0,0.0,0.0
1950,L1950_2780,61451.79,18.0,130.0,1.0,60.0
1951,L1951_2781,63802.34,6.0,85.0,1.0,3.0
1951,L1951_2782,71991.39,18.0,975.0,0.0,0.0
1951,L1951_2783,15942.75,36.0,1272.0,0.0,0.0
1951,L1951_2784,75253.98,18.0,,0.0,0.0
1951,L1951_2785,25936.73,6.0,451.0,0.0,0.0
1954,L1954_2786,65353.02,9.0,923.0,1.0,3.0
1955,L1955_2787,24616.81,,1089.0,0.0,0.0
1956,L1956_2788,20542.73,12.0,229.0,0.0,0.0
1958,L1958_2789,51540.15,3.0,242.0,0.0,0.0
1958,L1958_2790,51474.11,12.0,451.0,1.0,
1959,L1959_2791,60376.04,24.0,1166.0,0.0,0.0
1960,L1960_2792,59918.96,12.0,312.0,0.0,0.0
1960,L1960_2793,120078.69,36.0,419.0,1.0,15.0
1961,L1961_2794,49684.05,9.0,998.0,1.0,15.0
1962,L1962_2795,39170.69,9.0,505.0,1.0,7.0
1962,L1962_2796,117367.51,3.0,1160.0,0.0,0.0
1962,L1962_2797,75125.12,9.0,171.0,0.0,0.0
1962,L1962_2798,36313.66,,791.0,0.0,0.0
1962,L1962_2799,50989.77,6.0,716.0,0.0,0.0
1962,L1962_2800,35907.98,3.0,1361.0,0.0,0.0
1962,L1962_2801,48209.87,9.0,617.0,0.0,0.0
1963,L1963_2802,22692.97,6.0,674.0,0.0,0.0
1965,L1965_2803,37608.05,9.0,617.0,0.0,0.0
1966,L1966_2804,30239.77,18.0,1466.0,0.0,0.0
1966,L1966_2805,95831.96,3.0,880.0,0.0,0.0
1967,L1967_2806,29819.07,36.0,577.0,0.0,0.0
1969,L1969_2807,66021.79,3.0,48.0,0.0,0.0
1970,L1970_2808,63056.01,6.0,661.0,0.0,0.0
1970,L1970_2809,52031.62,6.0,635.0,0.0,0.0
1971,L1971_2810,55150.09,18.0,1157.0,0.0,0.0
1971,L1971_2811,92120.03,,398.0,0.0,0.0
1973,L1973_2812,21642.27,36.0,49.0,1.0,30.0
1974,L1974_2813,27574.37,36.0,835.0,1.0,90.0
1974,L1974_2814,59102.54,3.0,1311.0,1.0,15.0
1976,L1976_2815,60841.22,3.0,1086.0,1.0,3.0
1977,L1977_2816,40960.59,18.0,1239.0,0.0,0.0
1977,L1977_2817,39658.0,3.0,1257.0,0.0,0.0
1977,L1977_2818,31189.5,9.0,1097.0,0.0,0.0
1978,L1978_2819,83002.76,24.0,411.0,0.0,0.0
1978,L1978_2820,54382.71,36.0,262.0,1.0,60.0
1979,L1979_2821,37472.2,,1453.0,0.0,0.0
1979,L1979_2822,122036.67,6.0,916.0,0.0,0.0
1979,L1979_2823,74529.78,9.0,130.0,0.0,0.0
1980,L1980_2824,53317.8,6.0,1226.0,0.0,0.0
1980,L1980_2825,39156.86,6.0,616.0,0.0,0.0
1980,L1980_2826,81625.59,18.0,1193.0,1.0,15.0
1982,L1982_2827,63608.35,36.0,84.0,0.0,0.0
1982,L1982_2828,136512.0,24.0,248.0,0.0,0.0
1983,L1983_2829,73288.59,,144.0,0.0,0.0
1983,L1983_2830,50973.17,18.0,918.0,1.0,90.0
1983,L1983_2831,27877.81,3.0,261.0,0.0,0.0
1984,L1984_2832,144649.69,12.0,839.0,1.0,15.0
1985,L1985_2833,61395.97,9.0,1119.0,0.0,0.0
1985,L1985_2834,32837.0,18.0,1502.0,0.0,0.0
1985,L1985_2835,45787.11,24.0,1531.0,0.0,0.0
1986,L1986_2836,30513.56,36.0,308.0,0.0,0.0
1986,L1986_2837,23818.15,24.0,476.0,0.0,0.0
1986,L1986_2838,146449.63,3.0,144.0,0.0,0.0
1986,L1986_2839,32604.36,6.0,735.0,0.0,
1986,L1986_2840,40758.67,3.0,857.0,1.0,7.0
1987,L1987_2841,91608.81,6.0,1599.0,0.0,0.0
1987,L1987_2842,70660.3,24.0,1259.0,1.0,60.0
1987,L1987_2843,30082.75,24.0,,0.0,0.0
1988,L1988_2844,30066.5,36.0,400.0,0.0,
1988,L1988_2845,28733.47,36.0,124.0,0.0,0.0
1989,L1989_2846,27969.85,3.0,588.0,1.0,15.0
1989,L1989_2847,60736.18,6.0,198.0,0.0,0.0
1989,L1989_2848,32529.76,24.0,256.0,1.0,3.0
1991,L1991_2849,38264.85,6.0,153.0,1.0,90.0
1991,L1991_2850,80011.94,18.0,469.0,0.0,0.0
1992,L1992_2851,52262.72,24.0,194.0,0.0,0.0
1992,L1992_2852,44793.33,24.0,775.0,0.0,0.0
1994,L1994_2853,79669.6,36.0,21.0,0.0,0.0
1995,L1995_2854,78251.31,6.0,229.0,0.0,0.0
1996,L1996_2855,63485.68,6.0,1310.0,0.0,0.0
1996,L1996_2856,18879.18,12.0,165.0,0.0,0.0
1996,L1996_2857,90588.09,36.0,882.0,1.0,7.0
1996,L1996_2858,36702.03,3.0,1387.0,1.0,15.0
1996,L1996_2859,70618.76,6.0,1429.0,0.0,0.0
1997,L1997_2860,69093.47,3.0,720.0,1.0,7.0
1998,L1998_2861,91041.78,36.0,824.0,0.0,0.0
1998,L1998_2862,58720.14,3.0,60.0,0.0,0.0
1999,L1999_2863,66347.72,36.0,1471.0,1.0,30.0
1999,L1999_2864,18733.28,6.0,1020.0,1.0,60.0
2000,L2000_2865,33900.14,6.0,1222.0,0.0,0.0
2000,L2000_2866,32454.39,9.0,1116.0,0.0,0.0
2001,L2001_2867,34879.41,6.0,367.0,0.0,0.0
2004,L2004_2868,46438.72,6.0,49.0,0.0,0.0
2004,L2004_2869,118361.58,9.0,74.0,0.0,0.0
2006,L2006_2870,54756.35,24.0,1004.0,1.0,60.0
2006,L2006_2871,30301.91,3.0,1410.0,0.0,0.0
2007,L2007_2872,42683.7,24.0,686.0,0.0,0.0
2007,L2007_2873,67242.04,36.0,1330.0,0.0,0.0
2007,L2007_2874,93950.95,9.0,898.0,0.0,0.0
2008,L2008_2875,45221.71,6.0,1552.0,0.0,0.0
2008,L2008_2876,31107.66,12.0,1247.0,0.0,0.0
2010,L2010_2877,20873.46,3.0,1510.0,0.0,0.0
2010,L2010_2878,13721.1,6.0,60.0,0.0,0.0
2011,L2011_2879,55956.24,6.0,1127.0,0.0,0.0
2012,L2012_2880,30825.49,,1423.0,0.0,0.0
2013,L2013_2881,60249.73,6.0,1456.0,0.0,0.0
2014,L2014_2882,33832.64,18.0,1301.0,,0.0
2014,L2014_2883,47274.14,6.0,,0.0,0.0
2014,L2014_2884,60336.96,12.0,1100.0,0.0,0.0
2015,L2015_2885,31649.39,24.0,1260.0,0.0,0.0
2016,L2016_2886,65887.43,18.0,592.0,0.0,
2016,L2016_2887,47475.08,9.0,203.0,0.0,0.0
2017,L2017_2888,95268.91,18.0,1144.0,0.0,0.0
2017,L2017_2889,23305.44,24.0,491.0,0.0,0.0
2019,L2019_2890,101303.14,12.0,708.0,0.0,0.0
2020,L2020_2891,48272.76,6.0,1562.0,,1.0
2020,L2020_2892,54716.92,9.0,1043.0,0.0,0.0
2020,L2020_2893,32419.34,6.0,503.0,0.0,0.0
2020,L2020_2894,71656.28,12.0,1084.0,0.0,0.0
2020,L2020_2895,82795.59,9.0,878.0,0.0,0.0
2021,L2021_2896,17066.74,36.0,1525.0,0.0,0.0
2022,L2022_2897,17958.29,36.0,941.0,0.0,0.0
2022,L2022_2898,25268.88,12.0,1525.0,0.0,0.0
2023,L2023_2899,103301.6,3.0,973.0,0.0,0.0
2023,L2023_2900,87049.63,3.0,1284.0,0.0,0.0
2024,L2024_2901,36338.29,6.0,552.0,0.0,0.0
2024,L2024_2902,92760.19,18.0,893.0,0.0,0.0
2025,L2025_2903,110833.06,18.0,30.0,0.0,0.0
2025,L2025_2904,18280.03,24.0,1578.0,0.0,0.0
2026,L2026_2905,20584.55,36.0,292.0,1.0,1.0
2026,L2026_2906,65012.23,24.0,569.0,0.0,0.0
2027,L2027_2907,53829.33,36.0,,0.0,0.0
2027,L2027_2908,50826.82,3.0,1508.0,0.0,0.0
2028,L2028_2909,178429.09,9.0,1064.0,0.0,0.0
2029,L2029_2910,79734.02,9.0,24.0,0.0,0.0
2029,L2029_2911,51746.73,9.0,811.0,1.0,7.0
2029,L2029_2912,61154.64,9.0,1466.0,0.0,0.0
2029,L2029_2913,81013.89,18.0,1511.0,0.0,0.0
2030,L2030_2914,81621.14,12.0,1148.0,0.0,0.0
2032,L2032_2915,100022.74,36.0,1232.0,0.0,0.0
2032,L2032_2916,68454.52,9.0,1572.0,0.0,0.0
2033,L2033_2917,132213.24,3.0,158.0,0.0,0.0
2033,L2033_2918,28769.95,6.0,65.0,0.0,0.0
2034,L2034_2919,44543.74,36.0,428.0,0.0,0.0
2035,L2035_2920,29691.31,18.0,560.0,0.0,0.0
2037,L2037_2921,136169.09,3.0,178.0,1.0,7.0
2038,L2038_2922,39885.42,9.0,933.0,1.0,30.0
2038,L2038_2923,18913.71,3.0,,0.0,0.0
2039,L2039_2924,52209.06,12.0,529.0,1.0,90.0
2039,L2039_2925,70540.35,24.0,605.0,0.0,0.0
2039,L2039_2926,78840.63,12.0,326.0,0.0,0.0
2040,L2040_2927,48194.43,12.0,717.0,1.0,30.0
2041,L2041_2928,26421.61,12.0,376.0,1.0,3.0
2042,L2042_2929,58014.65,18.0,1523.0,0.0,0.0
2042,L2042_2930,28777.08,12.0,438.0,0.0,
2043,L2043_2931,86395.91,36.0,1036.0,0.0,0.0
2044,L2044_2932,60794.47,24.0,206.0,0.0,0.0
2045,L2045_2933,40174.35,3.0,95.0,0.0,0.0
2045,L2045_2934,59566.94,3.0,1044.0,0.0,0.0
2046,L2046_2935,43083.3,24.0,1185.0,0.0,0.0
2047,L2047_2936,45173.75,9.0,677.0,0.0,0.0
2047,L2047_2937,22886.18,3.0,1330.0,0.0,0.0
2050,L2050_2938,24499.37,9.0,1144.0,0.0,0.0
2051,L2051_2939,127895.82,3.0,983.0,0.0,0.0
2052,L2052_2940,45080.5,,1352.0,0.0,0.0
2052,L2052_2941,122157.1,3.0,1208.0,0.0,0.0
2054,L2054_2942,90284.36,9.0,1119.0,1.0,7.0
2054,L2054_2943,61570.3,3.0,1370.0,0.0,0.0
2054,L2054_2944,53085.7,12.0,1116.0,0.0,0.0
2054,L2054_2945,29237.02,18.0,370.0,0.0,0.0
2055,L2055_2946,43534.52,18.0,938.0,0.0,0.0
2055,L2055_2947,121478.42,12.0,241.0,1.0,15.0
2057,L2057_2948,16695.67,3.0,933.0,0.0,0.0
2058,L2058_2949,,,182.0,1.0,60.0
2058,L2058_2950,66329.09,,1374.0,0.0,0.0
2059,L2059_2951,50210.77,24.0,1199.0,1.0,3.0
2059,L2059_2952,14714.37,6.0,1454.0,1.0,90.0
2059,L2059_2953,93736.19,18.0,778.0,0.0,0.0
2060,L2060_2954,50643.95,6.0,1499.0,0.0,0.0
2060,L2060_2955,46820.68,9.0,248.0,0.0,0.0
2061,L2061_2956,73485.02,,1182.0,0.0,0.0
2063,L2063_2957,25401.61,36.0,1040.0,1.0,15.0
2064,L2064_2958,29095.43,6.0,771.0,0.0,0.0
2065,L2065_2959,51675.19,18.0,1328.0,0.0,0.0
2066,L2066_2960,102853.51,9.0,640.0,0.0,0.0
2067,L2067_2961,176465.18,12.0,961.0,0.0,0.0
2068,L2068_2962,25737.28,24.0,984.0,0.0,0.0
2068,L2068_2963,79797.23,18.0,552.0,1.0,1.0
2073,L2073_2964,58228.29,18.0,722.0,1.0,90.0
2074,L2074_2965,76050.91,24.0,1448.0,0.0,0.0
2074,L2074_2966,34179.99,36.0,824.0,0.0,0.0
2075,L2075_2967,106275.11,24.0,,1.0,30.0
2076,L2076_2968,47159.63,12.0,233.0,0.0,0.0
2076,L2076_2969,123123.13,36.0,784.0,0.0,0.0
2076,L2076_2970,63165.34,,1241.0,0.0,0.0
2076,L2076_2971,150628.72,6.0,771.0,1.0,60.0
2077,L2077_2972,38934.53,3.0,851.0,,0.0
2077,L2077_2973,63622.76,12.0,707.0,1.0,7.0
2078,L2078_2974,67185.72,18.0,1086.0,0.0,0.0
2078,L2078_2975,60962.2,3.0,1488.0,,3.0
2078,L2078_2976,74058.98,9.0,1110.0,0.0,0.0
2079,L2079_2977,26198.99,24.0,1174.0,0.0,0.0
2079,L2079_2978,41636.43,24.0,1590.0,0.0,0.0
2079,L2079_2979,160850.27,3.0,758.0,0.0,0.0
2079,L2079_2980,68080.12,6.0,619.0,0.0,0.0
2079,L2079_2981,46279.3,3.0,1413.0,0.0,0.0
2080,L2080_2982,76554.8,36.0,1056.0,0.0,0.0
2081,L2081_2983,50411.38,24.0,1569.0,0.0,0.0
2085,L2085_2984,29757.63,12.0,1232.0,0.0,0.0
2086,L2086_2985,59313.58,12.0,609.0,0.0,0.0
2086,L2086_2986,44166.27,6.0,845.0,1.0,7.0
2087,L2087_2987,25026.52,9.0,1446.0,0.0,0.0
2087,L2087_2988,104745.41,9.0,631.0,0.0,0.0
2087,L2087_2989,26804.18,9.0,544.0,0.0,0.0
2088,L2088_2990,76590.23,6.0,1297.0,0.0,0.0
2089,L2089_2991,80796.48,12.0,246.0,0.0,0.0
2090,L2090_2992,46348.19,12.0,1497.0,0.0,0.0
2091,L2091_2993,127558.32,12.0,,0.0,0.0
2092,L2092_2994,77751.52,12.0,,0.0,0.0
2093,L2093_2995,46637.14,3.0,642.0,0.0,0.0
2093,L2093_2996,31997.42,9.0,73.0,0.0,
2094,L2094_2997,45977.0,12.0,1571.0,0.0,0.0
2094,L2094_2998,,36.0,309.0,0.0,0.0
2094,L2094_2999,103078.31,6.0,1328.0,0.0,
2095,L2095_3000,67582.11,9.0,1186.0,0.0,0.0
2096,L2096_3001,24942.73,9.0,1073.0,1.0,7.0
2096,L2096_3002,24755.7,3.0,1437.0,0.0,
2097,L2097_3003,79365.37,6.0,1229.0,1.0,60.0
2099,L2099_3004,71080.98,24.0,1386.0,1.0,7.0
2099,L2099_3005,48430.92,36.0,605.0,0.0,0.0
2099,L2099_3006,21759.18,,736.0,1.0,3.0
2099,L2099_3007,23283.37,18.0,1442.0,0.0,0.0
2100,L2100_3008,50584.42,18.0,820.0,0.0,0.0
2101,L2101_3009,41614.67,36.0,371.0,0.0,0.0
2102,L2102_3010,41300.69,3.0,629.0,0.0,0.0
2103,L2103_3011,65067.21,6.0,177.0,0.0,0.0
2106,L2106_3012,168766.36,18.0,1585.0,1.0,15.0
2109,L2109_3013,72107.28,18.0,254.0,0.0,0.0
2110,L2110_3014,15954.15,12.0,364.0,0.0,0.0
2110,L2110_3015,66527.83,12.0,862.0,0.0,0.0
2111,L2111_3016,71448.92,36.0,1343.0,1.0,7.0
2111,L2111_3017,26583.65,,1119.0,0.0,0.0
2112,L2112_3018,81883.24,6.0,1268.0,0.0,0.0
2113,L2113_3019,,12.0,797.0,0.0,0.0
2113,L2113_3020,,18.0,378.0,0.0,0.0
2114,L2114_3021,39387.87,18.0,238.0,1.0,3.0
2115,L2115_3022,22022.4,36.0,1373.0,1.0,7.0
2116,L2116_3023,91898.28,3.0,1541.0,1.0,30.0
2117,L2117_3024,71312.06,9.0,376.0,0.0,0.0
2117,L2117_3025,110287.09,24.0,127.0,0.0,0.0
2118,L2118_3026,42982.1,12.0,1432.0,,1.0
2118,L2118_3027,130941.86,9.0,1430.0,0.0,0.0
2119,L2119_3028,55863.44,3.0,1377.0,0.0,0.0
2120,L2120_3029,35042.99,24.0,736.0,1.0,30.0
2121,L2121_3030,30600.68,12.0,422.0,0.0,0.0
2122,L2122_3031,27341.16,12.0,249.0,0.0,0.0
2124,L2124_3032,25784.61,12.0,1365.0,0.0,0.0
2126,L2126_3033,107853.04,3.0,1390.0,0.0,0.0
2126,L2126_3034,45709.19,3.0,1043.0,1.0,15.0
2127,L2127_3035,131398.27,,203.0,0.0,0.0
2127,L2127_3036,21323.1,6.0,895.0,0.0,0.0
2128,L2128_3037,40278.5,9.0,1137.0,0.0,0.0
2128,L2128_3038,131924.36,36.0,1251.0,0.0,0.0
2129,L2129_3039,19039.95,6.0,1264.0,0.0,0.0
2130,L2130_3040,39901.0,36.0,1275.0,0.0,0.0
2131,L2131_3041,24983.23,18.0,1316.0,0.0,0.0
2134,L2134_3042,81123.07,9.0,845.0,0.0,0.0
2135,L2135_3043,,,1136.0,0.0,0.0
2136,L2136_3044,51649.74,24.0,471.0,0.0,0.0
2136,L2136_3045,124335.57,9.0,1191.0,0.0,0.0
2136,L2136_3046,79785.86,9.0,492.0,1.0,90.0
2136,L2136_3047,66545.48,12.0,1187.0,0.0,0.0
2136,L2136_3048,98569.88,12.0,749.0,1.0,3.0
2137,L2137_3049,38794.85,24.0,1431.0,0.0,
2137,L2137_3050,39661.85,36.0,205.0,0.0,0.0
2137,L2137_3051,37747.42,6.0,132.0,1.0,90.0
2137,L2137_3052,28472.55,18.0,244.0,0.0,0.0
2139,L2139_3053,10535.89,3.0,146.0,0.0,0.0
2139,L2139_3054,21490.07,6.0,141.0,0.0,0.0
2139,L2139_3055,33919.31,36.0,104.0,0.0,
2141,L2141_3056,39010.96,24.0,242.0,0.0,0.0
2141,L2141_3057,106512.14,12.0,328.0,0.0,0.0
2142,L2142_3058,90202.21,36.0,693.0,0.0,0.0
2143,L2143_3059,64205.64,,626.0,0.0,0.0
2145,L2145_3060,64381.01,6.0,1025.0,0.0,0.0
2146,L2146_3061,26900.4,,44.0,0.0,0.0
2147,L2147_3062,62927.68,3.0,1341.0,0.0,0.0
2148,L2148_3063,21961.7,12.0,34.0,0.0,0.0
2149,L2149_3064,31415.09,24.0,108.0,1.0,60.0
2150,L2150_3065,45961.86,9.0,1448.0,0.0,0.0
2151,L2151_3066,35358.56,9.0,760.0,0.0,0.0
2151,L2151_3067,19576.01,18.0,632.0,0.0,0.0
2151,L2151_3068,60258.31,18.0,691.0,0.0,0.0
2152,L2152_3069,44718.94,18.0,728.0,0.0,0.0
2153,L2153_3070,36520.59,6.0,658.0,0.0,0.0
2153,L2153_3071,40046.23,18.0,1083.0,0.0,0.0
2154,L2154_3072,86478.09,3.0,755.0,0.0,0.0
2154,L2154_3073,66044.93,6.0,201.0,0.0,0.0
2154,L2154_3074,15435.95,,1400.0,0.0,0.0
2156,L2156_3075,23345.19,24.0,310.0,0.0,0.0
2156,L2156_3076,73182.26,12.0,349.0,0.0,0.0
2158,L2158_3077,42762.18,9.0,134.0,0.0,0.0
2158,L2158_3078,141073.34,3.0,1033.0,0.0,0.0
2159,L2159_3079,23811.65,24.0,90.0,0.0,0.0
2160,L2160_3080,47691.18,12.0,,1.0,3.0
2161,L2161_3081,60796.92,18.0,734.0,0.0,0.0
2161,L2161_3082,38154.2,12.0,306.0,0.0,0.0
2161,L2161_3083,55494.13,24.0,619.0,0.0,0.0
2162,L2162_3084,94562.61,18.0,258.0,0.0,0.0
2163,L2163_3085,37036.4,9.0,895.0,0.0,0.0
2163,L2163_3086,37138.28,,1228.0,1.0,15.0
2164,L2164_3087,24644.18,18.0,976.0,0.0,0.0
2164,L2164_3088,47632.22,9.0,567.0,0.0,0.0
2164,L2164_3089,83157.8,6.0,104.0,1.0,7.0
2164,L2164_3090,48949.66,,1188.0,1.0,1.0
2164,L2164_3091,25786.69,24.0,181.0,0.0,0.0
2165,L2165_3092,21764.3,24.0,185.0,,0.0
2165,L2165_3093,25614.23,18.0,531.0,0.0,0.0
2166,L2166_3094,146679.95,36.0,1206.0,0.0,0.0
2167,L2167_3095,29953.36,3.0,644.0,0.0,0.0
2167,L2167_3096,36190.33,36.0,611.0,1.0,60.0
2167,L2167_3097,34076.1,18.0,1055.0,0.0,0.0
2168,L2168_3098,111422.46,18.0,1287.0,1.0,15.0
2168,L2168_3099,142128.86,6.0,994.0,0.0,0.0
2168,L2168_3100,81950.99,12.0,1239.0,0.0,0.0
2169,L2169_3101,69368.08,3.0,376.0,1.0,1.0
2170,L2170_3102,39176.18,9.0,292.0,0.0,0.0
2170,L2170_3103,26035.7,6.0,1573.0,0.0,0.0
2170,L2170_3104,24892.92,6.0,805.0,0.0,0.0
2171,L2171_3105,52334.46,24.0,103.0,0.0,0.0
2172,L2172_3106,52417.77,,1238.0,0.0,0.0
2172,L2172_3107,73258.39,9.0,889.0,0.0,0.0
2173,L2173_3108,34005.4,36.0,779.0,,0.0
2173,L2173_3109,51448.0,24.0,168.0,0.0,0.0
2173,L2173_3110,37752.02,18.0,693.0,0.0,0.0
2174,L2174_3111,38456.15,24.0,1078.0,0.0,0.0
2174,L2174_3112,22032.74,36.0,448.0,,0.0
2175,L2175_3113,56980.54,9.0,605.0,0.0,
2176,L2176_3114,20604.43,12.0,469.0,0.0,0.0
2176,L2176_3115,199672.96,12.0,1372.0,0.0,0.0
2179,L2179_3116,25407.88,12.0,102.0,0.0,0.0
2180,L2180_3117,54794.12,24.0,909.0,0.0,0.0
2180,L2180_3118,66510.25,6.0,553.0,1.0,7.0
2181,L2181_3119,33021.28,36.0,1324.0,0.0,0.0
2182,L2182_3120,33191.67,12.0,312.0,0.0,0.0
2183,L2183_3121,37357.56,,1592.0,0.0,0.0
2183,L2183_3122,56134.79,12.0,1325.0,0.0,0.0
2184,L2184_3123,73232.75,12.0,1119.0,0.0,0.0
2184,L2184_3124,33073.67,9.0,1253.0,1.0,7.0
2185,L2185_3125,55290.06,36.0,1164.0,0.0,0.0
2185,L2185_3126,41957.02,12.0,197.0,1.0,30.0
2186,L2186_3127,81393.34,,1565.0,0.0,0.0
2186,L2186_3128,17297.96,9.0,717.0,0.0,0.0
2187,L2187_3129,76419.22,18.0,979.0,0.0,0.0
2187,L2187_3130,106716.01,3.0,394.0,0.0,0.0
2188,L2188_3131,28515.83,12.0,1332.0,1.0,7.0
2190,L2190_3132,129951.51,18.0,487.0,0.0,0.0
2192,L2192_3133,84137.44,9.0,954.0,0.0,0.0
2193,L2193_3134,21950.27,9.0,300.0,,0.0
2194,L2194_3135,32099.89,6.0,450.0,0.0,0.0
2194,L2194_3136,30424.37,12.0,741.0,0.0,0.0
2195,L2195_3137,48921.78,18.0,645.0,0.0,0.0
2195,L2195_3138,42103.66,12.0,1173.0,0.0,0.0
2196,L2196_3139,51117.16,24.0,1594.0,0.0,0.0
2197,L2197_3140,100177.77,9.0,572.0,0.0,0.0
2200,L2200_3141,34481.22,24.0,267.0,0.0,0.0
2200,L2200_3142,32652.01,3.0,121.0,0.0,0.0
2200,L2200_3143,21488.24,12.0,629.0,1.0,30.0
2201,L2201_3144,88803.83,9.0,1221.0,,0.0
2203,L2203_3145,13600.4,9.0,301.0,1.0,3.0
2203,L2203_3146,57245.48,36.0,1176.0,0.0,0.0
2204,L2204_3147,21591.57,3.0,226.0,1.0,7.0
2204,L2204_3148,25095.7,12.0,935.0,0.0,0.0
2205,L2205_3149,46033.62,36.0,735.0,0.0,0.0
2205,L2205_3150,56155.19,12.0,463.0,1.0,7.0
2208,L2208_3151,34466.62,9.0,58.0,0.0,0.0
2211,L2211_3152,36135.31,3.0,1589.0,1.0,3.0
2211,L2211_3153,28857.49,18.0,,0.0,
2212,L2212_3154,33416.24,3.0,1008.0,0.0,
2213,L2213_3155,46280.98,,1018.0,0.0,0.0
2213,L2213_3156,63255.19,6.0,852.0,0.0,0.0
2213,L2213_3157,35178.1,12.0,791.0,0.0,0.0
2214,L2214_3158,49276.36,36.0,174.0,0.0,0.0
2215,L2215_3159,67715.5,36.0,867.0,0.0,0.0
2216,L2216_3160,99500.42,,949.0,0.0,0.0
2216,L2216_3161,31748.38,3.0,876.0,0.0,0.0
2217,L2217_3162,29489.76,6.0,442.0,0.0,
2217,L2217_3163,37706.82,18.0,119.0,0.0,0.0
2217,L2217_3164,28389.88,12.0,1530.0,1.0,3.0
2218,L2218_3165,117845.37,36.0,531.0,0.0,0.0
2219,L2219_3166,34911.9,12.0,1504.0,0.0,0.0
2221,L2221_3167,93353.06,18.0,1024.0,0.0,0.0
2222,L2222_3168,99181.56,3.0,1141.0,0.0,0.0
2222,L2222_3169,25986.5,3.0,355.0,0.0,0.0
2222,L2222_3170,64060.84,6.0,1165.0,0.0,
2224,L2224_3171,114745.29,3.0,1331.0,0.0,0.0
2224,L2224_3172,31799.96,6.0,561.0,1.0,3.0
2226,L2226_3173,43517.83,9.0,,0.0,0.0
2226,L2226_3174,65767.77,24.0,1147.0,0.0,0.0
2226,L2226_3175,68629.39,12.0,996.0,1.0,1.0
2227,L2227_3176,76512.01,3.0,676.0,0.0,0.0
2227,L2227_3177,28092.91,,1468.0,,15.0
2227,L2227_3178,59462.86,9.0,491.0,1.0,3.0
2227,L2227_3179,22250.0,12.0,737.0,0.0,0.0
2227,L2227_3180,98730.72,9.0,1052.0,1.0,15.0
2229,L2229_3181,61587.74,24.0,41.0,0.0,0.0
2229,L2229_3182,21142.31,36.0,840.0,1.0,7.0
2230,L2230_3183,41644.5,,994.0,0.0,0.0
2231,L2231_3184,27540.13,36.0,319.0,0.0,0.0
2231,L2231_3185,88118.15,18.0,687.0,0.0,0.0
2231,L2231_3186,57345.34,36.0,126.0,0.0,0.0
2232,L2232_3187,85037.74,3.0,731.0,0.0,
2232,L2232_3188,53261.98,36.0,1008.0,0.0,0.0
2232,L2232_3189,16615.46,3.0,1269.0,0.0,0.0
2233,L2233_3190,22784.39,3.0,32.0,0.0,0.0
2234,L2234_3191,56833.57,3.0,1043.0,0.0,0.0
2234,L2234_3192,33711.98,24.0,513.0,1.0,15.0
2234,L2234_3193,49528.73,12.0,1051.0,0.0,0.0
2234,L2234_3194,129759.24,24.0,1200.0,0.0,0.0
2235,L2235_3195,54235.29,36.0,1475.0,0.0,0.0
2236,L2236_3196,84210.32,24.0,971.0,1.0,60.0
2236,L2236_3197,34781.5,3.0,1080.0,0.0,0.0
2236,L2236_3198,,24.0,1000.0,0.0,0.0
2237,L2237_3199,79615.06,18.0,,0.0,0.0
2237,L2237_3200,27374.56,6.0,1102.0,1.0,30.0
2237,L2237_3201,40031.23,,559.0,0.0,0.0
2237,L2237_3202,,12.0,1439.0,0.0,0.0
2239,L2239_3203,42396.62,24.0,1468.0,0.0,
2239,L2239_3204,103993.17,36.0,1165.0,0.0,0.0
2239,L2239_3205,51318.93,18.0,557.0,0.0,0.0
2239,L2239_3206,33159.68,9.0,852.0,0.0,0.0
2242,L2242_3207,39875.38,6.0,413.0,0.0,0.0
2242,L2242_3208,43240.71,24.0,277.0,0.0,0.0
2242,L2242_3209,61997.32,9.0,270.0,0.0,0.0
2243,L2243_3210,75131.63,9.0,127.0,0.0,0.0
2245,L2245_3211,132570.53,36.0,1210.0,1.0,1.0
2245,L2245_3212,,36.0,312.0,1.0,1.0
2246,L2246_3213,29600.91,12.0,1362.0,1.0,90.0
2247,L2247_3214,58420.43,9.0,500.0,1.0,3.0
2247,L2247_3215,74525.34,3.0,1355.0,0.0,0.0
2247,L2247_3216,32328.91,36.0,873.0,1.0,30.0
2247,L2247_3217,32299.64,18.0,1317.0,0.0,0.0
2247,L2247_3218,45589.07,18.0,409.0,1.0,3.0
2247,L2247_3219,37456.81,18.0,627.0,1.0,7.0
2247,L2247_3220,47868.99,6.0,1243.0,1.0,7.0
2248,L2248_3221,102791.46,36.0,1182.0,0.0,
2248,L2248_3222,87864.34,18.0,585.0,0.0,0.0
2248,L2248_3223,119036.68,,379.0,0.0,0.0
2249,L2249_3224,70278.76,36.0,938.0,0.0,0.0
2249,L2249_3225,25865.51,9.0,,0.0,0.0
2250,L2250_3226,41535.48,18.0,1249.0,0.0,0.0
2250,L2250_3227,84947.05,36.0,1353.0,0.0,0.0
2252,L2252_3228,51554.58,12.0,1253.0,0.0,0.0
2252,L2252_3229,54464.87,6.0,1200.0,0.0,0.0
2252,L2252_3230,174579.67,3.0,1405.0,0.0,0.0
2252,L2252_3231,154861.29,12.0,943.0,0.0,0.0
2253,L2253_3232,61083.96,18.0,415.0,0.0,0.0
2253,L2253_3233,31689.97,18.0,1233.0,0.0,0.0
2254,L2254_3234,36311.8,9.0,329.0,0.0,0.0
2255,L2255_3235,22265.53,18.0,666.0,1.0,30.0
2255,L2255_3236,89359.73,9.0,1455.0,0.0,0.0
2255,L2255_3237,41953.71,3.0,1209.0,0.0,0.0
2256,L2256_3238,28645.1,18.0,428.0,1.0,3.0
2256,L2256_3239,17956.72,24.0,449.0,0.0,0.0
2256,L2256_3240,37228.34,12.0,938.0,0.0,0.0
2258,L2258_3241,52092.22,36.0,62.0,1.0,1.0
2258,L2258_3242,63477.92,12.0,1226.0,1.0,30.0
2258,L2258_3243,29682.13,24.0,53.0,,15.0
2258,L2258_3244,151918.7,18.0,1542.0,1.0,15.0
2259,L2259_3245,80757.0,12.0,765.0,0.0,0.0
2261,L2261_3246,72932.68,12.0,77.0,0.0,0.0
2261,L2261_3247,31715.27,9.0,1551.0,0.0,0.0
2262,L2262_3248,30293.68,3.0,795.0,0.0,0.0
2263,L2263_3249,93596.4,18.0,906.0,0.0,0.0
2264,L2264_3250,76312.04,6.0,1440.0,1.0,1.0
2264,L2264_3251,47124.72,18.0,772.0,0.0,0.0
2265,L2265_3252,49371.47,36.0,1243.0,0.0,0.0
2265,L2265_3253,43454.87,24.0,1198.0,0.0,0.0
2266,L2266_3254,83282.9,24.0,670.0,1.0,15.0
2266,L2266_3255,29220.11,24.0,1433.0,0.0,0.0
2268,L2268_3256,87587.09,6.0,333.0,0.0,0.0
2268,L2268_3257,28785.78,6.0,1431.0,1.0,90.0
2270,L2270_3258,80390.6,24.0,715.0,0.0,0.0
2270,L2270_3259,97587.66,18.0,877.0,0.0,0.0
2270,L2270_3260,60029.64,24.0,972.0,0.0,0.0
2270,L2270_3261,108787.72,36.0,1343.0,0.0,0.0
2271,L2271_3262,,9.0,80.0,0.0,0.0
2272,L2272_3263,42563.75,36.0,467.0,1.0,7.0
2272,L2272_3264,8120.66,24.0,1123.0,0.0,0.0
2274,L2274_3265,42895.23,3.0,1457.0,0.0,0.0
2275,L2275_3266,12444.45,3.0,93.0,0.0,0.0
2275,L2275_3267,86471.89,24.0,1249.0,0.0,0.0
2277,L2277_3268,36538.6,6.0,1218.0,0.0,0.0
2278,L2278_3269,50171.14,36.0,272.0,0.0,0.0
2279,L2279_3270,30416.3,9.0,708.0,0.0,0.0
2279,L2279_3271,72577.78,18.0,520.0,1.0,30.0
2279,L2279_3272,,3.0,955.0,0.0,0.0
2279,L2279_3273,39263.58,24.0,785.0,0.0,0.0
2280,L2280_3274,72693.36,12.0,274.0,0.0,0.0
2281,L2281_3275,33180.76,36.0,1056.0,0.0,0.0
2281,L2281_3276,36676.24,24.0,1216.0,0.0,0.0
2283,L2283_3277,15590.04,9.0,1234.0,0.0,0.0
2283,L2283_3278,78609.89,3.0,901.0,0.0,0.0
2285,L2285_3279,39803.88,3.0,,0.0,0.0
2286,L2286_3280,88550.9,6.0,1038.0,1.0,1.0
2286,L2286_3281,24031.64,6.0,197.0,0.0,0.0
2286,L2286_3282,14983.34,12.0,1585.0,0.0,0.0
2288,L2288_3283,33993.81,6.0,1126.0,0.0,0.0
2289,L2289_3284,45878.28,18.0,766.0,0.0,0.0
2289,L2289_3285,26123.98,9.0,65.0,1.0,3.0
2290,L2290_3286,47940.64,9.0,499.0,0.0,0.0
2290,L2290_3287,35358.4,6.0,86.0,1.0,
2295,L2295_3288,58395.72,9.0,133.0,0.0,0.0
2295,L2295_3289,26272.33,12.0,1494.0,1.0,15.0
2296,L2296_3290,94995.18,9.0,220.0,0.0,0.0
2296,L2296_3291,64959.45,6.0,1347.0,0.0,0.0
2297,L2297_3292,101439.24,3.0,527.0,0.0,0.0
2298,L2298_3293,52452.34,9.0,866.0,0.0,0.0
2298,L2298_3294,18240.73,12.0,1126.0,0.0,0.0
2299,L2299_3295,97833.61,12.0,1465.0,0.0,0.0
2300,L2300_3296,,,1560.0,0.0,0.0
2301,L2301_3297,17695.81,6.0,549.0,0.0,0.0
2301,L2301_3298,44813.38,6.0,1187.0,,0.0
2302,L2302_3299,46278.99,24.0,605.0,,0.0
2302,L2302_3300,20274.92,9.0,520.0,0.0,0.0
2302,L2302_3301,,24.0,1196.0,0.0,0.0
2302,L2302_3302,69559.22,6.0,267.0,0.0,0.0
2302,L2302_3303,46926.86,24.0,414.0,0.0,0.0
2304,L2304_3304,73696.74,24.0,1567.0,1.0,15.0
2305,L2305_3305,39379.62,9.0,1504.0,0.0,0.0
2307,L2307_3306,112676.54,9.0,1197.0,1.0,15.0
2307,L2307_3307,58767.51,6.0,624.0,1.0,15.0
2308,L2308_3308,,9.0,1122.0,0.0,0.0
2308,L2308_3309,20415.02,12.0,34.0,0.0,0.0
2309,L2309_3310,81558.81,3.0,532.0,0.0,0.0
2310,L2310_3311,120887.78,12.0,963.0,1.0,15.0
2311,L2311_3312,18652.51,3.0,372.0,0.0,0.0
2312,L2312_3313,77143.48,18.0,828.0,0.0,0.0
2313,L2313_3314,,3.0,,0.0,0.0
2315,L2315_3315,50547.28,6.0,525.0,0.0,0.0
2315,L2315_3316,30968.66,3.0,40.0,1.0,15.0
2316,L2316_3317,41254.91,12.0,1310.0,0.0,0.0
2318,L2318_3318,37671.71,18.0,510.0,1.0,3.0
2318,L2318_3319,29485.87,9.0,1349.0,0.0,0.0
2318,L2318_3320,41006.01,6.0,1360.0,0.0,0.0
2318,L2318_3321,153789.43,3.0,759.0,0.0,0.0
2319,L2319_3322,41084.22,18.0,701.0,0.0,0.0
2319,L2319_3323,96324.47,36.0,759.0,0.0,0.0
2319,L2319_3324,56587.41,12.0,1086.0,0.0,0.0
2322,L2322_3325,21151.59,3.0,379.0,0.0,0.0
2323,L2323_3326,50267.34,36.0,1314.0,,0.0
2325,L2325_3327,52014.9,12.0,362.0,0.0,0.0
2325,L2325_3328,37921.3,18.0,1564.0,0.0,0.0
2326,L2326_3329,75533.72,18.0,1319.0,0.0,0.0
2327,L2327_3330,17360.63,,1466.0,0.0,0.0
2329,L2329_3331,35506.05,12.0,878.0,0.0,0.0
2329,L2329_3332,,9.0,230.0,0.0,0.0
2330,L2330_3333,59328.82,18.0,271.0,0.0,0.0
2330,L2330_3334,110278.79,6.0,287.0,0.0,0.0
2330,L2330_3335,32839.63,3.0,504.0,0.0,0.0
2331,L2331_3336,22559.14,36.0,1505.0,0.0,
2331,L2331_3337,62339.04,9.0,785.0,0.0,0.0
2332,L2332_3338,40679.87,12.0,1153.0,0.0,0.0
2332,L2332_3339,24154.85,18.0,391.0,0.0,0.0
2334,L2334_3340,35857.38,9.0,1356.0,1.0,3.0
2334,L2334_3341,59054.46,36.0,640.0,0.0,0.0
2335,L2335_3342,30016.25,3.0,1191.0,1.0,15.0
2335,L2335_3343,55478.02,36.0,272.0,0.0,0.0
2335,L2335_3344,32476.54,12.0,601.0,0.0,0.0
2335,L2335_3345,30890.98,36.0,87.0,0.0,0.0
2336,L2336_3346,60240.05,9.0,1302.0,0.0,0.0
2338,L2338_3347,35317.6,3.0,,1.0,1.0
2339,L2339_3348,47066.0,18.0,1101.0,0.0,0.0
2339,L2339_3349,66162.93,36.0,1306.0,0.0,0.0
2339,L2339_3350,80888.4,24.0,466.0,0.0,0.0
2341,L2341_3351,28753.76,36.0,1327.0,0.0,0.0
2341,L2341_3352,48939.69,24.0,154.0,0.0,0.0
2341,L2341_3353,52048.19,18.0,1531.0,0.0,0.0
2342,L2342_3354,48449.64,36.0,747.0,0.0,0.0
2342,L2342_3355,11507.24,6.0,1145.0,0.0,0.0
2342,L2342_3356,68475.52,9.0,204.0,0.0,0.0
2345,L2345_3357,25673.4,24.0,644.0,1.0,30.0
2347,L2347_3358,127158.95,18.0,436.0,1.0,15.0
2347,L2347_3359,33481.85,24.0,777.0,0.0,0.0
2348,L2348_3360,53389.52,9.0,1593.0,0.0,0.0
2348,L2348_3361,37313.27,9.0,493.0,0.0,0.0
2349,L2349_3362,38902.69,6.0,61.0,0.0,0.0
2350,L2350_3363,33521.42,3.0,1412.0,1.0,60.0
2350,L2350_3364,21032.33,6.0,299.0,0.0,0.0
2350,L2350_3365,,6.0,1451.0,1.0,15.0
2353,L2353_3366,51540.91,3.0,931.0,0.0,0.0
2353,L2353_3367,44742.23,12.0,434.0,0.0,0.0
2353,L2353_3368,79050.42,36.0,,0.0,0.0
2353,L2353_3369,57571.6,18.0,25.0,0.0,0.0
2354,L2354_3370,69329.75,12.0,1299.0,0.0,0.0
2355,L2355_3371,102580.43,3.0,500.0,0.0,0.0
2355,L2355_3372,101526.2,36.0,680.0,1.0,15.0
2356,L2356_3373,44582.61,6.0,377.0,0.0,0.0
2356,L2356_3374,82565.58,18.0,1298.0,0.0,0.0
2360,L2360_3375,116354.02,12.0,1588.0,0.0,0.0
2361,L2361_3376,41258.93,9.0,1494.0,0.0,0.0
2363,L2363_3377,44362.31,18.0,519.0,0.0,
2363,L2363_3378,56925.95,3.0,1489.0,0.0,
2365,L2365_3379,35481.21,24.0,533.0,0.0,0.0
2367,L2367_3380,101311.23,18.0,116.0,0.0,0.0
2368,L2368_3381,52320.7,12.0,1301.0,1.0,7.0
2368,L2368_3382,56229.42,12.0,1269.0,0.0,0.0
2369,L2369_3383,27912.74,24.0,547.0,0.0,0.0
2371,L2371_3384,69818.12,6.0,1106.0,0.0,0.0
2371,L2371_3385,78689.34,6.0,99.0,0.0,0.0
2372,L2372_3386,48350.05,3.0,1247.0,0.0,0.0
2373,L2373_3387,55129.11,36.0,435.0,0.0,0.0
2373,L2373_3388,22910.89,36.0,1332.0,0.0,0.0
2373,L2373_3389,64461.43,24.0,936.0,0.0,0.0
2373,L2373_3390,34044.43,24.0,1426.0,0.0,0.0
2374,L2374_3391,126923.67,9.0,653.0,0.0,0.0
2375,L2375_3392,36199.92,6.0,237.0,0.0,0.0
2375,L2375_3393,74756.2,36.0,478.0,0.0,0.0
2376,L2376_3394,23927.31,9.0,1400.0,0.0,0.0
2376,L2376_3395,73963.18,24.0,1200.0,0.0,0.0
2378,L2378_3396,45393.43,6.0,498.0,0.0,0.0
2379,L2379_3397,29546.54,9.0,782.0,0.0,0.0
2380,L2380_3398,19573.48,24.0,241.0,0.0,0.0
2380,L2380_3399,51663.91,6.0,645.0,0.0,0.0
2381,L2381_3400,66531.33,3.0,194.0,0.0,0.0
2382,L2382_3401,81794.99,24.0,548.0,0.0,0.0
2382,L2382_3402,49796.62,24.0,1331.0,0.0,0.0
2384,L2384_3403,162826.61,18.0,1489.0,,0.0
2384,L2384_3404,71642.91,3.0,372.0,0.0,0.0
2384,L2384_3405,,24.0,470.0,0.0,0.0
2385,L2385_3406,117899.91,3.0,131.0,0.0,0.0
2387,L2387_3407,54164.14,18.0,1143.0,1.0,30.0
2388,L2388_3408,64346.62,18.0,186.0,0.0,0.0
2389,L2389_3409,,3.0,990.0,0.0,0.0
2390,L2390_3410,71083.36,18.0,172.0,0.0,0.0
2390,L2390_3411,72530.33,9.0,692.0,1.0,7.0
2391,L2391_3412,52675.66,36.0,,0.0,0.0
2391,L2391_3413,74476.29,12.0,1015.0,0.0,0.0
2391,L2391_3414,42095.59,,1435.0,0.0,0.0
2392,L2392_3415,28042.34,36.0,271.0,1.0,60.0
2395,L2395_3416,31138.95,18.0,251.0,0.0,0.0
2395,L2395_3417,16585.01,24.0,1196.0,0.0,0.0
2396,L2396_3418,35249.84,18.0,536.0,1.0,7.0
2397,L2397_3419,66459.69,6.0,688.0,0.0,0.0
2398,L2398_3420,59682.63,9.0,589.0,0.0,0.0
2399,L2399_3421,66977.72,,1374.0,0.0,0.0
2401,L2401_3422,63710.22,12.0,1342.0,0.0,0.0
2402,L2402_3423,114499.51,,1050.0,0.0,0.0
2403,L2403_3424,54022.08,24.0,999.0,0.0,0.0
2403,L2403_3425,37821.35,3.0,1023.0,0.0,0.0
2403,L2403_3426,89443.11,6.0,340.0,0.0,0.0
2404,L2404_3427,91196.36,6.0,541.0,1.0,7.0
2405,L2405_3428,63572.5,18.0,1290.0,1.0,15.0
2405,L2405_3429,39109.42,24.0,,0.0,0.0
2405,L2405_3430,149836.6,12.0,966.0,0.0,0.0
2405,L2405_3431,24382.84,3.0,1028.0,0.0,0.0
2405,L2405_3432,100709.25,6.0,284.0,1.0,30.0
2408,L2408_3433,48368.86,3.0,,0.0,0.0
2410,L2410_3434,55208.73,12.0,214.0,0.0,0.0
2410,L2410_3435,29534.56,9.0,1544.0,0.0,0.0
2410,L2410_3436,49037.28,36.0,1365.0,1.0,30.0
2411,L2411_3437,45581.28,6.0,1391.0,1.0,30.0
2411,L2411_3438,25121.72,24.0,1352.0,1.0,7.0
2412,L2412_3439,51674.69,3.0,26.0,0.0,0.0
2412,L2412_3440,39278.34,3.0,830.0,0.0,
2412,L2412_3441,42131.02,3.0,1040.0,0.0,0.0
2412,L2412_3442,45647.26,6.0,810.0,0.0,0.0
2413,L2413_3443,20595.65,9.0,1538.0,0.0,0.0
2414,L2414_3444,59397.2,6.0,471.0,0.0,0.0
2415,L2415_3445,38267.38,6.0,1229.0,1.0,7.0
2415,L2415_3446,,3.0,606.0,0.0,0.0
2416,L2416_3447,28751.19,18.0,1285.0,0.0,0.0
2416,L2416_3448,59218.86,12.0,921.0,0.0,0.0
2416,L2416_3449,44320.68,18.0,575.0,1.0,15.0
2417,L2417_3450,93319.85,6.0,614.0,0.0,0.0
2418,L2418_3451,38532.64,24.0,63.0,0.0,0.0
2419,L2419_3452,34739.03,6.0,1132.0,0.0,0.0
2421,L2421_3453,35364.04,12.0,325.0,0.0,0.0
2421,L2421_3454,36249.63,3.0,1051.0,1.0,3.0
2422,L2422_3455,31730.8,36.0,1297.0,0.0,0.0
2422,L2422_3456,45719.37,18.0,490.0,0.0,0.0
2423,L2423_3457,148691.11,24.0,1174.0,1.0,90.0
2423,L2423_3458,42950.4,36.0,,0.0,0.0
2423,L2423_3459,23093.55,,732.0,0.0,0.0
2424,L2424_3460,58097.04,6.0,579.0,0.0,0.0
2424,L2424_3461,24349.4,18.0,676.0,1.0,30.0
2426,L2426_3462,158126.07,24.0,1299.0,0.0,0.0
2426,L2426_3463,,36.0,1204.0,0.0,0.0
2426,L2426_3464,30879.24,6.0,1311.0,0.0,0.0
2427,L2427_3465,44794.46,3.0,462.0,0.0,0.0
2428,L2428_3466,44794.75,,800.0,0.0,0.0
2429,L2429_3467,44901.08,9.0,528.0,0.0,0.0
2429,L2429_3468,54466.36,,912.0,0.0,0.0
2431,L2431_3469,25942.29,18.0,783.0,0.0,0.0
2431,L2431_3470,58404.89,36.0,270.0,0.0,0.0
2432,L2432_3471,96953.74,18.0,1509.0,0.0,0.0
2433,L2433_3472,73183.51,18.0,1068.0,0.0,0.0
2434,L2434_3473,54535.1,6.0,351.0,0.0,0.0
2436,L2436_3474,121141.71,6.0,428.0,1.0,1.0
2437,L2437_3475,43778.34,3.0,906.0,0.0,0.0
2438,L2438_3476,95110.05,12.0,1554.0,0.0,0.0
2438,L2438_3477,43486.1,24.0,1197.0,0.0,0.0
2439,L2439_3478,46746.58,3.0,786.0,0.0,0.0
2439,L2439_3479,53466.59,3.0,924.0,0.0,0.0
2440,L2440_3480,50424.14,18.0,239.0,0.0,0.0
2440,L2440_3481,39329.1,9.0,273.0,0.0,0.0
2440,L2440_3482,16656.67,3.0,85.0,1.0,30.0
2441,L2441_3483,42138.33,12.0,355.0,0.0,0.0
2441,L2441_3484,37524.85,36.0,502.0,0.0,0.0
2447,L2447_3485,59805.92,6.0,591.0,0.0,0.0
2449,L2449_3486,31845.42,6.0,,0.0,0.0
2450,L2450_3487,71604.77,3.0,196.0,0.0,0.0
2450,L2450_3488,56110.98,24.0,1229.0,0.0,0.0
2450,L2450_3489,48694.55,9.0,1395.0,0.0,0.0
2451,L2451_3490,66531.4,24.0,1277.0,1.0,30.0
2451,L2451_3491,34343.35,36.0,54.0,0.0,0.0
2452,L2452_3492,52096.68,36.0,1077.0,0.0,0.0
2452,L2452_3493,79303.48,18.0,38.0,0.0,0.0
2452,L2452_3494,88306.08,,1040.0,0.0,0.0
2453,L2453_3495,87584.39,6.0,1543.0,0.0,0.0
2454,L2454_3496,65629.2,,42.0,0.0,0.0
2454,L2454_3497,20475.79,3.0,975.0,0.0,0.0
2455,L2455_3498,16558.68,18.0,1554.0,0.0,0.0
2455,L2455_3499,72869.96,18.0,258.0,1.0,
2455,L2455_3500,151374.59,3.0,444.0,0.0,0.0
2455,L2455_3501,42078.04,18.0,999.0,0.0,0.0
2455,L2455_3502,31533.2,9.0,200.0,0.0,0.0
2456,L2456_3503,49555.99,,926.0,0.0,0.0
2456,L2456_3504,38023.45,9.0,763.0,0.0,0.0
2457,L2457_3505,32434.11,36.0,789.0,0.0,0.0
2457,L2457_3506,47397.49,6.0,1537.0,1.0,3.0
2457,L2457_3507,72940.81,9.0,924.0,0.0,0.0
2458,L2458_3508,23602.32,3.0,690.0,0.0,0.0
2459,L2459_3509,,6.0,1244.0,0.0,0.0
2459,L2459_3510,118469.06,9.0,941.0,0.0,0.0
2460,L2460_3511,46168.18,18.0,1582.0,0.0,0.0
2461,L2461_3512,24518.29,18.0,855.0,0.0,
2461,L2461_3513,53842.22,18.0,1440.0,0.0,0.0
2462,L2462_3514,65716.45,18.0,1077.0,1.0,3.0
2464,L2464_3515,90089.78,3.0,929.0,0.0,0.0
2464,L2464_3516,41554.18,12.0,282.0,0.0,0.0
2464,L2464_3517,76860.93,6.0,1583.0,0.0,
2465,L2465_3518,27724.2,36.0,363.0,0.0,0.0
2465,L2465_3519,54581.62,3.0,65.0,0.0,0.0
2466,L2466_3520,53759.48,18.0,1188.0,0.0,0.0
2466,L2466_3521,39609.67,36.0,270.0,0.0,0.0
2467,L2467_3522,78776.22,24.0,730.0,0.0,0.0
2467,L2467_3523,53217.03,36.0,1575.0,0.0,0.0
2468,L2468_3524,34042.75,,539.0,0.0,0.0
2468,L2468_3525,41563.16,12.0,1369.0,0.0,0.0
2468,L2468_3526,17097.59,24.0,742.0,0.0,0.0
2469,L2469_3527,53290.22,,580.0,0.0,0.0
2471,L2471_3528,22781.52,36.0,633.0,0.0,0.0
2472,L2472_3529,50053.29,3.0,330.0,0.0,0.0
2472,L2472_3530,35529.98,24.0,1029.0,0.0,0.0
2472,L2472_3531,65572.77,9.0,644.0,0.0,0.0
2475,L2475_3532,95148.7,12.0,1326.0,1.0,1.0
2477,L2477_3533,38070.17,24.0,1289.0,0.0,0.0
2478,L2478_3534,42194.65,36.0,62.0,0.0,0.0
2478,L2478_3535,36030.89,6.0,1527.0,0.0,0.0
2478,L2478_3536,102292.41,3.0,793.0,0.0,0.0
2479,L2479_3537,27125.31,36.0,1323.0,0.0,0.0
2480,L2480_3538,23861.02,36.0,785.0,0.0,0.0
2481,L2481_3539,216141.41,3.0,1435.0,1.0,15.0
2482,L2482_3540,27583.86,3.0,1195.0,0.0,0.0
2483,L2483_3541,32524.87,12.0,1400.0,1.0,1.0
2483,L2483_3542,46902.76,24.0,1306.0,1.0,1.0
2483,L2483_3543,67439.6,3.0,1455.0,0.0,0.0
2484,L2484_3544,39466.44,18.0,541.0,0.0,0.0
2484,L2484_3545,36990.5,18.0,1378.0,0.0,0.0
2486,L2486_3546,34759.7,12.0,1538.0,1.0,90.0
2488,L2488_3547,44055.31,,1404.0,0.0,0.0
2489,L2489_3548,56016.3,9.0,1471.0,0.0,0.0
2490,L2490_3549,56146.62,3.0,964.0,0.0,0.0
2490,L2490_3550,66665.35,18.0,456.0,0.0,0.0
2491,L2491_3551,85833.78,3.0,,1.0,1.0
2491,L2491_3552,33041.63,9.0,394.0,0.0,0.0
2492,L2492_3553,102206.34,12.0,251.0,0.0,0.0
2493,L2493_3554,36235.21,,691.0,0.0,0.0
2494,L2494_3555,55090.86,18.0,1319.0,1.0,3.0
2494,L2494_3556,63231.7,,904.0,1.0,3.0
2496,L2496_3557,80239.91,18.0,1329.0,1.0,7.0
2496,L2496_3558,48702.21,3.0,947.0,0.0,0.0
2497,L2497_3559,25764.64,12.0,881.0,0.0,0.0
2499,L2499_3560,26967.82,36.0,1208.0,1.0,3.0
2501,L2501_3561,29637.1,36.0,541.0,0.0,0.0
2501,L2501_3562,57308.15,6.0,999.0,0.0,0.0
2501,L2501_3563,35619.91,12.0,1122.0,0.0,0.0
2501,L2501_3564,68055.99,36.0,991.0,1.0,1.0
2502,L2502_3565,170728.2,36.0,369.0,1.0,7.0
2502,L2502_3566,42062.75,18.0,280.0,0.0,0.0
2504,L2504_3567,104051.78,,813.0,0.0,0.0
2504,L2504_3568,55580.67,12.0,500.0,0.0,0.0
2504,L2504_3569,45116.55,18.0,808.0,0.0,0.0
2506,L2506_3570,12877.04,24.0,1223.0,0.0,0.0
2506,L2506_3571,37463.8,6.0,943.0,0.0,0.0
2506,L2506_3572,57292.52,24.0,,1.0,30.0
2508,L2508_3573,152514.29,12.0,1561.0,1.0,7.0
2509,L2509_3574,33512.05,12.0,439.0,0.0,0.0
2510,L2510_3575,39794.31,12.0,1386.0,0.0,0.0
2510,L2510_3576,88045.42,12.0,245.0,0.0,0.0
2510,L2510_3577,80836.56,12.0,1433.0,0.0,0.0
2511,L2511_3578,62719.48,3.0,325.0,0.0,0.0
2511,L2511_3579,74467.19,6.0,798.0,0.0,0.0
2511,L2511_3580,38266.99,3.0,126.0,1.0,7.0
2514,L2514_3581,98544.41,6.0,523.0,0.0,0.0
2515,L2515_3582,69708.23,3.0,488.0,0.0,0.0
2515,L2515_3583,,18.0,20.0,0.0,0.0
2516,L2516_3584,62523.1,36.0,654.0,0.0,
2516,L2516_3585,31892.27,3.0,1525.0,0.0,0.0
2518,L2518_3586,103750.44,24.0,293.0,0.0,0.0
2519,L2519_3587,28311.08,3.0,1432.0,0.0,0.0
2519,L2519_3588,63074.57,3.0,1058.0,0.0,0.0
2520,L2520_3589,18932.82,24.0,1411.0,0.0,
2521,L2521_3590,18444.83,3.0,170.0,0.0,0.0
2524,L2524_3591,31691.82,6.0,1196.0,1.0,7.0
2524,L2524_3592,113437.4,18.0,538.0,0.0,0.0
2525,L2525_3593,,36.0,1532.0,0.0,0.0
2525,L2525_3594,60462.71,6.0,488.0,0.0,0.0
2525,L2525_3595,21240.8,36.0,788.0,1.0,3.0
2525,L2525_3596,41802.3,3.0,1105.0,0.0,0.0
2526,L2526_3597,19018.69,12.0,1164.0,0.0,0.0
2527,L2527_3598,,3.0,701.0,0.0,0.0
2527,L2527_3599,32790.29,9.0,1179.0,0.0,0.0
2527,L2527_3600,41565.74,18.0,1459.0,0.0,0.0
2528,L2528_3601,91450.86,12.0,1435.0,1.0,7.0
2531,L2531_3602,51373.33,18.0,1202.0,,0.0
2532,L2532_3603,120249.29,9.0,119.0,1.0,3.0
2533,L2533_3604,38977.18,12.0,127.0,1.0,60.0
2535,L2535_3605,64577.58,36.0,,1.0,7.0
2536,L2536_3606,31656.89,12.0,1308.0,0.0,0.0
2536,L2536_3607,43773.7,3.0,570.0,0.0,0.0
2536,L2536_3608,129626.02,6.0,1378.0,0.0,0.0
2536,L2536_3609,49970.68,6.0,569.0,1.0,1.0
2538,L2538_3610,23918.08,,78.0,0.0,0.0
2539,L2539_3611,46598.5,,1413.0,0.0,0.0
2540,L2540_3612,14464.62,36.0,1387.0,1.0,7.0
2540,L2540_3613,24669.48,36.0,700.0,0.0,0.0
2540,L2540_3614,46053.45,6.0,1059.0,0.0,0.0
2541,L2541_3615,92000.19,12.0,573.0,0.0,0.0
2541,L2541_3616,29611.85,9.0,1007.0,0.0,0.0
2541,L2541_3617,25333.9,36.0,1415.0,0.0,0.0
2541,L2541_3618,30828.71,12.0,663.0,0.0,0.0
2543,L2543_3619,110658.92,24.0,105.0,1.0,30.0
2543,L2543_3620,100957.93,6.0,1508.0,1.0,90.0
2544,L2544_3621,57355.24,12.0,1455.0,1.0,30.0
2544,L2544_3622,,12.0,1089.0,0.0,0.0
2545,L2545_3623,27118.98,12.0,596.0,0.0,0.0
2545,L2545_3624,16472.83,9.0,801.0,1.0,7.0
2546,L2546_3625,38163.59,24.0,543.0,0.0,0.0
2547,L2547_3626,22208.76,3.0,1241.0,1.0,90.0
2548,L2548_3627,40866.07,36.0,407.0,0.0,0.0
2550,L2550_3628,53548.83,12.0,864.0,1.0,7.0
2550,L2550_3629,26085.81,12.0,1470.0,0.0,0.0
2551,L2551_3630,64824.35,36.0,456.0,0.0,0.0
2554,L2554_3631,67065.2,12.0,740.0,0.0,0.0
2555,L2555_3632,56567.35,24.0,44.0,0.0,0.0
2555,L2555_3633,119736.74,12.0,,,0.0
2558,L2558_3634,27399.41,9.0,180.0,0.0,0.0
2558,L2558_3635,91232.57,3.0,310.0,0.0,0.0
2560,L2560_3636,25649.84,12.0,1551.0,0.0,0.0
2560,L2560_3637,56032.88,9.0,397.0,1.0,3.0
2560,L2560_3638,181064.69,36.0,754.0,0.0,0.0
2560,L2560_3639,40264.56,18.0,1292.0,0.0,0.0
2560,L2560_3640,81563.46,6.0,105.0,0.0,0.0
2560,L2560_3641,109371.28,36.0,251.0,0.0,
2561,L2561_3642,39142.23,6.0,1243.0,0.0,0.0
2562,L2562_3643,19179.5,36.0,557.0,0.0,0.0
2563,L2563_3644,31957.0,9.0,435.0,0.0,0.0
2563,L2563_3645,77467.89,18.0,1320.0,1.0,90.0
2563,L2563_3646,47665.46,18.0,75.0,0.0,0.0
2564,L2564_3647,76139.06,12.0,1312.0,0.0,0.0
2565,L2565_3648,54472.98,3.0,763.0,0.0,0.0
2566,L2566_3649,58943.68,9.0,1108.0,0.0,0.0
2567,L2567_3650,52388.42,6.0,1582.0,0.0,0.0
2567,L2567_3651,40077.34,36.0,1505.0,0.0,0.0
2568,L2568_3652,94065.88,24.0,1237.0,1.0,30.0
2568,L2568_3653,33506.95,36.0,1061.0,0.0,0.0
2569,L2569_3654,37824.95,24.0,588.0,0.0,
2569,L2569_3655,34008.02,24.0,1403.0,0.0,0.0
2570,L2570_3656,33481.85,24.0,1005.0,0.0,0.0
2571,L2571_3657,105147.9,18.0,163.0,0.0,0.0
2571,L2571_3658,43781.96,24.0,1170.0,1.0,1.0
2571,L2571_3659,18040.65,6.0,561.0,0.0,0.0
2572,L2572_3660,83815.71,24.0,1028.0,0.0,0.0
2573,L2573_3661,73940.04,24.0,635.0,0.0,0.0
2574,L2574_3662,39736.7,12.0,572.0,0.0,0.0
2574,L2574_3663,89499.29,3.0,1184.0,,0.0
2575,L2575_3664,,6.0,135.0,0.0,0.0
2575,L2575_3665,29842.22,18.0,1597.0,0.0,0.0
2576,L2576_3666,106350.57,3.0,653.0,0.0,0.0
2577,L2577_3667,27378.38,3.0,792.0,0.0,0.0
2577,L2577_3668,87308.72,24.0,884.0,1.0,30.0
2578,L2578_3669,37884.79,6.0,951.0,0.0,0.0
2579,L2579_3670,39940.02,9.0,,1.0,30.0
2580,L2580_3671,41085.05,36.0,595.0,0.0,0.0
2581,L2581_3672,47292.35,12.0,1104.0,0.0,0.0
2581,L2581_3673,132135.04,6.0,168.0,0.0,0.0
2581,L2581_3674,14823.07,24.0,1549.0,1.0,30.0
2583,L2583_3675,44073.07,24.0,210.0,1.0,
2583,L2583_3676,79545.28,18.0,728.0,0.0,0.0
2583,L2583_3677,27924.17,36.0,1597.0,0.0,
2584,L2584_3678,31262.86,9.0,428.0,0.0,0.0
2584,L2584_3679,45705.19,36.0,941.0,1.0,15.0
2585,L2585_3680,46512.42,12.0,677.0,0.0,
2587,L2587_3681,14651.2,9.0,239.0,0.0,0.0
2587,L2587_3682,,18.0,1511.0,0.0,0.0
2587,L2587_3683,40197.24,36.0,377.0,0.0,0.0
2588,L2588_3684,33023.07,24.0,183.0,0.0,0.0
2588,L2588_3685,84896.19,18.0,833.0,0.0,0.0
2588,L2588_3686,,12.0,378.0,1.0,30.0
2588,L2588_3687,99990.94,6.0,,0.0,0.0
2589,L2589_3688,58857.08,6.0,1341.0,0.0,0.0
2594,L2594_3689,,9.0,967.0,0.0,0.0
2595,L2595_3690,40780.54,6.0,575.0,0.0,
2597,L2597_3691,71559.3,24.0,1269.0,1.0,3.0
2597,L2597_3692,142517.37,36.0,62.0,0.0,0.0
2598,L2598_3693,,12.0,1132.0,1.0,3.0
2599,L2599_3694,79095.6,3.0,487.0,1.0,1.0
2599,L2599_3695,29811.02,,368.0,1.0,3.0
2600,L2600_3696,62377.67,18.0,465.0,1.0,3.0
2600,L2600_3697,82698.12,12.0,206.0,0.0,0.0
2601,L2601_3698,42471.17,9.0,821.0,0.0,0.0
2603,L2603_3699,19270.77,,1513.0,0.0,0.0
2604,L2604_3700,32304.84,9.0,1313.0,0.0,0.0
2604,L2604_3701,40842.39,9.0,37.0,0.0,0.0
2608,L2608_3702,37298.7,3.0,599.0,0.0,0.0
2610,L2610_3703,113592.88,36.0,1024.0,0.0,
2610,L2610_3704,55517.0,6.0,652.0,0.0,
2611,L2611_3705,77673.63,12.0,839.0,0.0,0.0
2613,L2613_3706,12447.21,9.0,1451.0,0.0,0.0
2614,L2614_3707,18269.61,18.0,1456.0,1.0,15.0
2615,L2615_3708,38197.08,9.0,1499.0,0.0,0.0
2616,L2616_3709,45853.77,,1540.0,0.0,0.0
2616,L2616_3710,55545.1,12.0,463.0,1.0,15.0
2617,L2617_3711,24039.76,3.0,1411.0,0.0,0.0
2618,L2618_3712,32991.23,24.0,1072.0,0.0,0.0
2618,L2618_3713,52742.06,6.0,750.0,1.0,
2619,L2619_3714,85840.42,9.0,1454.0,0.0,0.0
2620,L2620_3715,21131.59,6.0,,0.0,0.0
2620,L2620_3716,136418.16,6.0,1076.0,1.0,15.0
2620,L2620_3717,46755.16,,168.0,0.0,0.0
2621,L2621_3718,88250.16,,1297.0,0.0,0.0
2622,L2622_3719,32790.71,12.0,1027.0,0.0,0.0
2622,L2622_3720,31926.73,36.0,1220.0,0.0,0.0
2623,L2623_3721,60186.45,24.0,1537.0,0.0,0.0
2624,L2624_3722,37899.86,6.0,576.0,1.0,
2624,L2624_3723,33010.88,36.0,173.0,0.0,0.0
2625,L2625_3724,153320.59,9.0,36.0,1.0,15.0
2625,L2625_3725,91939.3,24.0,723.0,0.0,0.0
2626,L2626_3726,50762.93,12.0,906.0,0.0,0.0
2626,L2626_3727,69933.33,18.0,,1.0,7.0
2626,L2626_3728,34595.96,6.0,1196.0,0.0,0.0
2627,L2627_3729,82317.14,18.0,946.0,0.0,0.0
2627,L2627_3730,31743.65,24.0,1504.0,0.0,0.0
2628,L2628_3731,75527.03,36.0,992.0,0.0,0.0
2628,L2628_3732,115335.79,36.0,757.0,1.0,30.0
2629,L2629_3733,60209.37,,226.0,0.0,0.0
2632,L2632_3734,30102.82,36.0,105.0,0.0,0.0
2632,L2632_3735,35443.73,6.0,1435.0,1.0,15.0
2632,L2632_3736,60647.19,6.0,89.0,0.0,0.0
2635,L2635_3737,35427.0,24.0,216.0,0.0,0.0
2635,L2635_3738,77596.48,18.0,24.0,0.0,0.0
2635,L2635_3739,165537.96,12.0,504.0,0.0,0.0
2635,L2635_3740,42849.7,9.0,1576.0,0.0,0.0
2636,L2636_3741,33278.37,36.0,732.0,0.0,0.0
2637,L2637_3742,28224.32,6.0,1073.0,0.0,0.0
2638,L2638_3743,76821.42,24.0,173.0,0.0,0.0
2638,L2638_3744,47353.58,24.0,480.0,1.0,7.0
2640,L2640_3745,67130.09,12.0,479.0,0.0,0.0
2640,L2640_3746,18703.05,24.0,45.0,0.0,0.0
2640,L2640_3747,127510.9,6.0,1554.0,0.0,0.0
2641,L2641_3748,101290.86,18.0,1347.0,0.0,0.0
2642,L2642_3749,34457.36,9.0,266.0,0.0,0.0
2643,L2643_3750,73273.0,12.0,645.0,0.0,0.0
2644,L2644_3751,55378.94,24.0,1180.0,0.0,0.0
2645,L2645_3752,22892.49,6.0,39.0,0.0,0.0
2647,L2647_3753,136741.15,36.0,,0.0,
2647,L2647_3754,46624.21,36.0,1034.0,0.0,0.0
2648,L2648_3755,35866.16,18.0,426.0,0.0,0.0
2649,L2649_3756,81481.77,9.0,66.0,1.0,3.0
2649,L2649_3757,50909.45,24.0,1443.0,0.0,0.0
2651,L2651_3758,50450.98,18.0,802.0,0.0,0.0
2651,L2651_3759,41175.22,36.0,1026.0,0.0,0.0
2653,L2653_3760,44015.36,24.0,91.0,0.0,0.0
2653,L2653_3761,37646.3,36.0,442.0,0.0,0.0
2653,L2653_3762,,12.0,813.0,1.0,7.0
2654,L2654_3763,44314.21,9.0,26.0,0.0,0.0
2654,L2654_3764,89357.19,6.0,581.0,0.0,0.0
2655,L2655_3765,19884.56,18.0,1264.0,0.0,0.0
2655,L2655_3766,43435.08,24.0,26.0,0.0,0.0
2656,L2656_3767,62224.94,9.0,1115.0,0.0,0.0
2657,L2657_3768,107236.05,12.0,1069.0,0.0,0.0
2657,L2657_3769,47984.49,9.0,1065.0,0.0,0.0
2658,L2658_3770,63799.23,12.0,299.0,0.0,0.0
2661,L2661_3771,31455.71,12.0,1152.0,1.0,15.0
2662,L2662_3772,45692.83,18.0,851.0,0.0,
2663,L2663_3773,53043.69,3.0,1583.0,,0.0
2664,L2664_3774,59279.33,6.0,1058.0,0.0,0.0
2664,L2664_3775,99701.27,18.0,312.0,1.0,30.0
2665,L2665_3776,67705.25,24.0,926.0,0.0,0.0
2666,L2666_3777,36109.93,9.0,895.0,0.0,0.0
2666,L2666_3778,20656.31,6.0,1285.0,1.0,7.0
2666,L2666_3779,,36.0,1397.0,0.0,0.0
2667,L2667_3780,114878.5,36.0,745.0,0.0,0.0
2668,L2668_3781,46259.66,6.0,924.0,0.0,0.0
2668,L2668_3782,34000.59,24.0,571.0,0.0,0.0
2669,L2669_3783,50661.95,12.0,172.0,1.0,3.0
2669,L2669_3784,49933.29,18.0,164.0,1.0,7.0
2671,L2671_3785,30333.05,12.0,326.0,0.0,0.0
2671,L2671_3786,112412.42,9.0,1393.0,0.0,0.0
2672,L2672_3787,51788.56,3.0,523.0,0.0,0.0
2673,L2673_3788,48210.84,6.0,1358.0,0.0,0.0
2673,L2673_3789,24357.92,3.0,,0.0,0.0
2675,L2675_3790,26698.28,12.0,1480.0,0.0,0.0
2675,L2675_3791,53872.12,18.0,205.0,0.0,0.0
2676,L2676_3792,68976.72,9.0,242.0,0.0,0.0
2676,L2676_3793,102919.05,9.0,141.0,1.0,7.0
2676,L2676_3794,49833.36,3.0,1339.0,0.0,0.0
2677,L2677_3795,80063.31,9.0,1426.0,0.0,0.0
2677,L2677_3796,76730.0,9.0,1031.0,0.0,0.0
2679,L2679_3797,69624.01,6.0,83.0,1.0,1.0
2679,L2679_3798,30638.06,12.0,710.0,0.0,0.0
2680,L2680_3799,68559.47,18.0,453.0,0.0,0.0
2681,L2681_3800,60112.54,24.0,46.0,0.0,0.0
2681,L2681_3801,48824.33,12.0,1284.0,,30.0
2681,L2681_3802,72278.61,24.0,816.0,0.0,0.0
2682,L2682_3803,47374.96,3.0,613.0,0.0,0.0
2682,L2682_3804,65509.75,24.0,40.0,0.0,0.0
2682,L2682_3805,46581.34,36.0,951.0,0.0,0.0
2683,L2683_3806,61279.72,36.0,1382.0,1.0,3.0
2684,L2684_3807,66337.42,36.0,700.0,0.0,0.0
2684,L2684_3808,13968.96,24.0,538.0,0.0,0.0
2685,L2685_3809,44308.93,,1496.0,0.0,0.0
2685,L2685_3810,45500.36,9.0,,0.0,0.0
2686,L2686_3811,30595.08,12.0,1097.0,0.0,0.0
2686,L2686_3812,36953.31,6.0,892.0,0.0,0.0
2687,L2687_3813,,12.0,669.0,0.0,0.0
2687,L2687_3814,90846.64,36.0,509.0,0.0,0.0
2687,L2687_3815,28741.49,18.0,111.0,0.0,0.0
2688,L2688_3816,73446.91,3.0,689.0,0.0,0.0
2689,L2689_3817,146394.53,24.0,502.0,0.0,0.0
2690,L2690_3818,77129.78,3.0,1162.0,0.0,0.0
2691,L2691_3819,61790.93,24.0,618.0,0.0,0.0
2691,L2691_3820,151669.23,9.0,,1.0,3.0
2691,L2691_3821,98602.81,18.0,1118.0,0.0,0.0
2692,L2692_3822,29700.32,6.0,218.0,0.0,0.0
2692,L2692_3823,40638.37,24.0,1337.0,0.0,0.0
2692,L2692_3824,28601.96,12.0,418.0,0.0,0.0
2693,L2693_3825,42461.68,9.0,1044.0,0.0,0.0
2693,L2693_3826,49181.3,36.0,935.0,0.0,0.0
2693,L2693_3827,72819.27,18.0,1072.0,0.0,0.0
2695,L2695_3828,56783.7,6.0,354.0,0.0,0.0
2696,L2696_3829,58020.98,9.0,969.0,0.0,0.0
2697,L2697_3830,76016.34,6.0,252.0,0.0,0.0
2699,L2699_3831,77704.97,18.0,689.0,1.0,15.0
2701,L2701_3832,17146.43,24.0,801.0,1.0,1.0
2702,L2702_3833,75633.96,9.0,1010.0,0.0,0.0
2702,L2702_3834,17376.66,3.0,902.0,0.0,0.0
2702,L2702_3835,20996.38,36.0,399.0,0.0,0.0
2703,L2703_3836,64305.31,12.0,1038.0,0.0,0.0
2704,L2704_3837,35163.6,12.0,629.0,0.0,0.0
2704,L2704_3838,40033.13,,1080.0,0.0,0.0
2705,L2705_3839,118558.29,9.0,325.0,0.0,0.0
2705,L2705_3840,,12.0,1289.0,0.0,0.0
2705,L2705_3841,63161.75,6.0,287.0,1.0,15.0
2707,L2707_3842,18676.59,12.0,52.0,0.0,0.0
2708,L2708_3843,68941.07,6.0,1211.0,0.0,0.0
2708,L2708_3844,47019.51,3.0,37.0,0.0,0.0
2708,L2708_3845,,3.0,1029.0,0.0,
2710,L2710_3846,24925.51,6.0,455.0,1.0,15.0
2710,L2710_3847,22946.79,6.0,1479.0,0.0,0.0
2712,L2712_3848,86409.04,12.0,1430.0,0.0,0.0
2713,L2713_3849,114718.61,18.0,991.0,0.0,0.0
2714,L2714_3850,19914.28,24.0,1131.0,0.0,0.0
2714,L2714_3851,79055.48,36.0,730.0,1.0,7.0
2714,L2714_3852,17664.75,6.0,269.0,1.0,30.0
2716,L2716_3853,31610.24,18.0,1014.0,0.0,0.0
2717,L2717_3854,109789.52,9.0,1306.0,0.0,0.0
2718,L2718_3855,31741.6,9.0,362.0,0.0,0.0
2718,L2718_3856,49127.06,3.0,348.0,0.0,0.0
2719,L2719_3857,42853.76,12.0,1037.0,0.0,0.0
2719,L2719_3858,49442.8,9.0,417.0,,3.0
2720,L2720_3859,35179.78,3.0,1025.0,0.0,0.0
2722,L2722_3860,90586.43,3.0,876.0,0.0,0.0
2723,L2723_3861,36497.23,6.0,559.0,0.0,0.0
2726,L2726_3862,39402.98,9.0,1089.0,0.0,0.0
2726,L2726_3863,32762.29,12.0,193.0,0.0,0.0
2729,L2729_3864,55556.74,9.0,1490.0,0.0,0.0
2732,L2732_3865,28060.92,36.0,354.0,0.0,0.0
2732,L2732_3866,86557.63,12.0,375.0,0.0,0.0
2734,L2734_3867,44307.77,24.0,765.0,0.0,0.0
2736,L2736_3868,34263.33,3.0,1343.0,1.0,7.0
2738,L2738_3869,28836.8,3.0,814.0,0.0,0.0
2738,L2738_3870,78403.3,3.0,1028.0,0.0,0.0
2739,L2739_3871,93795.99,9.0,1579.0,0.0,
2739,L2739_3872,44237.59,3.0,449.0,0.0,0.0
2740,L2740_3873,42979.25,24.0,778.0,0.0,0.0
2741,L2741_3874,38292.8,18.0,1312.0,1.0,3.0
2741,L2741_3875,17294.85,3.0,420.0,1.0,15.0
2741,L2741_3876,23632.53,9.0,818.0,0.0,0.0
2742,L2742_3877,49244.44,9.0,604.0,1.0,90.0
2743,L2743_3878,42855.16,36.0,742.0,0.0,
2743,L2743_3879,13903.0,3.0,702.0,1.0,15.0
2743,L2743_3880,67271.78,18.0,375.0,0.0,0.0
2745,L2745_3881,68571.96,3.0,1236.0,0.0,0.0
2747,L2747_3882,98162.14,,1587.0,0.0,0.0
2748,L2748_3883,38669.06,6.0,756.0,0.0,0.0
2749,L2749_3884,54744.1,12.0,926.0,1.0,30.0
2749,L2749_3885,44802.9,9.0,1516.0,0.0,0.0
2750,L2750_3886,88099.79,12.0,1529.0,0.0,0.0
2750,L2750_3887,89832.36,3.0,1223.0,0.0,0.0
2751,L2751_3888,59394.67,3.0,784.0,0.0,0.0
2754,L2754_3889,42479.81,24.0,755.0,0.0,0.0
2754,L2754_3890,72542.3,6.0,1068.0,0.0,0.0
2755,L2755_3891,21232.25,36.0,954.0,0.0,0.0
2755,L2755_3892,49106.6,3.0,1142.0,0.0,0.0
2756,L2756_3893,102029.66,18.0,213.0,0.0,0.0
2756,L2756_3894,143146.31,6.0,1459.0,0.0,0.0
2756,L2756_3895,46023.06,12.0,849.0,1.0,30.0
2756,L2756_3896,45389.6,18.0,564.0,0.0,
2757,L2757_3897,73879.85,6.0,1247.0,0.0,0.0
2757,L2757_3898,24417.44,6.0,1162.0,1.0,7.0
2757,L2757_3899,56254.9,3.0,295.0,1.0,7.0
2758,L2758_3900,149228.74,3.0,444.0,1.0,3.0
2759,L2759_3901,59385.7,6.0,,0.0,0.0
2760,L2760_3902,28635.94,36.0,712.0,0.0,0.0
2761,L2761_3903,58364.09,9.0,1329.0,0.0,0.0
2761,L2761_3904,66025.16,12.0,131.0,1.0,3.0
2761,L2761_3905,91187.77,12.0,643.0,0.0,0.0
2762,L2762_3906,52827.29,6.0,399.0,0.0,0.0
2762,L2762_3907,52234.13,6.0,1224.0,0.0,0.0
2763,L2763_3908,56473.91,24.0,1162.0,0.0,0.0
2763,L2763_3909,32070.81,24.0,172.0,0.0,0.0
2765,L2765_3910,33772.53,3.0,1225.0,0.0,0.0
2767,L2767_3911,34433.86,18.0,356.0,0.0,0.0
2768,L2768_3912,32903.8,9.0,1453.0,0.0,0.0
2770,L2770_3913,76117.62,12.0,986.0,1.0,7.0
2770,L2770_3914,83275.9,24.0,556.0,0.0,0.0
2774,L2774_3915,112905.39,3.0,1315.0,1.0,7.0
2774,L2774_3916,52257.9,12.0,637.0,0.0,0.0
2775,L2775_3917,30002.98,6.0,360.0,0.0,0.0
2776,L2776_3918,78273.51,18.0,404.0,0.0,0.0
2776,L2776_3919,33849.39,12.0,1475.0,0.0,
2777,L2777_3920,80639.67,9.0,129.0,0.0,0.0
2777,L2777_3921,73681.69,6.0,384.0,0.0,0.0
2778,L2778_3922,25631.35,36.0,595.0,1.0,15.0
2778,L2778_3923,17476.41,3.0,287.0,0.0,0.0
2780,L2780_3924,38770.08,18.0,770.0,0.0,0.0
2780,L2780_3925,19362.4,6.0,93.0,0.0,0.0
2780,L2780_3926,56160.72,3.0,626.0,0.0,0.0
2780,L2780_3927,61312.78,18.0,1595.0,1.0,7.0
2781,L2781_3928,23476.7,9.0,1259.0,1.0,3.0
2781,L2781_3929,76665.8,24.0,1267.0,0.0,0.0
2781,L2781_3930,38786.41,24.0,1126.0,0.0,0.0
2783,L2783_3931,32271.1,9.0,408.0,1.0,7.0
2784,L2784_3932,16769.05,36.0,643.0,0.0,0.0
2786,L2786_3933,124358.3,12.0,68.0,0.0,0.0
2787,L2787_3934,23662.76,12.0,885.0,0.0,0.0
2789,L2789_3935,94502.45,,1544.0,0.0,0.0
2789,L2789_3936,51269.98,3.0,1337.0,1.0,7.0
2791,L2791_3937,104079.1,18.0,910.0,0.0,0.0
2792,L2792_3938,42747.57,6.0,478.0,0.0,0.0
2794,L2794_3939,38787.09,9.0,1571.0,0.0,0.0
2795,L2795_3940,36476.53,6.0,951.0,0.0,0.0
2796,L2796_3941,19052.69,18.0,571.0,0.0,0.0
2796,L2796_3942,29756.97,3.0,1259.0,0.0,0.0
2797,L2797_3943,118830.91,6.0,213.0,0.0,0.0
2797,L2797_3944,34612.13,24.0,178.0,1.0,7.0
2802,L2802_3945,49762.12,,237.0,0.0,0.0
2803,L2803_3946,27799.77,9.0,312.0,0.0,0.0
2804,L2804_3947,47524.28,3.0,48.0,0.0,0.0
2804,L2804_3948,31340.49,12.0,405.0,0.0,0.0
2806,L2806_3949,62692.03,24.0,638.0,0.0,
2806,L2806_3950,25645.37,9.0,727.0,0.0,0.0
2806,L2806_3951,49663.47,12.0,962.0,0.0,0.0
2806,L2806_3952,35516.4,36.0,1025.0,0.0,0.0
2806,L2806_3953,53158.67,18.0,843.0,0.0,0.0
2807,L2807_3954,36854.62,36.0,120.0,0.0,0.0
2808,L2808_3955,49811.33,3.0,1295.0,1.0,1.0
2808,L2808_3956,35863.0,24.0,287.0,0.0,0.0
2810,L2810_3957,96982.19,3.0,1337.0,0.0,0.0
2811,L2811_3958,39281.84,12.0,564.0,0.0,0.0
2811,L2811_3959,26008.08,9.0,546.0,1.0,3.0
2811,L2811_3960,43218.51,18.0,375.0,0.0,0.0
2813,L2813_3961,87096.58,6.0,1302.0,1.0,30.0
2813,L2813_3962,44262.77,12.0,1280.0,0.0,0.0
2816,L2816_3963,61492.6,6.0,405.0,0.0,0.0
2816,L2816_3964,167034.66,36.0,336.0,0.0,0.0
2817,L2817_3965,58224.92,6.0,285.0,0.0,0.0
2817,L2817_3966,14159.3,12.0,342.0,1.0,30.0
2818,L2818_3967,52350.69,9.0,336.0,0.0,0.0
2819,L2819_3968,59811.5,6.0,273.0,0.0,0.0
2824,L2824_3969,39611.05,12.0,1484.0,0.0,0.0
2824,L2824_3970,36681.03,3.0,156.0,0.0,0.0
2824,L2824_3971,43242.92,9.0,236.0,0.0,0.0
2825,L2825_3972,62907.0,9.0,937.0,0.0,0.0
2825,L2825_3973,70147.79,3.0,132.0,0.0,0.0
2825,L2825_3974,56336.25,12.0,356.0,0.0,0.0
2825,L2825_3975,25879.99,,,0.0,0.0
2826,L2826_3976,77888.48,6.0,583.0,0.0,0.0
2827,L2827_3977,38090.78,9.0,,0.0,0.0
2827,L2827_3978,25863.76,12.0,49.0,0.0,0.0
2827,L2827_3979,29581.7,12.0,1453.0,0.0,0.0
2828,L2828_3980,17857.52,24.0,1432.0,1.0,3.0
2829,L2829_3981,48724.49,24.0,1151.0,0.0,0.0
2829,L2829_3982,45769.4,24.0,67.0,0.0,0.0
2830,L2830_3983,104223.74,18.0,1146.0,0.0,0.0
2830,L2830_3984,80831.4,9.0,301.0,0.0,0.0
2831,L2831_3985,14045.2,3.0,187.0,0.0,0.0
2831,L2831_3986,52004.18,9.0,274.0,0.0,
2831,L2831_3987,54259.47,24.0,1475.0,0.0,0.0
2832,L2832_3988,70723.65,36.0,1126.0,0.0,0.0
2832,L2832_3989,50983.0,18.0,1490.0,0.0,0.0
2832,L2832_3990,46607.86,3.0,410.0,0.0,0.0
2833,L2833_3991,41025.65,3.0,1518.0,0.0,
2834,L2834_3992,37434.71,3.0,1332.0,0.0,0.0
2834,L2834_3993,54362.67,36.0,,0.0,0.0
2834,L2834_3994,57315.58,36.0,1081.0,0.0,
2834,L2834_3995,,36.0,1305.0,0.0,0.0
2835,L2835_3996,53354.58,,50.0,0.0,0.0
2835,L2835_3997,160494.25,12.0,776.0,0.0,0.0
2835,L2835_3998,54254.16,24.0,133.0,0.0,0.0
2836,L2836_3999,57026.37,6.0,601.0,0.0,0.0
2837,L2837_4000,85414.1,3.0,357.0,0.0,0.0
2838,L2838_4001,90879.48,36.0,1294.0,1.0,1.0
2840,L2840_4002,104029.51,6.0,1113.0,0.0,0.0
2840,L2840_4003,7225.43,24.0,694.0,0.0,
2841,L2841_4004,76038.43,12.0,395.0,1.0,15.0
2841,L2841_4005,67302.54,6.0,877.0,0.0,0.0
2842,L2842_4006,65397.21,9.0,793.0,1.0,7.0
2842,L2842_4007,44306.61,6.0,404.0,0.0,0.0
2843,L2843_4008,46966.68,9.0,1169.0,0.0,0.0
2843,L2843_4009,42213.41,36.0,522.0,0.0,0.0
2844,L2844_4010,33089.2,3.0,1035.0,0.0,0.0
2845,L2845_4011,86686.13,6.0,698.0,1.0,
2846,L2846_4012,65942.82,36.0,785.0,0.0,0.0
2846,L2846_4013,151067.76,6.0,650.0,0.0,0.0
2848,L2848_4014,77475.59,18.0,866.0,0.0,0.0
2850,L2850_4015,23362.84,9.0,1166.0,0.0,0.0
2851,L2851_4016,18947.92,9.0,537.0,1.0,15.0
2851,L2851_4017,53839.38,3.0,1513.0,0.0,0.0
2852,L2852_4018,71891.79,3.0,258.0,0.0,0.0
2852,L2852_4019,81790.05,9.0,607.0,0.0,0.0
2852,L2852_4020,22926.7,36.0,1331.0,0.0,0.0
2854,L2854_4021,48857.76,3.0,1339.0,0.0,0.0
2855,L2855_4022,47853.86,9.0,536.0,1.0,3.0
2858,L2858_4023,51449.56,9.0,530.0,0.0,0.0
2859,L2859_4024,31116.84,36.0,130.0,0.0,
2860,L2860_4025,89929.51,24.0,491.0,1.0,30.0
2861,L2861_4026,38330.04,,735.0,1.0,30.0
2861,L2861_4027,35258.66,36.0,161.0,0.0,0.0
2862,L2862_4028,52681.9,,273.0,0.0,0.0
2864,L2864_4029,116325.74,24.0,197.0,0.0,0.0
2864,L2864_4030,45575.12,,669.0,0.0,0.0
2864,L2864_4031,30311.28,24.0,446.0,1.0,3.0
2865,L2865_4032,31295.6,18.0,332.0,0.0,
2866,L2866_4033,44485.12,6.0,369.0,1.0,7.0
2867,L2867_4034,43766.93,3.0,304.0,0.0,0.0
2868,L2868_4035,39061.53,12.0,456.0,1.0,15.0
2868,L2868_4036,39867.18,9.0,854.0,1.0,3.0
2868,L2868_4037,29488.52,6.0,,0.0,0.0
2869,L2869_4038,38149.12,18.0,637.0,0.0,0.0
2869,L2869_4039,64776.25,36.0,1490.0,1.0,
2869,L2869_4040,41304.41,18.0,1001.0,1.0,3.0
2871,L2871_4041,145508.78,3.0,1041.0,1.0,15.0
2871,L2871_4042,59884.49,9.0,1460.0,0.0,0.0
2872,L2872_4043,28122.42,9.0,1124.0,0.0,0.0
2873,L2873_4044,16974.99,6.0,1162.0,1.0,15.0
2873,L2873_4045,44722.59,18.0,1234.0,0.0,0.0
2874,L2874_4046,49706.55,24.0,989.0,0.0,0.0
2874,L2874_4047,41363.33,6.0,400.0,0.0,0.0
2875,L2875_4048,71297.35,6.0,1386.0,1.0,7.0
2875,L2875_4049,43198.07,,1132.0,0.0,0.0
2876,L2876_4050,96167.55,,348.0,0.0,0.0
2877,L2877_4051,35270.31,24.0,305.0,1.0,1.0
2877,L2877_4052,,9.0,1461.0,1.0,15.0
2878,L2878_4053,33781.13,24.0,322.0,0.0,0.0
2878,L2878_4054,80447.79,18.0,1446.0,1.0,30.0
2878,L2878_4055,26325.29,,765.0,1.0,90.0
2879,L2879_4056,33637.66,9.0,631.0,0.0,0.0
2880,L2880_4057,33461.97,12.0,1061.0,0.0,0.0
2883,L2883_4058,88320.03,9.0,205.0,0.0,0.0
2885,L2885_4059,45645.66,12.0,1035.0,0.0,0.0
2886,L2886_4060,38303.93,24.0,249.0,0.0,0.0
2886,L2886_4061,31195.91,6.0,901.0,0.0,0.0
2886,L2886_4062,46237.71,24.0,725.0,0.0,0.0
2887,L2887_4063,13982.81,24.0,683.0,0.0,0.0
2887,L2887_4064,21187.02,12.0,287.0,1.0,60.0
2887,L2887_4065,49684.7,3.0,1584.0,1.0,90.0
2887,L2887_4066,32561.98,,1031.0,0.0,0.0
2888,L2888_4067,52125.72,3.0,286.0,0.0,0.0
2889,L2889_4068,46026.87,36.0,255.0,0.0,0.0
2889,L2889_4069,47512.05,9.0,342.0,1.0,60.0
2889,L2889_4070,27825.5,18.0,30.0,0.0,0.0
2890,L2890_4071,86302.16,12.0,85.0,0.0,0.0
2890,L2890_4072,107307.21,12.0,443.0,0.0,0.0
2891,L2891_4073,52352.92,6.0,877.0,0.0,0.0
2892,L2892_4074,65192.25,9.0,1115.0,1.0,3.0
2895,L2895_4075,112281.38,36.0,426.0,0.0,0.0
2895,L2895_4076,44310.81,3.0,750.0,1.0,7.0
2895,L2895_4077,36796.42,6.0,1134.0,0.0,0.0
2896,L2896_4078,73641.27,6.0,1531.0,0.0,0.0
2898,L2898_4079,64194.04,18.0,623.0,0.0,
2898,L2898_4080,36760.57,9.0,999.0,0.0,0.0
2901,L2901_4081,31578.17,36.0,734.0,0.0,0.0
2901,L2901_4082,91467.93,24.0,1079.0,0.0,0.0
2902,L2902_4083,71335.1,36.0,677.0,0.0,0.0
2902,L2902_4084,52558.88,9.0,944.0,1.0,7.0
2904,L2904_4085,19462.82,6.0,1293.0,0.0,0.0
2904,L2904_4086,36660.35,36.0,824.0,0.0,0.0
2905,L2905_4087,17268.91,3.0,546.0,0.0,0.0
2906,L2906_4088,152649.45,24.0,1069.0,1.0,7.0
2906,L2906_4089,26913.84,3.0,1470.0,0.0,0.0
2906,L2906_4090,51365.62,18.0,1499.0,0.0,0.0
2907,L2907_4091,41233.04,18.0,130.0,0.0,
2908,L2908_4092,32403.13,12.0,158.0,0.0,0.0
2908,L2908_4093,39501.38,12.0,508.0,0.0,0.0
2908,L2908_4094,31316.56,24.0,1309.0,0.0,0.0
2908,L2908_4095,66042.44,9.0,220.0,0.0,0.0
2909,L2909_4096,85461.51,18.0,,0.0,0.0
2910,L2910_4097,40580.63,3.0,486.0,0.0,0.0
2911,L2911_4098,,24.0,100.0,0.0,0.0
2911,L2911_4099,55014.23,24.0,496.0,1.0,7.0
2911,L2911_4100,42004.16,12.0,435.0,0.0,0.0
2913,L2913_4101,63528.58,3.0,1274.0,0.0,0.0
2915,L2915_4102,51660.76,6.0,144.0,1.0,3.0
2915,L2915_4103,95366.75,6.0,1265.0,0.0,0.0
2916,L2916_4104,50302.81,36.0,587.0,0.0,0.0
2916,L2916_4105,76577.26,9.0,366.0,0.0,0.0
2917,L2917_4106,45983.18,3.0,788.0,0.0,0.0
2918,L2918_4107,61217.16,3.0,989.0,0.0,0.0
2918,L2918_4108,,24.0,1042.0,1.0,7.0
2918,L2918_4109,38217.97,18.0,344.0,0.0,0.0
2919,L2919_4110,55947.73,18.0,1321.0,0.0,0.0
2919,L2919_4111,28665.25,12.0,1257.0,1.0,15.0
2919,L2919_4112,23661.3,6.0,1265.0,0.0,0.0
2919,L2919_4113,28193.77,,1339.0,0.0,0.0
2921,L2921_4114,52658.94,3.0,44.0,1.0,30.0
2921,L2921_4115,15981.19,6.0,765.0,0.0,
2922,L2922_4116,74801.17,24.0,1578.0,0.0,0.0
2924,L2924_4117,60271.41,18.0,559.0,0.0,0.0
2925,L2925_4118,51212.58,36.0,1366.0,0.0,0.0
2925,L2925_4119,41367.26,12.0,21.0,0.0,0.0
2925,L2925_4120,24262.97,18.0,1186.0,0.0,0.0
2925,L2925_4121,19874.87,9.0,654.0,0.0,0.0
2926,L2926_4122,69207.57,9.0,985.0,0.0,0.0
2926,L2926_4123,39340.55,12.0,956.0,1.0,1.0
2927,L2927_4124,123055.6,18.0,1369.0,0.0,0.0
2928,L2928_4125,44208.64,24.0,1119.0,1.0,3.0
2928,L2928_4126,34980.28,24.0,1189.0,0.0,0.0
2928,L2928_4127,108303.47,3.0,665.0,0.0,0.0
2928,L2928_4128,58896.54,6.0,343.0,0.0,0.0
2929,L2929_4129,68603.49,6.0,540.0,0.0,0.0
2933,L2933_4130,53865.71,,115.0,0.0,0.0
2934,L2934_4131,79620.99,9.0,1335.0,0.0,0.0
2935,L2935_4132,18714.93,9.0,953.0,0.0,0.0
2936,L2936_4133,,12.0,1444.0,1.0,30.0
2936,L2936_4134,29048.23,24.0,262.0,0.0,0.0
2937,L2937_4135,52742.46,24.0,990.0,0.0,0.0
2938,L2938_4136,60554.34,12.0,336.0,0.0,
2938,L2938_4137,52013.34,9.0,1298.0,1.0,1.0
2939,L2939_4138,46675.16,12.0,881.0,0.0,0.0
2939,L2939_4139,21980.45,9.0,1077.0,0.0,0.0
2940,L2940_4140,67505.79,9.0,262.0,0.0,0.0
2941,L2941_4141,32531.73,12.0,541.0,1.0,1.0
2942,L2942_4142,51986.06,12.0,950.0,0.0,0.0
2942,L2942_4143,44783.29,9.0,55.0,0.0,0.0
2943,L2943_4144,,9.0,1042.0,,0.0
2943,L2943_4145,20003.3,6.0,1032.0,0.0,0.0
2945,L2945_4146,27720.78,36.0,196.0,0.0,0.0
2946,L2946_4147,129257.25,36.0,879.0,1.0,7.0
2947,L2947_4148,19344.95,24.0,369.0,0.0,0.0
2947,L2947_4149,53764.13,9.0,1447.0,0.0,
2948,L2948_4150,34798.6,,1366.0,0.0,0.0
2950,L2950_4151,26234.75,6.0,426.0,0.0,0.0
2953,L2953_4152,47746.69,24.0,39.0,1.0,
2953,L2953_4153,46327.66,9.0,543.0,0.0,0.0
2954,L2954_4154,89549.22,,517.0,0.0,0.0
2954,L2954_4155,150466.41,12.0,678.0,0.0,0.0
2955,L2955_4156,68592.54,36.0,651.0,0.0,0.0
2957,L2957_4157,57207.28,9.0,65.0,1.0,15.0
2959,L2959_4158,85681.7,9.0,822.0,0.0,0.0
2960,L2960_4159,159165.7,12.0,99.0,0.0,0.0
2960,L2960_4160,62883.15,24.0,210.0,0.0,0.0
2961,L2961_4161,45939.31,18.0,475.0,1.0,1.0
2961,L2961_4162,40895.66,3.0,1283.0,0.0,0.0
2961,L2961_4163,18906.21,6.0,,0.0,0.0
2962,L2962_4164,103627.65,9.0,393.0,1.0,3.0
2962,L2962_4165,32479.93,9.0,1083.0,0.0,0.0
2963,L2963_4166,41925.66,9.0,1546.0,0.0,0.0
2963,L2963_4167,59797.79,3.0,838.0,0.0,0.0
2964,L2964_4168,111391.52,9.0,1521.0,0.0,0.0
2964,L2964_4169,68852.43,18.0,,0.0,0.0
2965,L2965_4170,38281.71,36.0,1072.0,0.0,0.0
2965,L2965_4171,33020.1,36.0,662.0,0.0,0.0
2966,L2966_4172,111893.72,18.0,1168.0,0.0,0.0
2966,L2966_4173,44714.73,12.0,374.0,0.0,0.0
2967,L2967_4174,33739.04,6.0,761.0,0.0,0.0
2967,L2967_4175,38668.79,12.0,1140.0,1.0,15.0
2967,L2967_4176,67255.94,3.0,339.0,0.0,0.0
2969,L2969_4177,34838.33,3.0,228.0,0.0,0.0
2970,L2970_4178,20554.77,12.0,170.0,0.0,0.0
2970,L2970_4179,61510.71,18.0,85.0,0.0,0.0
2971,L2971_4180,23616.44,24.0,962.0,1.0,30.0
2971,L2971_4181,47664.48,24.0,735.0,0.0,
2972,L2972_4182,33749.14,36.0,1445.0,1.0,7.0
2972,L2972_4183,88250.44,36.0,371.0,1.0,15.0
2972,L2972_4184,44892.69,18.0,159.0,1.0,90.0
2973,L2973_4185,87859.26,3.0,1583.0,0.0,0.0
2973,L2973_4186,11069.7,6.0,326.0,0.0,0.0
2975,L2975_4187,114804.62,18.0,,0.0,0.0
2976,L2976_4188,77156.61,24.0,1419.0,0.0,0.0
2977,L2977_4189,40563.36,6.0,810.0,0.0,0.0
2979,L2979_4190,89297.54,9.0,534.0,0.0,0.0
2979,L2979_4191,56067.84,36.0,1135.0,0.0,0.0
2980,L2980_4192,50103.78,24.0,1243.0,0.0,0.0
2980,L2980_4193,28906.99,6.0,967.0,0.0,0.0
2981,L2981_4194,21016.03,9.0,532.0,1.0,3.0
2981,L2981_4195,17404.57,12.0,853.0,1.0,7.0
2982,L2982_4196,40553.7,3.0,454.0,0.0,0.0
2983,L2983_4197,145432.08,12.0,830.0,1.0,15.0
2983,L2983_4198,35541.3,24.0,642.0,0.0,0.0
2983,L2983_4199,89490.85,18.0,1321.0,0.0,0.0
2984,L2984_4200,117191.26,3.0,144.0,0.0,0.0
2986,L2986_4201,29151.99,12.0,1095.0,0.0,0.0
2987,L2987_4202,29784.98,9.0,841.0,0.0,0.0
2987,L2987_4203,37138.15,9.0,476.0,0.0,0.0
2987,L2987_4204,,24.0,461.0,0.0,0.0
2988,L2988_4205,21112.74,9.0,940.0,0.0,0.0
2989,L2989_4206,37029.4,24.0,224.0,1.0,15.0
2991,L2991_4207,70630.77,6.0,42.0,0.0,0.0
2991,L2991_4208,55113.0,18.0,795.0,0.0,0.0
2992,L2992_4209,72183.76,3.0,59.0,1.0,90.0
2992,L2992_4210,24040.21,6.0,517.0,0.0,0.0
2992,L2992_4211,17825.17,6.0,650.0,0.0,0.0
2993,L2993_4212,35227.95,18.0,427.0,0.0,0.0
2994,L2994_4213,80509.68,6.0,201.0,0.0,0.0
2994,L2994_4214,30254.16,9.0,373.0,0.0,0.0
2994,L2994_4215,17635.35,9.0,231.0,0.0,0.0
2994,L2994_4216,71204.68,6.0,1305.0,0.0,0.0
2994,L2994_4217,37808.81,9.0,28.0,0.0,0.0
2994,L2994_4218,69876.18,12.0,945.0,0.0,0.0
3000,L3000_4219,24838.89,6.0,948.0,1.0,7.0
3001,L3001_4220,59671.68,36.0,897.0,0.0,
3003,L3003_4221,50206.75,9.0,203.0,0.0,0.0
3004,L3004_4222,24944.2,24.0,1100.0,0.0,0.0
3004,L3004_4223,38163.26,18.0,693.0,0.0,
3005,L3005_4224,60779.24,12.0,870.0,,0.0
3006,L3006_4225,,9.0,1310.0,0.0,0.0
3007,L3007_4226,46503.84,18.0,54.0,0.0,0.0
3008,L3008_4227,40718.35,,102.0,0.0,0.0
3010,L3010_4228,38086.93,36.0,1567.0,0.0,0.0
3010,L3010_4229,73530.89,12.0,129.0,0.0,0.0
3013,L3013_4230,35377.38,6.0,753.0,0.0,0.0
3013,L3013_4231,119580.27,,217.0,0.0,0.0
3014,L3014_4232,,24.0,266.0,0.0,0.0
3014,L3014_4233,61743.31,9.0,1098.0,1.0,3.0
3014,L3014_4234,24927.94,6.0,1454.0,0.0,0.0
3016,L3016_4235,88624.54,9.0,1434.0,0.0,0.0
3017,L3017_4236,11873.84,,611.0,0.0,0.0
3018,L3018_4237,30706.32,6.0,1469.0,0.0,0.0
3018,L3018_4238,13009.19,36.0,1003.0,0.0,0.0
3018,L3018_4239,38649.13,9.0,481.0,0.0,0.0
3019,L3019_4240,34190.76,,405.0,0.0,0.0
3020,L3020_4241,46788.59,12.0,849.0,0.0,0.0
3021,L3021_4242,31749.31,36.0,660.0,0.0,0.0
3021,L3021_4243,35550.0,36.0,1579.0,0.0,0.0
3021,L3021_4244,29703.59,12.0,475.0,0.0,0.0
3024,L3024_4245,98300.18,18.0,112.0,1.0,
3025,L3025_4246,23394.1,18.0,157.0,1.0,1.0
3025,L3025_4247,58386.93,36.0,419.0,0.0,0.0
3026,L3026_4248,57912.68,12.0,548.0,0.0,0.0
3026,L3026_4249,,36.0,552.0,1.0,3.0
3027,L3027_4250,16276.57,18.0,1107.0,0.0,0.0
3028,L3028_4251,92673.76,18.0,537.0,0.0,0.0
3029,L3029_4252,63237.91,18.0,1124.0,0.0,0.0
3030,L3030_4253,44633.47,18.0,1275.0,0.0,0.0
3031,L3031_4254,80242.3,18.0,865.0,1.0,7.0
3031,L3031_4255,119828.03,36.0,1554.0,0.0,0.0
3031,L3031_4256,53739.37,24.0,596.0,1.0,60.0
3032,L3032_4257,,36.0,211.0,0.0,0.0
3033,L3033_4258,14077.27,12.0,1216.0,1.0,30.0
3033,L3033_4259,42062.76,9.0,899.0,0.0,0.0
3036,L3036_4260,79311.23,18.0,1370.0,0.0,0.0
3037,L3037_4261,55203.76,24.0,,1.0,3.0
3037,L3037_4262,32950.24,36.0,1483.0,0.0,0.0
3037,L3037_4263,77511.1,3.0,89.0,1.0,7.0
3037,L3037_4264,60375.34,9.0,759.0,0.0,0.0
3037,L3037_4265,23418.78,36.0,837.0,0.0,0.0
3037,L3037_4266,51723.56,36.0,953.0,0.0,0.0
3038,L3038_4267,38703.0,24.0,1325.0,0.0,0.0
3039,L3039_4268,43575.12,3.0,95.0,1.0,15.0
3040,L3040_4269,44043.66,3.0,179.0,0.0,0.0
3041,L3041_4270,34761.11,12.0,,0.0,0.0
3042,L3042_4271,140002.81,6.0,486.0,0.0,0.0
3043,L3043_4272,41650.06,9.0,1276.0,0.0,0.0
3043,L3043_4273,49693.08,9.0,45.0,0.0,0.0
3045,L3045_4274,39668.53,36.0,189.0,0.0,0.0
3045,L3045_4275,30076.68,6.0,481.0,0.0,0.0
3045,L3045_4276,38101.99,18.0,1177.0,1.0,7.0
3045,L3045_4277,65020.26,18.0,1289.0,0.0,0.0
3045,L3045_4278,22916.65,24.0,474.0,0.0,0.0
3045,L3045_4279,67463.51,3.0,704.0,0.0,0.0
3046,L3046_4280,59561.87,24.0,1328.0,0.0,0.0
3046,L3046_4281,38601.92,24.0,506.0,0.0,0.0
3047,L3047_4282,41592.09,9.0,1506.0,0.0,0.0
3048,L3048_4283,93704.85,6.0,519.0,0.0,0.0
3049,L3049_4284,128001.88,12.0,243.0,0.0,0.0
3050,L3050_4285,50783.07,36.0,1318.0,1.0,
3050,L3050_4286,43365.37,3.0,799.0,0.0,0.0
3051,L3051_4287,74853.56,3.0,1584.0,0.0,0.0
3052,L3052_4288,22706.73,12.0,840.0,0.0,0.0
3052,L3052_4289,,24.0,429.0,0.0,0.0
3053,L3053_4290,22163.34,,1218.0,0.0,0.0
3054,L3054_4291,,9.0,1252.0,1.0,7.0
3055,L3055_4292,61584.02,18.0,646.0,0.0,0.0
3056,L3056_4293,30149.24,3.0,635.0,0.0,0.0
3056,L3056_4294,54439.0,,605.0,0.0,0.0
3058,L3058_4295,18858.19,6.0,1392.0,0.0,0.0
3058,L3058_4296,35755.89,3.0,1487.0,0.0,0.0
3059,L3059_4297,35496.95,6.0,463.0,0.0,0.0
3059,L3059_4298,168870.91,6.0,907.0,0.0,0.0
3060,L3060_4299,29937.61,24.0,991.0,0.0,0.0
3060,L3060_4300,42180.41,24.0,694.0,0.0,0.0
3061,L3061_4301,81369.46,12.0,870.0,1.0,1.0
3062,L3062_4302,74605.54,36.0,997.0,0.0,0.0
3062,L3062_4303,69217.98,3.0,663.0,1.0,1.0
3062,L3062_4304,48723.74,9.0,,0.0,0.0
3062,L3062_4305,59666.94,9.0,1588.0,0.0,0.0
3063,L3063_4306,50664.11,9.0,1302.0,0.0,0.0
3064,L3064_4307,32167.48,18.0,1307.0,,7.0
3064,L3064_4308,42243.45,36.0,1561.0,1.0,3.0
3064,L3064_4309,31769.47,36.0,1175.0,0.0,0.0
3064,L3064_4310,88100.43,6.0,994.0,1.0,30.0
3064,L3064_4311,21081.96,,975.0,1.0,30.0
3066,L3066_4312,158009.8,3.0,689.0,0.0,0.0
3066,L3066_4313,52389.58,18.0,811.0,0.0,0.0
3066,L3066_4314,61693.8,36.0,999.0,1.0,3.0
3067,L3067_4315,24663.79,18.0,959.0,0.0,0.0
3067,L3067_4316,113562.6,9.0,98.0,1.0,15.0
3069,L3069_4317,28762.95,3.0,370.0,1.0,15.0
3069,L3069_4318,79965.04,24.0,222.0,0.0,0.0
3070,L3070_4319,177953.85,9.0,685.0,0.0,0.0
3070,L3070_4320,46860.14,9.0,1218.0,1.0,7.0
3071,L3071_4321,77989.49,3.0,1370.0,1.0,7.0
3072,L3072_4322,99569.76,9.0,1356.0,0.0,
3072,L3072_4323,38906.19,36.0,774.0,1.0,7.0
3073,L3073_4324,38017.94,36.0,858.0,0.0,0.0
3073,L3073_4325,23034.17,,,0.0,0.0
3073,L3073_4326,38833.24,,1457.0,0.0,0.0
3074,L3074_4327,71665.81,12.0,481.0,0.0,0.0
3075,L3075_4328,50226.83,9.0,,0.0,0.0
3076,L3076_4329,59698.39,18.0,,0.0,0.0
3076,L3076_4330,25154.21,36.0,746.0,0.0,0.0
3077,L3077_4331,18571.42,24.0,875.0,1.0,7.0
3077,L3077_4332,42165.65,18.0,484.0,1.0,3.0
3077,L3077_4333,40775.16,3.0,797.0,1.0,60.0
3078,L3078_4334,19936.86,36.0,375.0,0.0,0.0
3079,L3079_4335,29686.43,18.0,713.0,0.0,0.0
3080,L3080_4336,58287.97,24.0,853.0,0.0,0.0
3080,L3080_4337,13520.48,24.0,1343.0,0.0,0.0
3081,L3081_4338,59658.24,3.0,661.0,0.0,0.0
3083,L3083_4339,31115.87,24.0,442.0,0.0,0.0
3084,L3084_4340,30099.12,,733.0,1.0,15.0
3085,L3085_4341,14919.58,,1311.0,0.0,0.0
3086,L3086_4342,122295.53,9.0,1197.0,0.0,0.0
3087,L3087_4343,32875.54,3.0,1431.0,0.0,0.0
3087,L3087_4344,28813.42,12.0,71.0,0.0,0.0
3090,L3090_4345,59106.39,9.0,421.0,0.0,0.0
3091,L3091_4346,33185.03,6.0,430.0,1.0,
3091,L3091_4347,27389.94,36.0,1387.0,1.0,1.0
3092,L3092_4348,,12.0,97.0,0.0,0.0
3092,L3092_4349,138572.91,24.0,372.0,0.0,0.0
3093,L3093_4350,20526.77,12.0,78.0,0.0,0.0
3094,L3094_4351,37049.56,18.0,377.0,0.0,0.0
3095,L3095_4352,25203.83,3.0,42.0,0.0,0.0
3096,L3096_4353,95744.18,18.0,252.0,0.0,0.0
3097,L3097_4354,148070.28,6.0,1327.0,0.0,0.0
3098,L3098_4355,35117.38,18.0,378.0,1.0,7.0
3099,L3099_4356,32135.94,12.0,1183.0,0.0,0.0
3100,L3100_4357,50058.99,24.0,506.0,0.0,0.0
3101,L3101_4358,45560.79,12.0,1225.0,0.0,0.0
3101,L3101_4359,107057.62,3.0,227.0,0.0,0.0
3101,L3101_4360,30980.77,18.0,366.0,0.0,0.0
3105,L3105_4361,56065.95,9.0,1381.0,0.0,0.0
3105,L3105_4362,137004.25,3.0,99.0,1.0,60.0
3106,L3106_4363,44932.79,36.0,1474.0,0.0,0.0
3106,L3106_4364,55617.3,,387.0,0.0,0.0
3107,L3107_4365,30889.74,12.0,611.0,0.0,0.0
3108,L3108_4366,62114.81,6.0,991.0,0.0,0.0
3108,L3108_4367,44813.42,36.0,214.0,1.0,15.0
3108,L3108_4368,32916.79,12.0,467.0,1.0,1.0
3110,L3110_4369,16368.82,36.0,163.0,1.0,30.0
3112,L3112_4370,51606.35,9.0,817.0,0.0,0.0
3112,L3112_4371,78272.67,,105.0,0.0,0.0
3113,L3113_4372,59931.12,3.0,1188.0,0.0,0.0
3114,L3114_4373,33798.19,9.0,38.0,0.0,
3115,L3115_4374,114090.43,3.0,1259.0,0.0,0.0
3115,L3115_4375,111759.79,12.0,1502.0,0.0,0.0
3116,L3116_4376,52371.37,6.0,466.0,0.0,0.0
3116,L3116_4377,127340.88,9.0,588.0,1.0,15.0
3117,L3117_4378,36136.5,9.0,355.0,0.0,0.0
3119,L3119_4379,81151.59,,1095.0,0.0,0.0
3121,L3121_4380,34588.22,6.0,1480.0,0.0,0.0
3121,L3121_4381,23611.68,3.0,1558.0,0.0,0.0
3121,L3121_4382,42199.39,9.0,1113.0,0.0,0.0
3122,L3122_4383,22568.89,3.0,686.0,1.0,30.0
3122,L3122_4384,53814.32,9.0,262.0,0.0,0.0
3124,L3124_4385,53725.09,3.0,1044.0,1.0,15.0
3125,L3125_4386,76529.24,3.0,799.0,1.0,3.0
3126,L3126_4387,36686.85,12.0,1410.0,0.0,0.0
3127,L3127_4388,40241.2,36.0,405.0,0.0,0.0
3127,L3127_4389,44157.27,24.0,691.0,0.0,0.0
3128,L3128_4390,39144.15,18.0,,0.0,0.0
3128,L3128_4391,27659.28,9.0,668.0,0.0,0.0
3128,L3128_4392,80185.75,3.0,582.0,0.0,
3129,L3129_4393,50186.5,24.0,325.0,0.0,0.0
3129,L3129_4394,52700.79,6.0,917.0,1.0,7.0
3129,L3129_4395,,24.0,993.0,1.0,7.0
3131,L3131_4396,44297.38,6.0,1403.0,0.0,0.0
3134,L3134_4397,65281.64,6.0,885.0,1.0,3.0
3134,L3134_4398,30196.78,3.0,1510.0,0.0,0.0
3136,L3136_4399,58989.64,36.0,,0.0,0.0
3136,L3136_4400,56955.48,24.0,909.0,0.0,0.0
3137,L3137_4401,,36.0,474.0,0.0,0.0
3138,L3138_4402,34725.61,6.0,178.0,1.0,3.0
3139,L3139_4403,20491.88,9.0,210.0,0.0,0.0
3139,L3139_4404,134861.42,36.0,1395.0,0.0,0.0
3139,L3139_4405,80589.38,24.0,170.0,0.0,0.0
3139,L3139_4406,77696.1,12.0,638.0,0.0,0.0
3140,L3140_4407,36482.48,12.0,952.0,0.0,0.0
3140,L3140_4408,82607.23,18.0,658.0,,0.0
3141,L3141_4409,59230.94,24.0,958.0,0.0,0.0
3141,L3141_4410,49634.7,24.0,791.0,0.0,0.0
3142,L3142_4411,42368.16,6.0,644.0,0.0,0.0
3143,L3143_4412,42200.91,24.0,1454.0,0.0,0.0
3145,L3145_4413,61354.64,3.0,689.0,0.0,0.0
3145,L3145_4414,124403.3,3.0,1392.0,0.0,0.0
3146,L3146_4415,47290.34,9.0,1239.0,0.0,0.0
3148,L3148_4416,40371.29,,1134.0,1.0,90.0
3148,L3148_4417,106106.07,12.0,459.0,1.0,3.0
3149,L3149_4418,125771.04,18.0,267.0,0.0,0.0
3150,L3150_4419,91430.01,12.0,1458.0,0.0,0.0
3150,L3150_4420,125762.8,12.0,874.0,1.0,3.0
3151,L3151_4421,14049.29,12.0,1205.0,0.0,0.0
3152,L3152_4422,25844.67,12.0,634.0,0.0,0.0
3154,L3154_4423,75292.27,12.0,742.0,1.0,7.0
3154,L3154_4424,128708.46,12.0,439.0,0.0,0.0
3154,L3154_4425,71401.38,24.0,588.0,0.0,0.0
3155,L3155_4426,101458.51,18.0,520.0,0.0,0.0
3156,L3156_4427,31821.59,9.0,1233.0,0.0,0.0
3157,L3157_4428,40628.76,24.0,1062.0,,7.0
3157,L3157_4429,31790.24,9.0,122.0,0.0,0.0
3159,L3159_4430,33506.61,24.0,28.0,1.0,15.0
3161,L3161_4431,42359.63,9.0,131.0,0.0,0.0
3161,L3161_4432,50367.78,12.0,1496.0,1.0,1.0
3161,L3161_4433,170846.55,9.0,467.0,0.0,0.0
3162,L3162_4434,,24.0,1030.0,0.0,0.0
3164,L3164_4435,23175.04,24.0,1265.0,0.0,0.0
3164,L3164_4436,73926.69,36.0,512.0,0.0,0.0
3165,L3165_4437,138390.65,3.0,817.0,1.0,7.0
3165,L3165_4438,47839.56,6.0,1065.0,0.0,0.0
3166,L3166_4439,46055.89,18.0,839.0,0.0,0.0
3166,L3166_4440,29755.49,3.0,941.0,0.0,0.0
3169,L3169_4441,10592.22,6.0,958.0,0.0,0.0
3169,L3169_4442,173566.11,18.0,106.0,0.0,0.0
3170,L3170_4443,44169.61,18.0,1551.0,0.0,0.0
3171,L3171_4444,26661.47,18.0,483.0,0.0,0.0
3172,L3172_4445,57243.35,36.0,458.0,0.0,0.0
3174,L3174_4446,212520.45,18.0,430.0,0.0,0.0
3175,L3175_4447,39754.51,12.0,1153.0,0.0,0.0
3175,L3175_4448,43989.08,36.0,,0.0,0.0
3176,L3176_4449,29806.1,9.0,1205.0,0.0,0.0
3178,L3178_4450,34388.07,36.0,,0.0,0.0
3178,L3178_4451,76969.66,12.0,,1.0,1.0
3178,L3178_4452,141272.48,9.0,1461.0,0.0,0.0
3179,L3179_4453,38534.89,6.0,226.0,0.0,0.0
3179,L3179_4454,27724.2,6.0,1084.0,0.0,0.0
3179,L3179_4455,27258.13,9.0,1072.0,0.0,0.0
3180,L3180_4456,57908.12,18.0,578.0,0.0,0.0
3180,L3180_4457,144907.22,24.0,256.0,0.0,0.0
3181,L3181_4458,26765.04,18.0,96.0,0.0,0.0
3181,L3181_4459,88491.46,9.0,1266.0,0.0,0.0
3182,L3182_4460,80464.89,18.0,1594.0,0.0,0.0
3184,L3184_4461,41240.71,12.0,254.0,0.0,0.0
3185,L3185_4462,73170.65,9.0,506.0,0.0,0.0
3186,L3186_4463,32649.93,9.0,,0.0,0.0
3187,L3187_4464,55728.71,12.0,808.0,0.0,0.0
3187,L3187_4465,26545.75,18.0,960.0,0.0,0.0
3188,L3188_4466,,18.0,930.0,0.0,0.0
3190,L3190_4467,22865.88,36.0,1456.0,1.0,15.0
3191,L3191_4468,32718.88,12.0,1320.0,0.0,0.0
3191,L3191_4469,71079.08,6.0,1183.0,0.0,0.0
3192,L3192_4470,88622.32,9.0,1304.0,0.0,0.0
3192,L3192_4471,40040.22,36.0,1594.0,0.0,0.0
3192,L3192_4472,49861.36,36.0,384.0,0.0,0.0
3193,L3193_4473,42750.28,12.0,,0.0,0.0
3194,L3194_4474,20507.9,24.0,519.0,1.0,7.0
3194,L3194_4475,22592.24,36.0,1393.0,0.0,0.0
3197,L3197_4476,25912.33,12.0,1167.0,1.0,1.0
3201,L3201_4477,70630.67,12.0,1434.0,0.0,0.0
3201,L3201_4478,,24.0,1367.0,0.0,0.0
3202,L3202_4479,113267.97,24.0,1031.0,1.0,1.0
3202,L3202_4480,69872.71,12.0,337.0,0.0,0.0
3203,L3203_4481,,18.0,1120.0,1.0,15.0
3203,L3203_4482,132060.75,18.0,179.0,0.0,0.0
3204,L3204_4483,83193.55,6.0,1073.0,1.0,15.0
3204,L3204_4484,129632.86,18.0,1148.0,1.0,3.0
3204,L3204_4485,29529.71,9.0,399.0,0.0,0.0
3207,L3207_4486,59210.85,36.0,1447.0,0.0,0.0
3207,L3207_4487,47299.79,12.0,1078.0,1.0,1.0
3207,L3207_4488,19546.73,6.0,626.0,1.0,1.0
3208,L3208_4489,43940.89,9.0,1188.0,0.0,0.0
3209,L3209_4490,17881.0,18.0,914.0,0.0,0.0
3209,L3209_4491,39943.0,9.0,1489.0,0.0,0.0
3210,L3210_4492,44193.74,6.0,935.0,0.0,0.0
3210,L3210_4493,90383.11,36.0,1468.0,0.0,0.0
3212,L3212_4494,60657.17,9.0,820.0,0.0,0.0
3212,L3212_4495,148115.41,12.0,510.0,1.0,1.0
3213,L3213_4496,16505.74,12.0,1593.0,0.0,0.0
3213,L3213_4497,20886.24,6.0,236.0,1.0,7.0
3213,L3213_4498,112759.17,24.0,382.0,0.0,0.0
3213,L3213_4499,41527.6,3.0,1287.0,0.0,0.0
3215,L3215_4500,86199.04,3.0,408.0,0.0,0.0
3215,L3215_4501,42486.2,3.0,1477.0,0.0,0.0
3216,L3216_4502,43031.56,9.0,1450.0,0.0,0.0
3217,L3217_4503,66473.44,18.0,1017.0,0.0,0.0
3219,L3219_4504,19990.24,9.0,1327.0,1.0,1.0
3219,L3219_4505,24605.24,,1576.0,0.0,0.0
3219,L3219_4506,,12.0,439.0,0.0,0.0
3219,L3219_4507,34658.86,12.0,700.0,1.0,1.0
3219,L3219_4508,24136.41,,971.0,0.0,0.0
3220,L3220_4509,36864.04,24.0,1078.0,0.0,0.0
3221,L3221_4510,141089.67,36.0,731.0,0.0,0.0
3221,L3221_4511,36938.49,3.0,1140.0,0.0,0.0
3223,L3223_4512,29600.32,36.0,464.0,0.0,0.0
3223,L3223_4513,85998.71,6.0,568.0,1.0,15.0
3224,L3224_4514,15075.9,6.0,1263.0,0.0,0.0
3227,L3227_4515,50026.09,18.0,295.0,0.0,0.0
3228,L3228_4516,46966.01,24.0,797.0,0.0,0.0
3229,L3229_4517,47364.6,18.0,1334.0,0.0,0.0
3231,L3231_4518,62358.05,6.0,1276.0,0.0,0.0
3232,L3232_4519,78854.73,,474.0,0.0,0.0
3232,L3232_4520,58188.59,9.0,62.0,0.0,0.0
3232,L3232_4521,61145.42,9.0,730.0,0.0,0.0
3232,L3232_4522,31702.92,36.0,229.0,0.0,0.0
3232,L3232_4523,63410.83,36.0,1538.0,0.0,0.0
3233,L3233_4524,65345.86,12.0,1501.0,1.0,7.0
3233,L3233_4525,31766.8,36.0,808.0,0.0,0.0
3233,L3233_4526,87017.76,9.0,1170.0,0.0,0.0
3233,L3233_4527,52263.92,18.0,1311.0,0.0,0.0
3233,L3233_4528,51046.63,,1495.0,1.0,90.0
3235,L3235_4529,35775.29,12.0,1269.0,0.0,0.0
3238,L3238_4530,44298.3,36.0,540.0,0.0,0.0
3238,L3238_4531,19862.73,3.0,242.0,0.0,0.0
3238,L3238_4532,84995.21,12.0,888.0,0.0,0.0
3240,L3240_4533,34159.2,24.0,831.0,0.0,0.0
3241,L3241_4534,49659.5,,739.0,0.0,0.0
3241,L3241_4535,141790.72,9.0,271.0,,0.0
3242,L3242_4536,20451.48,3.0,954.0,0.0,0.0
3242,L3242_4537,25656.79,6.0,396.0,0.0,0.0
3243,L3243_4538,27226.73,36.0,241.0,0.0,0.0
3243,L3243_4539,42402.65,12.0,259.0,0.0,0.0
3244,L3244_4540,19606.08,24.0,1114.0,0.0,0.0
3244,L3244_4541,127100.75,6.0,225.0,0.0,0.0
3245,L3245_4542,202607.36,24.0,819.0,0.0,0.0
3245,L3245_4543,80327.17,24.0,1265.0,0.0,0.0
3246,L3246_4544,54134.0,9.0,1367.0,0.0,0.0
3246,L3246_4545,47319.7,3.0,42.0,0.0,0.0
3249,L3249_4546,42044.17,18.0,1414.0,0.0,0.0
3249,L3249_4547,45475.85,3.0,,0.0,0.0
3249,L3249_4548,95103.2,9.0,1523.0,0.0,0.0
3249,L3249_4549,62922.19,36.0,718.0,,0.0
3252,L3252_4550,58654.46,,1165.0,0.0,0.0
3252,L3252_4551,71903.7,12.0,116.0,0.0,0.0
3253,L3253_4552,26355.5,3.0,880.0,0.0,0.0
3255,L3255_4553,182296.33,,710.0,0.0,0.0
3256,L3256_4554,57284.16,6.0,569.0,0.0,0.0
3256,L3256_4555,45786.04,18.0,301.0,1.0,90.0
3256,L3256_4556,74231.78,6.0,724.0,0.0,0.0
3258,L3258_4557,49349.01,24.0,556.0,0.0,0.0
3260,L3260_4558,100363.53,18.0,691.0,0.0,0.0
3260,L3260_4559,54373.77,18.0,399.0,,0.0
3260,L3260_4560,50823.4,6.0,1154.0,0.0,0.0
3261,L3261_4561,105015.05,18.0,216.0,0.0,0.0
3262,L3262_4562,29420.5,24.0,649.0,1.0,3.0
3262,L3262_4563,28754.36,9.0,1160.0,0.0,0.0
3263,L3263_4564,131223.27,12.0,1310.0,0.0,0.0
3263,L3263_4565,24603.62,6.0,1592.0,0.0,0.0
3264,L3264_4566,53052.37,6.0,624.0,0.0,0.0
3265,L3265_4567,31101.19,9.0,1074.0,0.0,0.0
3266,L3266_4568,89582.73,36.0,695.0,0.0,0.0
3267,L3267_4569,54599.23,6.0,1465.0,0.0,0.0
3269,L3269_4570,67800.77,3.0,97.0,0.0,
3269,L3269_4571,52156.59,9.0,1006.0,0.0,0.0
3269,L3269_4572,59217.7,36.0,127.0,1.0,15.0
3270,L3270_4573,93200.3,18.0,1351.0,0.0,0.0
3270,L3270_4574,22808.99,12.0,463.0,0.0,0.0
3270,L3270_4575,35141.27,24.0,989.0,0.0,0.0
3272,L3272_4576,34213.12,18.0,990.0,0.0,0.0
3272,L3272_4577,37971.25,3.0,948.0,0.0,0.0
3273,L3273_4578,47260.13,12.0,1418.0,0.0,0.0
3273,L3273_4579,21009.7,18.0,582.0,0.0,0.0
3275,L3275_4580,133625.72,3.0,1152.0,0.0,0.0
3275,L3275_4581,25652.17,6.0,1043.0,1.0,30.0
3276,L3276_4582,40474.94,,961.0,1.0,1.0
3276,L3276_4583,51109.05,24.0,517.0,0.0,0.0
3276,L3276_4584,113363.2,12.0,340.0,1.0,7.0
3277,L3277_4585,16226.95,9.0,,0.0,
3278,L3278_4586,76325.12,9.0,761.0,0.0,0.0
3279,L3279_4587,71254.6,6.0,833.0,0.0,0.0
3280,L3280_4588,116152.97,6.0,197.0,1.0,30.0
3280,L3280_4589,31344.63,36.0,,0.0,0.0
3281,L3281_4590,29557.02,24.0,878.0,0.0,0.0
3281,L3281_4591,18719.42,9.0,252.0,0.0,0.0
3281,L3281_4592,35240.5,3.0,620.0,0.0,0.0
3281,L3281_4593,38687.87,3.0,1479.0,0.0,0.0
3283,L3283_4594,34276.01,3.0,614.0,0.0,0.0
3285,L3285_4595,29349.46,6.0,234.0,0.0,0.0
3285,L3285_4596,59765.94,9.0,1435.0,0.0,0.0
3285,L3285_4597,29221.57,18.0,957.0,0.0,0.0
3285,L3285_4598,31670.14,9.0,230.0,1.0,1.0
3286,L3286_4599,87669.98,6.0,332.0,0.0,0.0
3286,L3286_4600,35912.88,18.0,1399.0,0.0,0.0
3287,L3287_4601,81065.04,3.0,1539.0,0.0,0.0
3287,L3287_4602,46855.79,9.0,979.0,0.0,0.0
3287,L3287_4603,17479.02,18.0,,0.0,0.0
3288,L3288_4604,41877.16,12.0,432.0,1.0,30.0
3288,L3288_4605,104298.39,9.0,71.0,1.0,7.0
3289,L3289_4606,69572.63,3.0,352.0,1.0,60.0
3289,L3289_4607,24665.65,18.0,107.0,0.0,0.0
3290,L3290_4608,26007.52,,398.0,0.0,0.0
3291,L3291_4609,20104.26,9.0,1588.0,0.0,0.0
3291,L3291_4610,69826.56,3.0,179.0,0.0,0.0
3292,L3292_4611,105833.09,18.0,385.0,0.0,0.0
3293,L3293_4612,32575.4,3.0,602.0,0.0,0.0
3293,L3293_4613,,6.0,1276.0,0.0,0.0
3294,L3294_4614,39248.95,3.0,1442.0,0.0,0.0
3295,L3295_4615,81159.87,9.0,1046.0,0.0,
3295,L3295_4616,67382.44,6.0,347.0,0.0,0.0
3295,L3295_4617,79162.59,18.0,708.0,0.0,0.0
3296,L3296_4618,72289.05,36.0,344.0,0.0,0.0
3296,L3296_4619,42537.88,3.0,394.0,0.0,0.0
3297,L3297_4620,46567.56,36.0,1430.0,0.0,0.0
3299,L3299_4621,16434.53,,937.0,,1.0
3299,L3299_4622,38060.73,36.0,495.0,0.0,0.0
3301,L3301_4623,30434.15,36.0,593.0,0.0,0.0
3301,L3301_4624,73924.66,3.0,975.0,0.0,0.0
3301,L3301_4625,77594.28,12.0,1343.0,0.0,0.0
3301,L3301_4626,87347.58,36.0,1444.0,0.0,0.0
3302,L3302_4627,67597.62,36.0,155.0,0.0,0.0
3302,L3302_4628,88059.09,6.0,497.0,0.0,0.0
3303,L3303_4629,95556.82,6.0,1588.0,0.0,
3303,L3303_4630,58812.25,36.0,379.0,0.0,0.0
3304,L3304_4631,37730.02,36.0,276.0,0.0,0.0
3306,L3306_4632,26667.67,36.0,92.0,0.0,0.0
3306,L3306_4633,77594.73,24.0,982.0,0.0,
3307,L3307_4634,27021.11,6.0,1508.0,0.0,0.0
3307,L3307_4635,81309.42,9.0,146.0,0.0,0.0
3309,L3309_4636,140056.82,36.0,1405.0,0.0,0.0
3310,L3310_4637,,3.0,1205.0,0.0,0.0
3311,L3311_4638,26774.39,3.0,210.0,1.0,1.0
3311,L3311_4639,51431.89,12.0,204.0,0.0,0.0
3311,L3311_4640,48901.47,36.0,590.0,1.0,30.0
3313,L3313_4641,69845.0,36.0,310.0,0.0,0.0
3314,L3314_4642,33009.72,36.0,342.0,1.0,7.0
3315,L3315_4643,58761.24,9.0,399.0,0.0,0.0
3315,L3315_4644,70014.79,18.0,562.0,0.0,0.0
3316,L3316_4645,62993.22,,620.0,0.0,0.0
3317,L3317_4646,55843.27,12.0,29.0,0.0,0.0
3318,L3318_4647,25241.43,12.0,1050.0,0.0,0.0
3319,L3319_4648,38567.84,3.0,630.0,0.0,0.0
3320,L3320_4649,51113.83,6.0,651.0,0.0,0.0
3321,L3321_4650,22805.4,3.0,1035.0,1.0,15.0
3322,L3322_4651,28331.29,3.0,60.0,1.0,15.0
3323,L3323_4652,32962.23,24.0,112.0,0.0,0.0
3323,L3323_4653,26634.12,3.0,1492.0,0.0,0.0
3323,L3323_4654,48830.02,18.0,556.0,1.0,15.0
3324,L3324_4655,155967.55,3.0,1543.0,0.0,0.0
3324,L3324_4656,120044.15,24.0,1151.0,0.0,0.0
3324,L3324_4657,72119.52,12.0,270.0,0.0,0.0
3325,L3325_4658,30155.66,12.0,501.0,0.0,0.0
3327,L3327_4659,42331.13,6.0,868.0,0.0,0.0
3328,L3328_4660,64887.69,,1232.0,0.0,0.0
3328,L3328_4661,18472.99,18.0,464.0,0.0,0.0
3328,L3328_4662,46011.63,3.0,1056.0,0.0,0.0
3329,L3329_4663,23874.97,24.0,,0.0,0.0
3330,L3330_4664,72922.01,3.0,1544.0,1.0,3.0
3331,L3331_4665,37556.01,36.0,143.0,1.0,3.0
3331,L3331_4666,37429.05,,141.0,0.0,0.0
3331,L3331_4667,72380.86,24.0,1064.0,0.0,0.0
3331,L3331_4668,42877.13,6.0,166.0,0.0,0.0
3333,L3333_4669,27695.4,3.0,654.0,0.0,0.0
3333,L3333_4670,59393.38,9.0,300.0,0.0,0.0
3333,L3333_4671,71749.03,3.0,795.0,1.0,90.0
3333,L3333_4672,123460.87,18.0,925.0,0.0,0.0
3336,L3336_4673,44000.67,9.0,1051.0,1.0,1.0
3337,L3337_4674,21145.9,12.0,1002.0,0.0,0.0
3337,L3337_4675,75071.49,3.0,297.0,0.0,0.0
3339,L3339_4676,47813.73,12.0,236.0,0.0,0.0
3340,L3340_4677,40707.61,9.0,369.0,0.0,0.0
3341,L3341_4678,13707.68,12.0,853.0,0.0,0.0
3343,L3343_4679,66356.62,3.0,86.0,0.0,0.0
3344,L3344_4680,28612.3,6.0,1532.0,0.0,0.0
3346,L3346_4681,56279.91,24.0,644.0,0.0,0.0
3346,L3346_4682,27471.39,18.0,1366.0,1.0,15.0
3346,L3346_4683,144928.18,12.0,1445.0,1.0,1.0
3347,L3347_4684,53054.24,6.0,502.0,1.0,30.0
3348,L3348_4685,159953.87,12.0,688.0,1.0,3.0
3348,L3348_4686,49690.84,3.0,1495.0,0.0,0.0
3353,L3353_4687,53642.43,36.0,,0.0,0.0
3353,L3353_4688,38739.74,12.0,1365.0,,7.0
3355,L3355_4689,65428.49,3.0,482.0,1.0,3.0
3355,L3355_4690,14485.67,12.0,1388.0,0.0,0.0
3355,L3355_4691,19290.23,36.0,974.0,0.0,0.0
3358,L3358_4692,65259.81,9.0,1019.0,0.0,0.0
3358,L3358_4693,56805.51,18.0,1243.0,0.0,0.0
3359,L3359_4694,57305.81,3.0,1133.0,0.0,0.0
3360,L3360_4695,,24.0,881.0,0.0,0.0
3360,L3360_4696,54198.97,6.0,1560.0,1.0,30.0
3360,L3360_4697,96132.07,12.0,1215.0,0.0,0.0
3361,L3361_4698,7752.01,3.0,496.0,0.0,0.0
3362,L3362_4699,35455.26,3.0,788.0,1.0,15.0
3362,L3362_4700,27661.3,12.0,1230.0,0.0,0.0
3363,L3363_4701,34350.78,12.0,1457.0,0.0,
3363,L3363_4702,59022.76,6.0,1555.0,0.0,0.0
3364,L3364_4703,65799.7,36.0,125.0,0.0,0.0
3364,L3364_4704,55335.56,18.0,786.0,0.0,0.0
3364,L3364_4705,30010.93,24.0,870.0,0.0,0.0
3366,L3366_4706,64138.67,6.0,387.0,0.0,0.0
3367,L3367_4707,66982.3,18.0,1279.0,0.0,0.0
3368,L3368_4708,58957.43,9.0,492.0,1.0,3.0
3368,L3368_4709,102480.38,3.0,139.0,0.0,0.0
3368,L3368_4710,67018.54,9.0,326.0,0.0,0.0
3368,L3368_4711,22773.35,6.0,968.0,0.0,0.0
3368,L3368_4712,80897.68,3.0,634.0,0.0,0.0
3371,L3371_4713,23646.76,6.0,369.0,0.0,0.0
3372,L3372_4714,91040.66,3.0,1157.0,0.0,0.0
3372,L3372_4715,64481.06,36.0,222.0,0.0,0.0
3373,L3373_4716,119737.59,9.0,1059.0,1.0,7.0
3376,L3376_4717,52836.66,12.0,802.0,0.0,0.0
3376,L3376_4718,59651.64,12.0,163.0,0.0,0.0
3377,L3377_4719,106378.58,36.0,834.0,1.0,1.0
3377,L3377_4720,43120.99,36.0,917.0,0.0,0.0
3378,L3378_4721,71239.01,18.0,883.0,0.0,0.0
3378,L3378_4722,39895.67,36.0,1380.0,1.0,
3379,L3379_4723,58329.07,18.0,529.0,1.0,1.0
3379,L3379_4724,54952.19,9.0,653.0,0.0,0.0
3380,L3380_4725,91153.8,3.0,267.0,0.0,0.0
3384,L3384_4726,64010.21,18.0,329.0,0.0,0.0
3384,L3384_4727,61700.67,3.0,224.0,0.0,0.0
3385,L3385_4728,81043.8,36.0,614.0,0.0,0.0
3385,L3385_4729,50846.65,18.0,727.0,0.0,0.0
3387,L3387_4730,49014.06,12.0,1425.0,0.0,0.0
3390,L3390_4731,30899.39,9.0,41.0,0.0,0.0
3391,L3391_4732,53696.19,18.0,1263.0,1.0,1.0
3391,L3391_4733,22417.39,6.0,,0.0,0.0
3391,L3391_4734,20628.97,9.0,421.0,0.0,0.0
3392,L3392_4735,63522.56,24.0,693.0,0.0,0.0
3392,L3392_4736,63189.83,12.0,,0.0,0.0
3393,L3393_4737,37584.31,18.0,234.0,0.0,0.0
3393,L3393_4738,84969.23,12.0,206.0,0.0,0.0
3394,L3394_4739,170493.1,12.0,1356.0,0.0,0.0
3394,L3394_4740,17771.27,36.0,,0.0,0.0
3395,L3395_4741,18951.68,3.0,27.0,0.0,0.0
3397,L3397_4742,106065.48,36.0,599.0,0.0,0.0
3398,L3398_4743,53545.04,36.0,1031.0,0.0,0.0
3400,L3400_4744,113321.74,18.0,1512.0,1.0,1.0
3400,L3400_4745,23099.34,24.0,954.0,0.0,0.0
3401,L3401_4746,23089.4,3.0,117.0,1.0,90.0
3402,L3402_4747,100096.42,36.0,1551.0,0.0,0.0
3403,L3403_4748,68718.29,36.0,,1.0,7.0
3405,L3405_4749,103324.51,6.0,171.0,0.0,0.0
3406,L3406_4750,71443.13,18.0,1491.0,0.0,0.0
3406,L3406_4751,50492.8,6.0,55.0,1.0,15.0
3407,L3407_4752,47623.27,36.0,24.0,0.0,0.0
3408,L3408_4753,17733.5,12.0,1122.0,0.0,0.0
3409,L3409_4754,17290.49,,958.0,0.0,0.0
3410,L3410_4755,18657.22,18.0,1591.0,1.0,7.0
3410,L3410_4756,56601.56,6.0,393.0,1.0,30.0
3411,L3411_4757,58891.22,12.0,1089.0,0.0,0.0
3411,L3411_4758,58943.83,6.0,598.0,0.0,0.0
3412,L3412_4759,82868.94,36.0,1442.0,0.0,
3412,L3412_4760,37989.7,6.0,392.0,0.0,0.0
3413,L3413_4761,37528.69,9.0,1394.0,0.0,0.0
3414,L3414_4762,23299.77,18.0,202.0,0.0,0.0
3414,L3414_4763,9261.54,18.0,321.0,0.0,0.0
3414,L3414_4764,43293.43,36.0,891.0,0.0,0.0
3414,L3414_4765,25491.03,9.0,639.0,0.0,0.0
3415,L3415_4766,109776.7,3.0,1105.0,0.0,0.0
3419,L3419_4767,87392.36,36.0,589.0,0.0,0.0
3419,L3419_4768,52130.27,9.0,405.0,0.0,0.0
3420,L3420_4769,30316.06,24.0,1059.0,0.0,0.0
3421,L3421_4770,64953.07,24.0,240.0,0.0,0.0
3421,L3421_4771,51037.17,6.0,502.0,0.0,0.0
3422,L3422_4772,57184.94,18.0,783.0,0.0,0.0
3422,L3422_4773,46342.15,18.0,73.0,1.0,3.0
3422,L3422_4774,69886.56,24.0,1460.0,0.0,
3423,L3423_4775,33512.64,12.0,54.0,1.0,30.0
3423,L3423_4776,48392.25,,200.0,0.0,0.0
3424,L3424_4777,27700.82,36.0,159.0,1.0,1.0
3425,L3425_4778,66532.63,,1093.0,0.0,0.0
3426,L3426_4779,58445.39,6.0,814.0,0.0,0.0
3426,L3426_4780,40219.81,6.0,,0.0,0.0
3427,L3427_4781,28945.59,6.0,1491.0,0.0,0.0
3428,L3428_4782,60448.85,36.0,,1.0,15.0
3428,L3428_4783,33915.75,9.0,95.0,0.0,0.0
3428,L3428_4784,31635.59,36.0,1365.0,0.0,0.0
3430,L3430_4785,45795.98,3.0,461.0,0.0,0.0
3430,L3430_4786,45958.73,9.0,1379.0,1.0,7.0
3431,L3431_4787,67090.76,6.0,652.0,0.0,0.0
3432,L3432_4788,221797.92,6.0,565.0,0.0,0.0
3432,L3432_4789,44880.26,18.0,928.0,1.0,7.0
3436,L3436_4790,63417.88,6.0,1481.0,0.0,0.0
3436,L3436_4791,27312.0,6.0,359.0,1.0,3.0
3436,L3436_4792,78129.47,6.0,875.0,0.0,0.0
3437,L3437_4793,57562.14,36.0,1375.0,0.0,0.0
3439,L3439_4794,45146.69,36.0,853.0,0.0,0.0
3440,L3440_4795,46596.86,9.0,767.0,0.0,0.0
3443,L3443_4796,,3.0,1348.0,0.0,0.0
3444,L3444_4797,63554.89,9.0,1581.0,0.0,
3444,L3444_4798,61694.0,36.0,423.0,0.0,0.0
3445,L3445_4799,29501.67,12.0,281.0,1.0,3.0
3445,L3445_4800,42192.87,6.0,1390.0,1.0,1.0
3446,L3446_4801,19650.61,18.0,1203.0,1.0,30.0
3447,L3447_4802,46143.93,18.0,1325.0,0.0,0.0
3448,L3448_4803,86422.63,24.0,588.0,0.0,0.0
3449,L3449_4804,128983.6,18.0,761.0,1.0,30.0
3450,L3450_4805,33379.6,9.0,1382.0,0.0,0.0
3452,L3452_4806,136394.72,36.0,641.0,1.0,15.0
3454,L3454_4807,43861.82,9.0,193.0,0.0,0.0
3455,L3455_4808,23231.62,9.0,583.0,0.0,0.0
3456,L3456_4809,36793.35,18.0,249.0,0.0,0.0
3456,L3456_4810,23707.97,24.0,1033.0,0.0,0.0
3456,L3456_4811,49447.7,,1346.0,0.0,0.0
3456,L3456_4812,76351.37,18.0,1217.0,0.0,0.0
3459,L3459_4813,49186.34,12.0,1455.0,0.0,0.0
3460,L3460_4814,54609.0,12.0,1593.0,0.0,0.0
3460,L3460_4815,20298.98,36.0,165.0,1.0,3.0
3460,L3460_4816,54106.02,12.0,223.0,0.0,0.0
3463,L3463_4817,34017.91,6.0,923.0,1.0,30.0
3464,L3464_4818,26508.08,36.0,1455.0,0.0,0.0
3464,L3464_4819,40603.88,36.0,324.0,1.0,3.0
3464,L3464_4820,42992.04,36.0,1453.0,1.0,15.0
3465,L3465_4821,98014.44,18.0,240.0,0.0,0.0
3465,L3465_4822,27128.16,36.0,,0.0,0.0
3465,L3465_4823,79138.23,3.0,32.0,0.0,0.0
3465,L3465_4824,30570.33,12.0,691.0,0.0,0.0
3465,L3465_4825,61572.09,12.0,1060.0,0.0,0.0
3466,L3466_4826,68016.78,36.0,1541.0,0.0,0.0
3466,L3466_4827,,12.0,1418.0,0.0,0.0
3466,L3466_4828,23437.13,12.0,712.0,1.0,7.0
3467,L3467_4829,66532.65,12.0,767.0,0.0,0.0
3468,L3468_4830,36538.45,36.0,170.0,0.0,0.0
3471,L3471_4831,,18.0,1454.0,,0.0
3473,L3473_4832,133895.99,,921.0,0.0,0.0
3473,L3473_4833,26748.72,,301.0,0.0,0.0
3474,L3474_4834,79068.31,3.0,1234.0,1.0,15.0
3475,L3475_4835,76375.83,18.0,149.0,0.0,0.0
3476,L3476_4836,43355.59,36.0,409.0,1.0,60.0
3478,L3478_4837,116136.55,9.0,1515.0,0.0,0.0
3478,L3478_4838,23565.54,24.0,1385.0,1.0,7.0
3478,L3478_4839,56524.5,24.0,736.0,0.0,0.0
3479,L3479_4840,29173.52,24.0,1150.0,1.0,3.0
3479,L3479_4841,100936.76,3.0,451.0,0.0,0.0
3480,L3480_4842,25423.27,12.0,1575.0,0.0,0.0
3480,L3480_4843,124953.52,9.0,1130.0,0.0,0.0
3480,L3480_4844,28108.25,24.0,971.0,0.0,0.0
3481,L3481_4845,49442.35,24.0,1250.0,0.0,0.0
3482,L3482_4846,31112.06,9.0,1109.0,0.0,0.0
3482,L3482_4847,22898.44,3.0,1504.0,0.0,0.0
3484,L3484_4848,42886.44,3.0,1450.0,0.0,0.0
3484,L3484_4849,49552.18,18.0,21.0,0.0,0.0
3485,L3485_4850,58169.57,3.0,849.0,1.0,1.0
3485,L3485_4851,53901.65,3.0,849.0,,0.0
3486,L3486_4852,41130.51,12.0,673.0,0.0,0.0
3487,L3487_4853,62391.77,6.0,500.0,0.0,0.0
3488,L3488_4854,242158.19,9.0,735.0,0.0,0.0
3488,L3488_4855,31136.52,24.0,521.0,0.0,0.0
3488,L3488_4856,181673.0,6.0,893.0,0.0,0.0
3489,L3489_4857,46989.5,6.0,1418.0,1.0,60.0
3489,L3489_4858,48599.33,,721.0,0.0,0.0
3490,L3490_4859,40788.83,12.0,1317.0,0.0,0.0
3492,L3492_4860,72404.06,3.0,1371.0,0.0,0.0
3493,L3493_4861,86768.81,24.0,1376.0,0.0,0.0
3493,L3493_4862,,3.0,339.0,0.0,0.0
3494,L3494_4863,57522.75,3.0,303.0,0.0,0.0
3494,L3494_4864,66192.04,36.0,,0.0,0.0
3495,L3495_4865,94142.0,36.0,116.0,0.0,0.0
3495,L3495_4866,77367.81,6.0,1289.0,0.0,0.0
3495,L3495_4867,69960.58,3.0,104.0,0.0,0.0
3495,L3495_4868,69688.5,3.0,1193.0,0.0,0.0
3497,L3497_4869,56874.55,6.0,687.0,1.0,15.0
3498,L3498_4870,42315.29,3.0,725.0,0.0,0.0
3498,L3498_4871,82318.58,12.0,487.0,0.0,0.0
3499,L3499_4872,23475.16,18.0,995.0,0.0,0.0
3499,L3499_4873,23889.61,36.0,76.0,1.0,15.0
3499,L3499_4874,30239.73,24.0,467.0,0.0,0.0
3499,L3499_4875,44177.86,9.0,828.0,,1.0
3500,L3500_4876,24807.07,36.0,1422.0,1.0,3.0
3500,L3500_4877,105776.67,6.0,1399.0,0.0,0.0
3500,L3500_4878,26109.94,9.0,762.0,0.0,0.0
3501,L3501_4879,65913.05,18.0,1346.0,0.0,0.0
3501,L3501_4880,57816.31,,692.0,1.0,15.0
3502,L3502_4881,32119.53,18.0,734.0,0.0,0.0
3502,L3502_4882,24987.86,3.0,1383.0,0.0,0.0
3504,L3504_4883,44885.2,12.0,903.0,0.0,0.0
3505,L3505_4884,34234.34,12.0,1082.0,0.0,0.0
3507,L3507_4885,56873.9,36.0,1040.0,0.0,0.0
3509,L3509_4886,140781.78,6.0,,1.0,60.0
3511,L3511_4887,73737.8,36.0,522.0,0.0,0.0
3512,L3512_4888,71964.66,9.0,1066.0,1.0,15.0
3512,L3512_4889,54570.76,12.0,,0.0,0.0
3512,L3512_4890,89579.5,36.0,141.0,0.0,0.0
3513,L3513_4891,13387.21,6.0,,0.0,0.0
3513,L3513_4892,30167.62,36.0,437.0,0.0,0.0
3514,L3514_4893,50115.54,18.0,1165.0,1.0,1.0
3515,L3515_4894,31569.63,3.0,1487.0,0.0,0.0
3517,L3517_4895,50294.34,6.0,1134.0,1.0,7.0
3518,L3518_4896,21977.45,3.0,910.0,0.0,0.0
3518,L3518_4897,58158.38,12.0,1263.0,0.0,0.0
3521,L3521_4898,64043.17,9.0,1073.0,1.0,3.0
3521,L3521_4899,32120.27,6.0,137.0,0.0,0.0
3522,L3522_4900,21869.28,3.0,392.0,0.0,0.0
3524,L3524_4901,75116.33,9.0,150.0,0.0,0.0
3526,L3526_4902,58405.21,36.0,1210.0,0.0,0.0
3527,L3527_4903,80162.74,36.0,323.0,0.0,0.0
3528,L3528_4904,69421.27,,1293.0,0.0,0.0
3529,L3529_4905,34373.98,6.0,752.0,1.0,15.0
3530,L3530_4906,21367.01,9.0,115.0,0.0,
3532,L3532_4907,32128.32,,933.0,0.0,0.0
3533,L3533_4908,125069.5,6.0,49.0,0.0,0.0
3534,L3534_4909,,12.0,1441.0,1.0,30.0
3534,L3534_4910,33807.99,24.0,1491.0,0.0,0.0
3535,L3535_4911,58853.54,36.0,1162.0,0.0,0.0
3535,L3535_4912,121653.44,24.0,779.0,0.0,0.0
3535,L3535_4913,120567.34,18.0,830.0,0.0,0.0
3537,L3537_4914,123720.97,6.0,1024.0,0.0,0.0
3537,L3537_4915,31612.01,12.0,1591.0,0.0,0.0
3538,L3538_4916,47191.86,18.0,596.0,0.0,0.0
3538,L3538_4917,105250.25,36.0,359.0,0.0,0.0
3539,L3539_4918,59957.15,18.0,544.0,0.0,0.0
3542,L3542_4919,30555.54,24.0,1456.0,0.0,0.0
3543,L3543_4920,32110.9,6.0,1300.0,0.0,0.0
3543,L3543_4921,34692.05,6.0,332.0,0.0,0.0
3544,L3544_4922,107087.0,9.0,633.0,1.0,1.0
3544,L3544_4923,52825.11,6.0,203.0,0.0,0.0
3544,L3544_4924,33034.74,3.0,518.0,0.0,0.0
3545,L3545_4925,70659.12,9.0,831.0,0.0,0.0
3545,L3545_4926,121483.15,24.0,,1.0,15.0
3545,L3545_4927,38676.61,6.0,27.0,1.0,30.0
3547,L3547_4928,30032.9,36.0,780.0,0.0,0.0
3547,L3547_4929,56233.24,36.0,849.0,0.0,0.0
3547,L3547_4930,61006.96,3.0,874.0,0.0,0.0
3548,L3548_4931,63211.35,18.0,1585.0,0.0,0.0
3548,L3548_4932,44393.82,6.0,,0.0,0.0
3549,L3549_4933,50855.32,3.0,551.0,0.0,0.0
3550,L3550_4934,,12.0,623.0,0.0,0.0
3550,L3550_4935,129010.85,6.0,1596.0,0.0,0.0
3550,L3550_4936,34988.63,9.0,1166.0,1.0,1.0
3551,L3551_4937,31351.35,36.0,786.0,,90.0
3553,L3553_4938,116324.7,6.0,474.0,0.0,0.0
3553,L3553_4939,19007.25,6.0,459.0,0.0,0.0
3554,L3554_4940,34893.76,6.0,858.0,0.0,0.0
3556,L3556_4941,48499.76,12.0,742.0,0.0,
3557,L3557_4942,55148.81,6.0,896.0,1.0,7.0
3558,L3558_4943,58081.3,36.0,1490.0,0.0,0.0
3558,L3558_4944,24653.07,6.0,1564.0,1.0,1.0
3558,L3558_4945,43707.92,12.0,1578.0,0.0,0.0
3559,L3559_4946,46141.1,6.0,296.0,0.0,0.0
3559,L3559_4947,81558.97,36.0,634.0,1.0,60.0
3560,L3560_4948,28567.34,24.0,931.0,0.0,0.0
3560,L3560_4949,40474.85,18.0,517.0,0.0,0.0
3561,L3561_4950,58423.31,9.0,307.0,0.0,0.0
3563,L3563_4951,86916.12,24.0,505.0,0.0,0.0
3565,L3565_4952,91618.77,18.0,1590.0,0.0,0.0
3566,L3566_4953,,9.0,788.0,0.0,0.0
3566,L3566_4954,62633.85,6.0,980.0,0.0,0.0
3567,L3567_4955,15263.56,6.0,492.0,0.0,0.0
3569,L3569_4956,33812.75,9.0,1544.0,0.0,0.0
3569,L3569_4957,44361.37,24.0,1033.0,0.0,0.0
3572,L3572_4958,29604.49,12.0,1459.0,0.0,0.0
3572,L3572_4959,68256.76,6.0,1384.0,1.0,7.0
3572,L3572_4960,57873.81,24.0,1362.0,0.0,0.0
3573,L3573_4961,109807.82,12.0,1383.0,1.0,3.0
3573,L3573_4962,65365.56,9.0,237.0,1.0,1.0
3573,L3573_4963,87381.63,18.0,1030.0,1.0,60.0
3574,L3574_4964,26585.27,36.0,386.0,0.0,0.0
3575,L3575_4965,54099.04,36.0,463.0,0.0,0.0
3575,L3575_4966,62982.92,3.0,755.0,1.0,1.0
3576,L3576_4967,49282.72,36.0,745.0,0.0,0.0
3576,L3576_4968,84876.54,6.0,168.0,0.0,0.0
3576,L3576_4969,67590.6,36.0,761.0,0.0,0.0
3579,L3579_4970,47595.1,18.0,1543.0,0.0,0.0
3579,L3579_4971,55069.64,9.0,1270.0,0.0,0.0
3580,L3580_4972,56775.44,12.0,982.0,1.0,7.0
3580,L3580_4973,44273.39,36.0,560.0,0.0,0.0
3580,L3580_4974,31859.65,9.0,1079.0,1.0,30.0
3580,L3580_4975,52807.45,6.0,160.0,0.0,0.0
3581,L3581_4976,47116.24,18.0,298.0,0.0,0.0
3583,L3583_4977,66881.2,9.0,1107.0,0.0,0.0
3583,L3583_4978,102010.91,24.0,35.0,0.0,0.0
3583,L3583_4979,66267.73,3.0,438.0,0.0,0.0
3583,L3583_4980,20404.39,3.0,1227.0,0.0,0.0
3584,L3584_4981,52163.24,36.0,,0.0,0.0
3585,L3585_4982,47217.17,3.0,1155.0,0.0,0.0
3586,L3586_4983,75335.05,24.0,48.0,0.0,0.0
3587,L3587_4984,49798.76,3.0,750.0,0.0,0.0
3588,L3588_4985,89588.34,9.0,123.0,0.0,0.0
3589,L3589_4986,80806.02,6.0,1457.0,0.0,0.0
3589,L3589_4987,70140.12,6.0,625.0,0.0,0.0
3590,L3590_4988,20694.48,9.0,1167.0,0.0,0.0
3591,L3591_4989,53945.76,6.0,1418.0,1.0,15.0
3591,L3591_4990,32635.83,18.0,954.0,,3.0
3591,L3591_4991,88317.15,6.0,,0.0,0.0
3591,L3591_4992,63900.77,24.0,807.0,0.0,0.0
3591,L3591_4993,14552.32,6.0,106.0,0.0,0.0
3591,L3591_4994,32454.3,24.0,902.0,1.0,3.0
3593,L3593_4995,31608.14,24.0,346.0,0.0,0.0
3594,L3594_4996,55991.99,12.0,94.0,1.0,7.0
3595,L3595_4997,33417.2,6.0,1245.0,,0.0
3596,L3596_4998,43293.53,12.0,1116.0,0.0,0.0
3597,L3597_4999,101147.67,9.0,253.0,,0.0
3597,L3597_5000,38116.06,18.0,958.0,0.0,0.0
3597,L3597_5001,62963.92,,1566.0,0.0,0.0
3597,L3597_5002,20545.31,12.0,974.0,0.0,0.0
3598,L3598_5003,43198.24,6.0,578.0,1.0,1.0
3599,L3599_5004,17197.33,36.0,1038.0,0.0,0.0
3600,L3600_5005,37933.15,3.0,1469.0,0.0,0.0
3600,L3600_5006,54112.5,18.0,535.0,0.0,0.0
3600,L3600_5007,65973.33,3.0,551.0,1.0,60.0
3601,L3601_5008,46460.43,6.0,26.0,,60.0
3601,L3601_5009,58045.07,12.0,1068.0,0.0,0.0
3601,L3601_5010,73396.32,3.0,613.0,0.0,0.0
3601,L3601_5011,,24.0,188.0,0.0,0.0
3602,L3602_5012,68302.23,9.0,210.0,0.0,0.0
3603,L3603_5013,20991.39,24.0,,0.0,0.0
3603,L3603_5014,68623.56,18.0,,0.0,0.0
3603,L3603_5015,52875.97,6.0,1233.0,0.0,0.0
3603,L3603_5016,29453.82,9.0,1037.0,1.0,90.0
3604,L3604_5017,58905.7,6.0,765.0,0.0,
3604,L3604_5018,55951.55,18.0,,0.0,0.0
3606,L3606_5019,13250.05,6.0,1175.0,0.0,0.0
3607,L3607_5020,54871.12,18.0,1000.0,0.0,0.0
3610,L3610_5021,,,541.0,0.0,0.0
3611,L3611_5022,37418.35,3.0,60.0,0.0,
3613,L3613_5023,74015.9,18.0,894.0,,7.0
3615,L3615_5024,38305.77,36.0,444.0,0.0,0.0
3615,L3615_5025,50732.11,9.0,1579.0,0.0,0.0
3616,L3616_5026,31703.57,6.0,954.0,1.0,30.0
3616,L3616_5027,61029.54,12.0,797.0,0.0,0.0
3617,L3617_5028,13662.83,36.0,428.0,0.0,0.0
3617,L3617_5029,86981.86,3.0,695.0,0.0,0.0
3617,L3617_5030,31838.73,36.0,478.0,1.0,7.0
3618,L3618_5031,35471.02,24.0,977.0,0.0,0.0
3618,L3618_5032,20068.15,6.0,279.0,1.0,7.0
3619,L3619_5033,48562.96,24.0,320.0,0.0,0.0
3619,L3619_5034,29683.35,12.0,1318.0,0.0,0.0
3619,L3619_5035,81277.98,6.0,837.0,1.0,7.0
3619,L3619_5036,44698.97,18.0,1230.0,0.0,0.0
3619,L3619_5037,50563.31,18.0,513.0,0.0,0.0
3622,L3622_5038,149313.36,3.0,479.0,0.0,0.0
3623,L3623_5039,136907.22,6.0,870.0,0.0,0.0
3623,L3623_5040,55577.75,18.0,945.0,0.0,0.0
3624,L3624_5041,25608.49,6.0,254.0,0.0,0.0
3626,L3626_5042,124874.76,6.0,1446.0,0.0,0.0
3627,L3627_5043,72833.91,6.0,1156.0,0.0,0.0
3627,L3627_5044,48940.76,24.0,1011.0,0.0,0.0
3628,L3628_5045,42440.84,9.0,1171.0,1.0,90.0
3629,L3629_5046,37392.67,6.0,1452.0,0.0,0.0
3629,L3629_5047,56084.3,6.0,642.0,1.0,7.0
3630,L3630_5048,42919.57,36.0,922.0,0.0,0.0
3630,L3630_5049,30915.04,12.0,157.0,0.0,0.0
3630,L3630_5050,79494.04,12.0,1263.0,0.0,0.0
3631,L3631_5051,18699.87,9.0,306.0,0.0,0.0
3632,L3632_5052,33118.62,6.0,379.0,0.0,0.0
3632,L3632_5053,206869.33,24.0,163.0,,0.0
3632,L3632_5054,29795.49,36.0,522.0,0.0,0.0
3633,L3633_5055,32045.77,12.0,447.0,0.0,0.0
3633,L3633_5056,48929.22,24.0,,1.0,30.0
3633,L3633_5057,134006.95,3.0,23.0,0.0,0.0
3634,L3634_5058,33236.36,12.0,1525.0,0.0,0.0
3638,L3638_5059,34626.41,9.0,310.0,1.0,30.0
3639,L3639_5060,17804.1,6.0,957.0,0.0,0.0
3639,L3639_5061,31160.01,36.0,107.0,1.0,30.0
3640,L3640_5062,43232.2,24.0,295.0,0.0,0.0
3640,L3640_5063,37581.29,24.0,943.0,1.0,15.0
3640,L3640_5064,16819.22,3.0,667.0,0.0,0.0
3640,L3640_5065,32993.25,3.0,727.0,0.0,0.0
3640,L3640_5066,105647.41,36.0,1104.0,0.0,0.0
3640,L3640_5067,71582.64,24.0,309.0,0.0,0.0
3641,L3641_5068,31285.0,9.0,1242.0,0.0,0.0
3641,L3641_5069,74942.85,3.0,490.0,0.0,0.0
3641,L3641_5070,22962.05,36.0,313.0,0.0,0.0
3643,L3643_5071,75825.46,3.0,,0.0,0.0
3644,L3644_5072,24585.58,3.0,1012.0,0.0,0.0
3644,L3644_5073,40515.76,3.0,1566.0,1.0,1.0
3646,L3646_5074,44276.66,3.0,1251.0,0.0,0.0
3647,L3647_5075,56335.36,18.0,1106.0,1.0,7.0
3647,L3647_5076,129486.87,12.0,1441.0,,0.0
3647,L3647_5077,85284.64,36.0,1334.0,0.0,0.0
3648,L3648_5078,61404.88,18.0,231.0,1.0,7.0
3648,L3648_5079,77727.34,12.0,446.0,0.0,0.0
3649,L3649_5080,33857.05,12.0,1297.0,0.0,0.0
3649,L3649_5081,48412.51,18.0,984.0,0.0,0.0
3649,L3649_5082,70057.13,6.0,1067.0,0.0,0.0
3651,L3651_5083,37331.79,3.0,,0.0,0.0
3652,L3652_5084,100586.81,24.0,1240.0,1.0,1.0
3653,L3653_5085,46908.62,3.0,1459.0,1.0,1.0
3653,L3653_5086,30418.76,,1143.0,1.0,
3654,L3654_5087,36277.06,24.0,1038.0,0.0,0.0
3654,L3654_5088,36860.06,,231.0,0.0,0.0
3657,L3657_5089,46179.45,36.0,1321.0,0.0,0.0
3658,L3658_5090,94538.94,24.0,559.0,0.0,0.0
3659,L3659_5091,110909.05,24.0,601.0,0.0,0.0
3659,L3659_5092,16545.46,18.0,1240.0,0.0,0.0
3660,L3660_5093,47673.39,12.0,1113.0,0.0,0.0
3660,L3660_5094,100517.43,9.0,642.0,0.0,0.0
3661,L3661_5095,53807.61,36.0,1088.0,0.0,0.0
3662,L3662_5096,26948.94,9.0,1453.0,0.0,0.0
3662,L3662_5097,41135.97,3.0,1265.0,0.0,0.0
3663,L3663_5098,57963.92,12.0,1289.0,0.0,0.0
3663,L3663_5099,68039.74,3.0,1398.0,0.0,0.0
3663,L3663_5100,22021.72,36.0,,0.0,0.0
3664,L3664_5101,52501.17,3.0,1176.0,0.0,0.0
3665,L3665_5102,33328.64,24.0,1188.0,1.0,30.0
3666,L3666_5103,26464.58,12.0,141.0,1.0,1.0
3666,L3666_5104,,9.0,371.0,1.0,
3667,L3667_5105,39805.95,6.0,1030.0,0.0,0.0
3667,L3667_5106,98322.65,12.0,749.0,0.0,0.0
3668,L3668_5107,25617.51,12.0,1121.0,0.0,0.0
3668,L3668_5108,38810.48,3.0,775.0,0.0,0.0
3669,L3669_5109,47356.36,6.0,296.0,0.0,0.0
3669,L3669_5110,102158.16,36.0,1292.0,0.0,0.0
3670,L3670_5111,62686.17,6.0,578.0,0.0,0.0
3671,L3671_5112,33999.84,6.0,46.0,0.0,0.0
3671,L3671_5113,35536.77,9.0,1410.0,0.0,0.0
3673,L3673_5114,109514.66,36.0,998.0,0.0,0.0
3673,L3673_5115,61592.1,12.0,948.0,0.0,0.0
3676,L3676_5116,,9.0,487.0,1.0,7.0
3676,L3676_5117,38470.79,24.0,523.0,0.0,0.0
3676,L3676_5118,88119.55,24.0,1507.0,0.0,0.0
3677,L3677_5119,62946.5,36.0,890.0,1.0,1.0
3678,L3678_5120,47994.77,12.0,410.0,0.0,0.0
3678,L3678_5121,39989.14,3.0,1230.0,0.0,0.0
3679,L3679_5122,,3.0,1159.0,0.0,0.0
3680,L3680_5123,20812.28,18.0,434.0,0.0,0.0
3681,L3681_5124,53394.96,9.0,1131.0,1.0,15.0
3681,L3681_5125,24271.23,6.0,1363.0,0.0,0.0
3683,L3683_5126,59914.56,6.0,1277.0,0.0,0.0
3683,L3683_5127,52371.03,9.0,1177.0,0.0,0.0
3684,L3684_5128,84033.07,18.0,306.0,0.0,
3686,L3686_5129,71026.38,18.0,817.0,0.0,0.0
3686,L3686_5130,58752.62,12.0,67.0,0.0,0.0
3687,L3687_5131,83392.5,6.0,902.0,0.0,0.0
3688,L3688_5132,45493.37,36.0,1208.0,0.0,0.0
3688,L3688_5133,64797.02,6.0,,1.0,90.0
3688,L3688_5134,98046.6,12.0,683.0,0.0,0.0
3689,L3689_5135,59174.5,12.0,761.0,0.0,
3690,L3690_5136,94740.77,3.0,1009.0,,0.0
3691,L3691_5137,,3.0,425.0,0.0,0.0
3691,L3691_5138,35390.56,3.0,943.0,0.0,0.0
3691,L3691_5139,27895.97,9.0,1313.0,1.0,15.0
3692,L3692_5140,107363.4,6.0,1296.0,,0.0
3692,L3692_5141,67368.82,3.0,1571.0,1.0,90.0
3693,L3693_5142,62838.24,3.0,1281.0,0.0,0.0
3693,L3693_5143,118231.35,3.0,1013.0,1.0,1.0
3694,L3694_5144,13194.12,3.0,213.0,0.0,0.0
3694,L3694_5145,110067.16,6.0,1361.0,1.0,1.0
3695,L3695_5146,38231.31,36.0,1483.0,0.0,0.0
3696,L3696_5147,60462.34,24.0,1149.0,1.0,1.0
3697,L3697_5148,14780.43,18.0,,0.0,0.0
3697,L3697_5149,,6.0,1258.0,0.0,0.0
3700,L3700_5150,56142.49,6.0,351.0,0.0,0.0
3701,L3701_5151,25861.92,3.0,1037.0,0.0,0.0
3701,L3701_5152,20382.04,12.0,700.0,0.0,0.0
3703,L3703_5153,56295.8,3.0,1367.0,0.0,0.0
3703,L3703_5154,52309.71,18.0,1215.0,0.0,0.0
3703,L3703_5155,88426.22,6.0,408.0,0.0,0.0
3703,L3703_5156,70224.35,36.0,27.0,1.0,15.0
3704,L3704_5157,29976.81,6.0,425.0,0.0,0.0
3705,L3705_5158,25811.35,36.0,43.0,1.0,15.0
3705,L3705_5159,52366.27,18.0,992.0,0.0,0.0
3706,L3706_5160,68644.04,36.0,1592.0,1.0,30.0
3707,L3707_5161,65432.88,18.0,931.0,0.0,0.0
3709,L3709_5162,,18.0,301.0,0.0,0.0
3710,L3710_5163,24941.27,6.0,1297.0,0.0,0.0
3711,L3711_5164,61844.37,18.0,1125.0,0.0,0.0
3711,L3711_5165,32888.93,9.0,463.0,0.0,0.0
3711,L3711_5166,33576.24,12.0,706.0,0.0,0.0
3716,L3716_5167,49057.75,9.0,126.0,0.0,0.0
3716,L3716_5168,38084.37,36.0,1569.0,1.0,1.0
3717,L3717_5169,71998.29,12.0,1330.0,0.0,0.0
3717,L3717_5170,41677.97,12.0,839.0,1.0,15.0
3718,L3718_5171,37960.09,36.0,832.0,1.0,15.0
3718,L3718_5172,44697.24,24.0,1271.0,0.0,0.0
3719,L3719_5173,36966.78,24.0,124.0,0.0,0.0
3719,L3719_5174,88372.86,3.0,452.0,1.0,7.0
3719,L3719_5175,84216.42,3.0,749.0,0.0,0.0
3720,L3720_5176,89357.27,3.0,791.0,0.0,0.0
3721,L3721_5177,30724.77,6.0,865.0,1.0,1.0
3722,L3722_5178,51001.54,24.0,147.0,0.0,0.0
3724,L3724_5179,72677.79,36.0,631.0,0.0,0.0
3724,L3724_5180,66124.48,3.0,903.0,0.0,0.0
3726,L3726_5181,132261.65,,1028.0,0.0,0.0
3726,L3726_5182,137129.78,36.0,313.0,0.0,0.0
3728,L3728_5183,51761.15,18.0,1378.0,0.0,0.0
3728,L3728_5184,32351.71,36.0,933.0,1.0,60.0
3729,L3729_5185,57321.51,9.0,1129.0,0.0,0.0
3729,L3729_5186,57164.06,9.0,1183.0,0.0,0.0
3732,L3732_5187,57218.26,9.0,1246.0,0.0,0.0
3732,L3732_5188,54078.45,3.0,1258.0,0.0,0.0
3732,L3732_5189,22584.3,6.0,900.0,0.0,0.0
3733,L3733_5190,48919.57,12.0,,0.0,0.0
3733,L3733_5191,61411.51,36.0,858.0,0.0,0.0
3733,L3733_5192,28297.13,9.0,729.0,0.0,0.0
3733,L3733_5193,64640.77,24.0,304.0,1.0,3.0
3734,L3734_5194,46690.86,6.0,1525.0,0.0,0.0
3734,L3734_5195,47158.64,36.0,,0.0,0.0
3734,L3734_5196,69649.84,9.0,1157.0,0.0,0.0
3734,L3734_5197,129294.94,12.0,1160.0,0.0,0.0
3735,L3735_5198,25726.6,24.0,450.0,1.0,1.0
3735,L3735_5199,33964.41,18.0,810.0,0.0,0.0
3735,L3735_5200,23435.73,3.0,691.0,1.0,3.0
3736,L3736_5201,72042.99,6.0,1115.0,1.0,90.0
3737,L3737_5202,46471.34,36.0,1358.0,1.0,7.0
3738,L3738_5203,105454.07,24.0,1222.0,0.0,0.0
3738,L3738_5204,39492.71,36.0,1466.0,0.0,0.0
3738,L3738_5205,53424.02,9.0,1341.0,0.0,0.0
3738,L3738_5206,88047.5,18.0,1177.0,0.0,
3739,L3739_5207,17854.24,36.0,825.0,0.0,0.0
3739,L3739_5208,55623.7,18.0,835.0,,0.0
3740,L3740_5209,58509.73,9.0,,1.0,7.0
3740,L3740_5210,66488.81,36.0,52.0,1.0,90.0
3741,L3741_5211,38347.34,24.0,753.0,0.0,0.0
3742,L3742_5212,47361.3,3.0,103.0,0.0,0.0
3743,L3743_5213,,24.0,1093.0,0.0,0.0
3744,L3744_5214,42409.8,3.0,1527.0,0.0,0.0
3744,L3744_5215,88905.38,3.0,685.0,0.0,0.0
3744,L3744_5216,37269.46,9.0,1138.0,1.0,30.0
3745,L3745_5217,78352.18,36.0,562.0,0.0,
3745,L3745_5218,21317.85,24.0,1315.0,0.0,0.0
3746,L3746_5219,36650.44,24.0,779.0,0.0,0.0
3746,L3746_5220,61163.13,3.0,146.0,0.0,0.0
3747,L3747_5221,24539.34,12.0,744.0,1.0,60.0
3747,L3747_5222,101897.4,24.0,,0.0,0.0
3749,L3749_5223,57443.87,36.0,1402.0,1.0,1.0
3749,L3749_5224,59763.32,6.0,443.0,0.0,0.0
3749,L3749_5225,39073.86,3.0,1118.0,0.0,0.0
3750,L3750_5226,65601.68,9.0,186.0,0.0,0.0
3751,L3751_5227,72210.97,24.0,1359.0,0.0,0.0
3751,L3751_5228,50659.86,18.0,431.0,0.0,0.0
3752,L3752_5229,61868.56,3.0,,0.0,0.0
3752,L3752_5230,45894.84,24.0,536.0,1.0,60.0
3754,L3754_5231,40532.66,36.0,609.0,0.0,0.0
3756,L3756_5232,52440.43,9.0,728.0,0.0,0.0
3757,L3757_5233,72274.41,18.0,466.0,0.0,0.0
3757,L3757_5234,38442.36,12.0,1512.0,0.0,0.0
3758,L3758_5235,200323.3,36.0,1233.0,0.0,0.0
3759,L3759_5236,134586.58,24.0,724.0,1.0,1.0
3759,L3759_5237,28265.67,,1126.0,0.0,0.0
3760,L3760_5238,47010.93,9.0,1010.0,0.0,0.0
3761,L3761_5239,114543.26,9.0,502.0,0.0,0.0
3762,L3762_5240,67143.81,9.0,1203.0,0.0,0.0
3762,L3762_5241,26480.43,18.0,,0.0,0.0
3762,L3762_5242,121999.13,12.0,824.0,0.0,0.0
3763,L3763_5243,52188.75,12.0,358.0,0.0,0.0
3763,L3763_5244,69112.2,3.0,81.0,1.0,90.0
3763,L3763_5245,77260.57,36.0,1460.0,0.0,0.0
3764,L3764_5246,35635.59,18.0,1473.0,1.0,3.0
3764,L3764_5247,47053.84,36.0,1125.0,0.0,0.0
3764,L3764_5248,,9.0,390.0,0.0,0.0
3766,L3766_5249,46222.18,3.0,783.0,0.0,0.0
3766,L3766_5250,43958.07,3.0,681.0,1.0,15.0
3767,L3767_5251,24688.94,18.0,1494.0,1.0,30.0
3767,L3767_5252,18239.41,3.0,1271.0,0.0,0.0
3767,L3767_5253,45567.19,24.0,593.0,0.0,0.0
3767,L3767_5254,66845.06,12.0,1395.0,1.0,15.0
3767,L3767_5255,26165.99,9.0,590.0,0.0,0.0
3768,L3768_5256,93975.8,6.0,485.0,0.0,0.0
3769,L3769_5257,49292.25,6.0,451.0,0.0,0.0
3771,L3771_5258,71676.22,18.0,753.0,0.0,0.0
3771,L3771_5259,34084.67,24.0,1340.0,0.0,0.0
3771,L3771_5260,55350.44,6.0,1233.0,0.0,0.0
3772,L3772_5261,50814.72,36.0,1340.0,0.0,0.0
3773,L3773_5262,74574.49,9.0,1287.0,0.0,0.0
3773,L3773_5263,70572.54,18.0,285.0,0.0,0.0
3774,L3774_5264,141583.59,18.0,211.0,1.0,15.0
3774,L3774_5265,67957.96,18.0,213.0,0.0,0.0
3774,L3774_5266,29449.32,3.0,329.0,0.0,0.0
3777,L3777_5267,119082.96,3.0,1184.0,0.0,0.0
3778,L3778_5268,81823.04,3.0,545.0,0.0,0.0
3779,L3779_5269,120594.65,3.0,80.0,1.0,1.0
3779,L3779_5270,50044.51,24.0,177.0,0.0,0.0
3780,L3780_5271,56762.28,18.0,550.0,0.0,0.0
3780,L3780_5272,42464.04,,541.0,1.0,3.0
3781,L3781_5273,117948.22,18.0,922.0,0.0,0.0
3782,L3782_5274,54253.76,24.0,281.0,,0.0
3782,L3782_5275,28983.81,36.0,747.0,1.0,1.0
3782,L3782_5276,29359.06,24.0,1528.0,1.0,3.0
3783,L3783_5277,13110.04,18.0,411.0,0.0,0.0
3784,L3784_5278,100216.7,9.0,1244.0,0.0,0.0
3784,L3784_5279,83945.66,6.0,1294.0,0.0,0.0
3785,L3785_5280,15013.77,24.0,152.0,0.0,0.0
3786,L3786_5281,84350.27,3.0,122.0,0.0,0.0
3787,L3787_5282,22376.51,3.0,150.0,1.0,7.0
3788,L3788_5283,36270.43,18.0,847.0,0.0,0.0
3789,L3789_5284,52368.19,9.0,1161.0,0.0,0.0
3790,L3790_5285,54477.03,24.0,1297.0,0.0,0.0
3790,L3790_5286,59347.39,3.0,1287.0,0.0,0.0
3791,L3791_5287,37807.4,3.0,100.0,0.0,0.0
3792,L3792_5288,31592.51,24.0,1259.0,0.0,0.0
3793,L3793_5289,31998.92,3.0,627.0,1.0,30.0
3795,L3795_5290,25584.4,24.0,,0.0,0.0
3795,L3795_5291,38245.97,9.0,487.0,0.0,0.0
3795,L3795_5292,54407.81,12.0,796.0,0.0,
3795,L3795_5293,28772.17,3.0,838.0,0.0,
3795,L3795_5294,39780.52,18.0,1265.0,1.0,30.0
3796,L3796_5295,81137.07,18.0,677.0,0.0,0.0
3796,L3796_5296,28547.52,3.0,483.0,1.0,15.0
3796,L3796_5297,,3.0,1129.0,0.0,0.0
3798,L3798_5298,33143.56,36.0,1117.0,0.0,0.0
3798,L3798_5299,40942.82,24.0,1056.0,1.0,15.0
3798,L3798_5300,40337.81,3.0,214.0,1.0,15.0
3798,L3798_5301,80626.03,36.0,629.0,0.0,0.0
3798,L3798_5302,65106.74,3.0,161.0,0.0,0.0
3799,L3799_5303,104359.59,18.0,703.0,0.0,0.0
3801,L3801_5304,29460.05,24.0,597.0,0.0,0.0
3801,L3801_5305,27764.76,24.0,782.0,0.0,0.0
3802,L3802_5306,23433.36,9.0,294.0,0.0,0.0
3803,L3803_5307,60884.19,6.0,740.0,1.0,7.0
3804,L3804_5308,98665.24,12.0,602.0,0.0,0.0
3804,L3804_5309,47108.96,6.0,,0.0,0.0
3804,L3804_5310,,3.0,1557.0,0.0,0.0
3805,L3805_5311,51512.9,18.0,,0.0,0.0
3806,L3806_5312,51820.32,36.0,322.0,0.0,0.0
3807,L3807_5313,28238.88,12.0,1321.0,0.0,0.0
3808,L3808_5314,81623.46,24.0,586.0,,0.0
3809,L3809_5315,37733.34,36.0,1477.0,1.0,7.0
3809,L3809_5316,33509.28,36.0,291.0,0.0,0.0
3809,L3809_5317,71018.43,36.0,35.0,0.0,0.0
3810,L3810_5318,16813.6,24.0,1560.0,0.0,0.0
3810,L3810_5319,40316.16,9.0,719.0,1.0,15.0
3811,L3811_5320,33965.64,12.0,556.0,1.0,90.0
3811,L3811_5321,89443.9,,809.0,1.0,60.0
3814,L3814_5322,21284.89,6.0,778.0,1.0,15.0
3814,L3814_5323,68599.75,3.0,766.0,0.0,0.0
3815,L3815_5324,20021.62,18.0,493.0,0.0,0.0
3815,L3815_5325,52877.01,9.0,,0.0,0.0
3816,L3816_5326,85466.82,3.0,908.0,0.0,0.0
3816,L3816_5327,50532.95,18.0,705.0,0.0,0.0
3816,L3816_5328,23314.35,,148.0,0.0,0.0
3816,L3816_5329,86495.51,24.0,374.0,0.0,0.0
3816,L3816_5330,23435.59,,1200.0,0.0,0.0
3816,L3816_5331,37510.32,9.0,461.0,1.0,3.0
3817,L3817_5332,17022.97,6.0,513.0,0.0,0.0
3817,L3817_5333,26397.69,,832.0,0.0,
3817,L3817_5334,63496.29,3.0,1233.0,0.0,0.0
3819,L3819_5335,83018.85,,862.0,1.0,7.0
3819,L3819_5336,23103.92,36.0,968.0,0.0,0.0
3820,L3820_5337,26508.65,18.0,1337.0,0.0,0.0
3820,L3820_5338,21388.35,9.0,1450.0,1.0,30.0
3821,L3821_5339,111601.54,12.0,1414.0,,0.0
3821,L3821_5340,56457.79,9.0,734.0,0.0,0.0
3821,L3821_5341,80657.35,3.0,1070.0,1.0,7.0
3823,L3823_5342,139966.79,6.0,904.0,1.0,15.0
3824,L3824_5343,16590.54,6.0,854.0,0.0,0.0
3824,L3824_5344,104079.27,3.0,391.0,0.0,0.0
3824,L3824_5345,32077.21,24.0,964.0,1.0,7.0
3825,L3825_5346,35702.78,24.0,1376.0,0.0,0.0
3825,L3825_5347,48973.24,18.0,816.0,0.0,0.0
3826,L3826_5348,,9.0,641.0,0.0,0.0
3826,L3826_5349,29007.77,3.0,1240.0,0.0,0.0
3827,L3827_5350,74860.03,12.0,652.0,0.0,0.0
3828,L3828_5351,26411.06,6.0,813.0,0.0,0.0
3828,L3828_5352,114919.49,9.0,1129.0,0.0,
3828,L3828_5353,44428.07,3.0,285.0,0.0,0.0
3829,L3829_5354,70373.95,9.0,343.0,1.0,60.0
3830,L3830_5355,77174.77,24.0,112.0,0.0,0.0
3830,L3830_5356,53327.12,12.0,1198.0,0.0,0.0
3831,L3831_5357,33740.83,18.0,,0.0,0.0
3831,L3831_5358,69622.0,6.0,131.0,1.0,30.0
3832,L3832_5359,27723.33,18.0,1109.0,1.0,
3832,L3832_5360,116060.19,18.0,89.0,0.0,0.0
3833,L3833_5361,165966.73,12.0,740.0,0.0,0.0
3833,L3833_5362,229301.04,36.0,518.0,0.0,0.0
3833,L3833_5363,25543.33,6.0,622.0,0.0,0.0
3834,L3834_5364,71710.68,24.0,1412.0,0.0,0.0
3834,L3834_5365,53314.9,18.0,253.0,0.0,0.0
3834,L3834_5366,39508.05,9.0,476.0,0.0,0.0
3835,L3835_5367,11294.29,12.0,919.0,,0.0
3836,L3836_5368,52416.77,6.0,493.0,0.0,0.0
3836,L3836_5369,27439.25,3.0,1178.0,0.0,0.0
3836,L3836_5370,61259.62,18.0,1509.0,0.0,0.0
3837,L3837_5371,59421.91,3.0,1114.0,0.0,0.0
3838,L3838_5372,36306.94,6.0,507.0,0.0,0.0
3839,L3839_5373,129549.01,3.0,1069.0,0.0,0.0
3839,L3839_5374,47958.57,,1249.0,0.0,0.0
3839,L3839_5375,,36.0,613.0,0.0,0.0
3839,L3839_5376,112021.68,12.0,1069.0,0.0,0.0
3840,L3840_5377,29150.56,9.0,172.0,1.0,15.0
3841,L3841_5378,,18.0,983.0,0.0,0.0
3841,L3841_5379,21302.44,36.0,922.0,0.0,0.0
3842,L3842_5380,32250.2,6.0,762.0,0.0,0.0
3843,L3843_5381,32573.74,12.0,770.0,1.0,60.0
3844,L3844_5382,86846.07,12.0,731.0,0.0,0.0
3848,L3848_5383,33516.02,24.0,862.0,0.0,0.0
3848,L3848_5384,62075.5,12.0,276.0,0.0,0.0
3850,L3850_5385,21301.86,9.0,547.0,0.0,0.0
3850,L3850_5386,,24.0,1570.0,0.0,0.0
3851,L3851_5387,42635.57,36.0,1449.0,0.0,0.0
3851,L3851_5388,48419.1,18.0,138.0,0.0,0.0
3853,L3853_5389,30464.2,6.0,435.0,0.0,0.0
3853,L3853_5390,24731.12,6.0,1272.0,0.0,
3854,L3854_5391,32888.29,9.0,365.0,0.0,0.0
3854,L3854_5392,103511.68,9.0,892.0,0.0,0.0
3855,L3855_5393,35131.36,6.0,,0.0,0.0
3855,L3855_5394,60600.55,9.0,451.0,0.0,0.0
3855,L3855_5395,58589.85,9.0,446.0,0.0,0.0
3855,L3855_5396,39358.23,24.0,55.0,1.0,15.0
3855,L3855_5397,77149.12,18.0,1440.0,0.0,0.0
3856,L3856_5398,52096.23,24.0,781.0,0.0,0.0
3858,L3858_5399,46848.56,6.0,697.0,0.0,0.0
3858,L3858_5400,48632.15,24.0,,0.0,
3858,L3858_5401,51806.95,,680.0,0.0,0.0
3859,L3859_5402,27234.47,9.0,40.0,0.0,0.0
3860,L3860_5403,42099.85,9.0,1476.0,1.0,1.0
3861,L3861_5404,71444.7,24.0,628.0,1.0,15.0
3861,L3861_5405,110613.24,3.0,622.0,0.0,0.0
3862,L3862_5406,39433.56,12.0,600.0,,0.0
3862,L3862_5407,,3.0,1139.0,0.0,0.0
3862,L3862_5408,37034.53,24.0,1205.0,0.0,0.0
3864,L3864_5409,133767.91,18.0,570.0,1.0,60.0
3865,L3865_5410,47223.38,24.0,110.0,0.0,0.0
3865,L3865_5411,69990.04,6.0,387.0,0.0,0.0
3866,L3866_5412,15703.93,3.0,1466.0,1.0,30.0
3866,L3866_5413,71925.69,24.0,368.0,1.0,15.0
3868,L3868_5414,58527.19,12.0,1415.0,0.0,0.0
3868,L3868_5415,16216.65,24.0,368.0,,0.0
3868,L3868_5416,35475.89,,1022.0,0.0,0.0
3868,L3868_5417,29804.53,24.0,1236.0,0.0,0.0
3869,L3869_5418,53132.33,3.0,1235.0,0.0,0.0
3870,L3870_5419,49501.56,36.0,982.0,0.0,0.0
3870,L3870_5420,20615.96,24.0,637.0,0.0,0.0
3872,L3872_5421,42331.65,18.0,940.0,0.0,0.0
3872,L3872_5422,26403.2,36.0,182.0,0.0,0.0
3872,L3872_5423,56023.4,6.0,1011.0,0.0,0.0
3873,L3873_5424,31755.5,24.0,1077.0,0.0,0.0
3873,L3873_5425,63530.41,36.0,712.0,0.0,0.0
3873,L3873_5426,41888.65,24.0,1495.0,0.0,0.0
3873,L3873_5427,32828.69,18.0,606.0,1.0,1.0
3873,L3873_5428,24910.8,24.0,148.0,0.0,0.0
3874,L3874_5429,37650.88,18.0,120.0,0.0,0.0
3875,L3875_5430,60415.44,36.0,1376.0,0.0,0.0
3875,L3875_5431,95419.19,6.0,729.0,0.0,0.0
3876,L3876_5432,15844.95,18.0,1399.0,0.0,0.0
3876,L3876_5433,21565.8,3.0,27.0,1.0,7.0
3877,L3877_5434,57329.86,9.0,405.0,,0.0
3878,L3878_5435,50294.43,12.0,421.0,1.0,60.0
3880,L3880_5436,26816.67,36.0,881.0,0.0,0.0
3882,L3882_5437,59149.57,,1324.0,1.0,90.0
3883,L3883_5438,43671.26,18.0,1269.0,0.0,0.0
3884,L3884_5439,76591.29,6.0,957.0,0.0,0.0
3884,L3884_5440,67257.42,18.0,401.0,0.0,0.0
3884,L3884_5441,47750.37,3.0,929.0,0.0,0.0
3885,L3885_5442,49468.03,6.0,891.0,1.0,7.0
3885,L3885_5443,49938.03,6.0,438.0,1.0,3.0
3886,L3886_5444,37854.11,9.0,776.0,0.0,0.0
3887,L3887_5445,55086.91,18.0,330.0,0.0,0.0
3888,L3888_5446,70217.02,6.0,1498.0,0.0,0.0
3888,L3888_5447,77877.07,24.0,560.0,0.0,0.0
3889,L3889_5448,,6.0,323.0,0.0,0.0
3892,L3892_5449,53686.83,6.0,773.0,0.0,0.0
3892,L3892_5450,55068.52,36.0,738.0,0.0,0.0
3893,L3893_5451,128098.98,12.0,1027.0,,0.0
3893,L3893_5452,174980.88,12.0,459.0,0.0,0.0
3894,L3894_5453,36596.97,24.0,1378.0,0.0,0.0
3894,L3894_5454,93820.89,,468.0,0.0,0.0
3896,L3896_5455,22625.44,36.0,359.0,1.0,3.0
3896,L3896_5456,38039.55,24.0,,0.0,0.0
3897,L3897_5457,84470.66,18.0,1191.0,0.0,0.0
3897,L3897_5458,111536.34,6.0,398.0,1.0,7.0
3897,L3897_5459,27267.12,9.0,187.0,0.0,0.0
3898,L3898_5460,26736.69,18.0,1231.0,0.0,0.0
3899,L3899_5461,34959.54,24.0,586.0,0.0,0.0
3900,L3900_5462,90904.65,12.0,1249.0,0.0,0.0
3900,L3900_5463,37040.39,36.0,1030.0,1.0,1.0
3902,L3902_5464,23497.6,18.0,1023.0,0.0,0.0
3903,L3903_5465,27994.83,36.0,1126.0,0.0,0.0
3903,L3903_5466,62578.21,24.0,120.0,0.0,0.0
3903,L3903_5467,49424.1,24.0,626.0,0.0,0.0
3903,L3903_5468,20212.89,36.0,1545.0,0.0,0.0
3904,L3904_5469,60175.02,3.0,1097.0,0.0,0.0
3906,L3906_5470,48130.81,18.0,467.0,0.0,0.0
3907,L3907_5471,85160.59,18.0,36.0,1.0,60.0
3907,L3907_5472,,24.0,1033.0,0.0,0.0
3908,L3908_5473,18708.57,9.0,1286.0,0.0,0.0
3908,L3908_5474,63215.46,9.0,641.0,1.0,1.0
3909,L3909_5475,52479.17,18.0,1241.0,0.0,0.0
3909,L3909_5476,24369.69,6.0,816.0,0.0,0.0
3909,L3909_5477,291213.36,9.0,1024.0,1.0,1.0
3909,L3909_5478,33894.68,24.0,,0.0,0.0
3910,L3910_5479,43540.65,36.0,998.0,0.0,0.0
3910,L3910_5480,91757.01,12.0,108.0,0.0,0.0
3911,L3911_5481,48959.33,,1299.0,0.0,0.0
3913,L3913_5482,30334.24,18.0,1298.0,0.0,0.0
3913,L3913_5483,68397.79,12.0,26.0,0.0,0.0
3914,L3914_5484,34938.11,3.0,637.0,1.0,15.0
3915,L3915_5485,46487.55,18.0,1116.0,0.0,0.0
3915,L3915_5486,46459.66,12.0,,0.0,0.0
3915,L3915_5487,47966.93,12.0,682.0,,0.0
3916,L3916_5488,139096.44,24.0,1526.0,0.0,0.0
3916,L3916_5489,46448.35,9.0,1572.0,0.0,0.0
3916,L3916_5490,84667.65,24.0,516.0,0.0,0.0
3917,L3917_5491,40614.39,18.0,1500.0,0.0,0.0
3919,L3919_5492,89428.05,6.0,750.0,0.0,0.0
3919,L3919_5493,33533.03,24.0,482.0,0.0,0.0
3920,L3920_5494,22648.48,24.0,1060.0,0.0,0.0
3920,L3920_5495,53933.96,36.0,1364.0,0.0,0.0
3920,L3920_5496,22034.89,12.0,677.0,0.0,0.0
3923,L3923_5497,54830.12,6.0,510.0,0.0,0.0
3923,L3923_5498,45802.81,12.0,893.0,0.0,0.0
3923,L3923_5499,34821.53,12.0,366.0,1.0,
3923,L3923_5500,32964.41,18.0,282.0,0.0,0.0
3924,L3924_5501,55876.75,6.0,1432.0,0.0,0.0
3926,L3926_5502,166816.4,3.0,825.0,1.0,7.0
3926,L3926_5503,59050.67,36.0,280.0,1.0,15.0
3926,L3926_5504,45621.97,18.0,195.0,0.0,0.0
3928,L3928_5505,48794.0,9.0,1203.0,0.0,0.0
3928,L3928_5506,45199.48,3.0,1238.0,1.0,60.0
3929,L3929_5507,39294.79,18.0,946.0,1.0,90.0
3929,L3929_5508,68733.92,36.0,39.0,0.0,0.0
3930,L3930_5509,21651.82,18.0,1061.0,0.0,0.0
3931,L3931_5510,73104.18,24.0,1201.0,0.0,0.0
3931,L3931_5511,62113.77,12.0,941.0,0.0,0.0
3933,L3933_5512,48595.54,18.0,231.0,0.0,0.0
3933,L3933_5513,14940.29,24.0,,0.0,0.0
3934,L3934_5514,22258.64,36.0,515.0,0.0,0.0
3934,L3934_5515,27503.27,3.0,470.0,1.0,3.0
3934,L3934_5516,20985.71,18.0,1411.0,0.0,0.0
3935,L3935_5517,15878.06,24.0,1220.0,0.0,0.0
3935,L3935_5518,19684.48,24.0,,0.0,0.0
3935,L3935_5519,54102.65,9.0,1493.0,0.0,0.0
3936,L3936_5520,63463.21,6.0,769.0,0.0,0.0
3937,L3937_5521,,18.0,596.0,1.0,7.0
3937,L3937_5522,44604.83,3.0,1223.0,1.0,1.0
3938,L3938_5523,74529.91,9.0,61.0,0.0,0.0
3939,L3939_5524,21930.41,24.0,650.0,0.0,0.0
3941,L3941_5525,51036.39,9.0,1474.0,0.0,0.0
3942,L3942_5526,263032.63,3.0,1590.0,0.0,0.0
3942,L3942_5527,61905.12,9.0,169.0,0.0,0.0
3944,L3944_5528,28580.73,36.0,328.0,0.0,0.0
3944,L3944_5529,53016.95,9.0,361.0,1.0,3.0
3945,L3945_5530,63120.34,18.0,1368.0,0.0,0.0
3945,L3945_5531,76286.63,3.0,704.0,1.0,3.0
3946,L3946_5532,81406.81,18.0,1598.0,0.0,0.0
3948,L3948_5533,55635.38,9.0,698.0,0.0,0.0
3948,L3948_5534,76633.13,18.0,1420.0,0.0,0.0
3949,L3949_5535,83835.15,9.0,521.0,1.0,3.0
3950,L3950_5536,104943.26,12.0,559.0,0.0,0.0
3951,L3951_5537,13127.41,6.0,1277.0,1.0,7.0
3953,L3953_5538,18807.08,9.0,,1.0,1.0
3956,L3956_5539,55584.16,36.0,798.0,0.0,0.0
3958,L3958_5540,79762.75,3.0,802.0,0.0,0.0
3959,L3959_5541,48521.95,24.0,1460.0,0.0,
3959,L3959_5542,91931.42,12.0,1218.0,1.0,15.0
3959,L3959_5543,65877.25,9.0,227.0,0.0,0.0
3961,L3961_5544,74398.0,6.0,,1.0,30.0
3962,L3962_5545,28282.87,24.0,478.0,0.0,0.0
3962,L3962_5546,52146.93,,730.0,1.0,7.0
3963,L3963_5547,73024.39,9.0,1008.0,0.0,0.0
3963,L3963_5548,44562.65,36.0,104.0,0.0,0.0
3963,L3963_5549,64829.07,24.0,896.0,0.0,0.0
3963,L3963_5550,,18.0,1572.0,0.0,0.0
3965,L3965_5551,66875.73,3.0,1341.0,0.0,0.0
3967,L3967_5552,78606.54,3.0,1249.0,0.0,0.0
3969,L3969_5553,77974.59,6.0,1289.0,1.0,60.0
3970,L3970_5554,32117.57,9.0,1589.0,1.0,15.0
3970,L3970_5555,26281.83,36.0,35.0,0.0,0.0
3971,L3971_5556,82318.31,9.0,1552.0,0.0,0.0
3971,L3971_5557,62679.71,36.0,374.0,0.0,0.0
3974,L3974_5558,53482.25,36.0,670.0,0.0,0.0
3974,L3974_5559,75738.62,6.0,1573.0,0.0,0.0
3976,L3976_5560,31921.58,3.0,957.0,0.0,0.0
3977,L3977_5561,41147.01,9.0,797.0,0.0,0.0
3977,L3977_5562,26662.08,6.0,934.0,0.0,0.0
3977,L3977_5563,58908.37,24.0,933.0,0.0,0.0
3978,L3978_5564,23557.64,3.0,520.0,1.0,7.0
3978,L3978_5565,55684.33,12.0,1522.0,0.0,0.0
3978,L3978_5566,170411.14,18.0,299.0,0.0,0.0
3978,L3978_5567,114597.07,3.0,876.0,0.0,0.0
3979,L3979_5568,42298.7,36.0,1426.0,0.0,0.0
3980,L3980_5569,26818.52,18.0,234.0,0.0,0.0
3981,L3981_5570,25163.38,36.0,1466.0,1.0,3.0
3982,L3982_5571,83415.45,24.0,571.0,0.0,0.0
3983,L3983_5572,78549.18,9.0,1371.0,0.0,0.0
3984,L3984_5573,38162.1,3.0,985.0,0.0,0.0
3984,L3984_5574,36573.21,6.0,1028.0,0.0,0.0
3984,L3984_5575,29549.58,18.0,968.0,0.0,0.0
3986,L3986_5576,111115.54,12.0,1057.0,0.0,0.0
3986,L3986_5577,88200.81,36.0,873.0,0.0,0.0
3987,L3987_5578,26105.43,36.0,1112.0,0.0,0.0
3987,L3987_5579,65878.1,18.0,816.0,0.0,0.0
3988,L3988_5580,42570.71,9.0,987.0,0.0,0.0
3988,L3988_5581,31656.64,18.0,97.0,0.0,0.0
3988,L3988_5582,,12.0,366.0,0.0,0.0
3988,L3988_5583,28147.19,18.0,382.0,1.0,15.0
3988,L3988_5584,57000.21,24.0,668.0,0.0,0.0
3988,L3988_5585,57793.98,18.0,1290.0,0.0,0.0
3989,L3989_5586,45905.32,3.0,1260.0,0.0,0.0
3991,L3991_5587,50267.57,9.0,351.0,1.0,
3991,L3991_5588,101876.41,24.0,46.0,0.0,0.0
3991,L3991_5589,32327.78,9.0,195.0,0.0,0.0
3991,L3991_5590,65364.01,9.0,511.0,0.0,0.0
3992,L3992_5591,32438.15,9.0,1401.0,0.0,0.0
3994,L3994_5592,83798.05,24.0,1043.0,0.0,0.0
3995,L3995_5593,35277.61,24.0,1047.0,0.0,0.0
3995,L3995_5594,21491.67,3.0,1077.0,0.0,0.0
3995,L3995_5595,21580.66,9.0,334.0,0.0,0.0
3995,L3995_5596,79522.74,6.0,225.0,1.0,7.0
3996,L3996_5597,21420.31,36.0,617.0,0.0,0.0
3997,L3997_5598,22570.07,9.0,941.0,0.0,0.0
3997,L3997_5599,21829.87,36.0,1404.0,0.0,0.0
3998,L3998_5600,68623.32,12.0,1076.0,0.0,0.0
3999,L3999_5601,25993.72,36.0,1572.0,,1.0
3999,L3999_5602,104144.29,3.0,280.0,0.0,0.0
3999,L3999_5603,74614.32,18.0,1076.0,0.0,0.0
3999,L3999_5604,129794.45,18.0,975.0,0.0,0.0
4002,L4002_5605,141211.46,9.0,509.0,0.0,0.0
4002,L4002_5606,36023.72,12.0,391.0,1.0,60.0
4004,L4004_5607,48308.25,12.0,411.0,0.0,0.0
4004,L4004_5608,66425.41,24.0,1439.0,0.0,0.0
4004,L4004_5609,68911.72,24.0,1083.0,1.0,7.0
4006,L4006_5610,46403.43,18.0,112.0,0.0,0.0
4007,L4007_5611,15277.54,18.0,,0.0,0.0
4007,L4007_5612,51624.41,3.0,1518.0,0.0,0.0
4007,L4007_5613,48602.1,24.0,1280.0,0.0,0.0
4008,L4008_5614,21517.59,36.0,1266.0,1.0,60.0
4008,L4008_5615,43123.92,3.0,1247.0,0.0,0.0
4008,L4008_5616,50381.93,12.0,1025.0,0.0,0.0
4009,L4009_5617,46631.37,36.0,695.0,1.0,1.0
4009,L4009_5618,136530.36,36.0,1447.0,0.0,0.0
4009,L4009_5619,125755.71,9.0,755.0,0.0,0.0
4010,L4010_5620,35073.55,6.0,1072.0,0.0,
4010,L4010_5621,21315.91,3.0,1133.0,0.0,0.0
4011,L4011_5622,143629.44,36.0,327.0,0.0,0.0
4012,L4012_5623,36344.27,36.0,659.0,1.0,7.0
4012,L4012_5624,25336.5,9.0,,0.0,0.0
4013,L4013_5625,64073.82,3.0,554.0,0.0,0.0
4015,L4015_5626,41555.34,9.0,179.0,1.0,1.0
4015,L4015_5627,38050.74,3.0,1528.0,1.0,30.0
4015,L4015_5628,33876.03,,198.0,0.0,0.0
4015,L4015_5629,51000.35,3.0,431.0,0.0,0.0
4016,L4016_5630,91584.52,12.0,46.0,,7.0
4016,L4016_5631,47322.62,3.0,1361.0,0.0,
4017,L4017_5632,35645.03,12.0,1056.0,1.0,7.0
4018,L4018_5633,168138.3,18.0,417.0,0.0,0.0
4018,L4018_5634,32937.89,3.0,311.0,0.0,
4018,L4018_5635,71614.39,36.0,1490.0,0.0,0.0
4021,L4021_5636,156018.16,12.0,775.0,0.0,0.0
4022,L4022_5637,34105.63,36.0,62.0,1.0,7.0
4024,L4024_5638,56866.75,3.0,,0.0,0.0
4024,L4024_5639,75815.03,9.0,1552.0,1.0,60.0
4024,L4024_5640,42969.65,18.0,60.0,0.0,0.0
4025,L4025_5641,59750.19,,1422.0,0.0,0.0
4026,L4026_5642,103648.44,24.0,1167.0,0.0,0.0
4026,L4026_5643,95521.71,6.0,185.0,0.0,0.0
4027,L4027_5644,57120.8,24.0,817.0,0.0,0.0
4027,L4027_5645,54801.47,3.0,262.0,0.0,0.0
4029,L4029_5646,26356.03,3.0,1452.0,1.0,7.0
4029,L4029_5647,84379.29,12.0,882.0,0.0,0.0
4030,L4030_5648,80956.43,6.0,30.0,0.0,0.0
4032,L4032_5649,156624.57,6.0,553.0,0.0,0.0
4032,L4032_5650,26443.83,24.0,456.0,0.0,0.0
4033,L4033_5651,47638.88,3.0,1087.0,0.0,
4038,L4038_5652,187750.65,24.0,644.0,0.0,0.0
4039,L4039_5653,24214.84,36.0,1046.0,0.0,0.0
4039,L4039_5654,58342.03,24.0,1116.0,1.0,1.0
4040,L4040_5655,64732.81,3.0,1239.0,1.0,7.0
4040,L4040_5656,66084.74,6.0,161.0,0.0,0.0
4040,L4040_5657,31640.7,24.0,510.0,0.0,0.0
4040,L4040_5658,85620.75,12.0,814.0,1.0,60.0
4041,L4041_5659,50820.93,9.0,,0.0,0.0
4043,L4043_5660,46727.84,18.0,58.0,1.0,15.0
4043,L4043_5661,93072.17,24.0,114.0,0.0,0.0
4045,L4045_5662,10400.16,3.0,661.0,0.0,
4046,L4046_5663,57837.7,24.0,156.0,0.0,0.0
4046,L4046_5664,30657.41,24.0,1089.0,0.0,0.0
4049,L4049_5665,67464.91,3.0,325.0,0.0,0.0
4051,L4051_5666,53541.45,9.0,1074.0,,0.0
4051,L4051_5667,87079.54,12.0,1558.0,0.0,0.0
4053,L4053_5668,126924.29,6.0,1065.0,0.0,0.0
4053,L4053_5669,98481.61,6.0,280.0,0.0,0.0
4053,L4053_5670,13986.62,24.0,1117.0,1.0,3.0
4054,L4054_5671,40568.61,12.0,1525.0,0.0,0.0
4054,L4054_5672,18300.04,18.0,509.0,0.0,0.0
4056,L4056_5673,41810.48,3.0,1441.0,0.0,0.0
4056,L4056_5674,101863.3,9.0,97.0,0.0,0.0
4056,L4056_5675,37188.67,6.0,284.0,0.0,0.0
4058,L4058_5676,90762.58,24.0,1202.0,0.0,0.0
4058,L4058_5677,17368.03,24.0,1556.0,0.0,0.0
4058,L4058_5678,76190.81,24.0,35.0,0.0,0.0
4060,L4060_5679,17999.86,9.0,1230.0,1.0,1.0
4061,L4061_5680,48022.92,6.0,571.0,1.0,7.0
4063,L4063_5681,,6.0,436.0,1.0,7.0
4066,L4066_5682,54277.89,24.0,1375.0,0.0,0.0
4067,L4067_5683,54208.15,9.0,320.0,0.0,0.0
4067,L4067_5684,53674.12,,1268.0,0.0,0.0
4069,L4069_5685,35216.84,9.0,236.0,0.0,0.0
4069,L4069_5686,79320.43,18.0,1529.0,1.0,3.0
4070,L4070_5687,,18.0,992.0,1.0,3.0
4070,L4070_5688,14379.85,12.0,1242.0,0.0,0.0
4070,L4070_5689,81471.1,24.0,127.0,0.0,0.0
4071,L4071_5690,98602.0,3.0,951.0,,0.0
4071,L4071_5691,60386.05,12.0,1254.0,0.0,0.0
4072,L4072_5692,28532.52,18.0,1165.0,0.0,0.0
4073,L4073_5693,49172.58,9.0,1096.0,1.0,90.0
4074,L4074_5694,45557.93,18.0,,0.0,0.0
4075,L4075_5695,81411.59,9.0,1023.0,1.0,7.0
4078,L4078_5696,61924.08,,478.0,0.0,0.0
4078,L4078_5697,177242.94,9.0,998.0,0.0,0.0
4079,L4079_5698,83249.11,24.0,178.0,1.0,60.0
4079,L4079_5699,54759.8,36.0,57.0,0.0,0.0
4080,L4080_5700,22392.49,24.0,1348.0,0.0,0.0
4081,L4081_5701,55818.17,36.0,923.0,1.0,7.0
4081,L4081_5702,67861.49,24.0,1524.0,0.0,0.0
4081,L4081_5703,41146.8,9.0,1214.0,0.0,0.0
4082,L4082_5704,141115.0,24.0,769.0,0.0,
4083,L4083_5705,54305.84,12.0,1010.0,0.0,0.0
4083,L4083_5706,22075.61,12.0,1452.0,1.0,1.0
4086,L4086_5707,50760.3,6.0,1070.0,1.0,15.0
4086,L4086_5708,49472.75,3.0,603.0,0.0,0.0
4086,L4086_5709,50008.93,9.0,510.0,0.0,0.0
4087,L4087_5710,40451.32,3.0,364.0,,15.0
4088,L4088_5711,31938.72,12.0,1055.0,0.0,0.0
4089,L4089_5712,125310.27,12.0,402.0,0.0,0.0
4089,L4089_5713,45328.5,36.0,1169.0,0.0,0.0
4090,L4090_5714,31391.32,36.0,165.0,0.0,
4091,L4091_5715,49387.33,12.0,350.0,0.0,0.0
4091,L4091_5716,29395.3,,1035.0,1.0,1.0
4091,L4091_5717,28068.41,12.0,1453.0,1.0,7.0
4092,L4092_5718,68808.19,24.0,821.0,0.0,0.0
4092,L4092_5719,49593.3,18.0,1494.0,0.0,0.0
4093,L4093_5720,41183.17,3.0,578.0,1.0,60.0
4093,L4093_5721,49605.13,9.0,1398.0,0.0,0.0
4093,L4093_5722,36429.75,12.0,173.0,0.0,0.0
4094,L4094_5723,85042.46,12.0,278.0,0.0,0.0
4097,L4097_5724,42536.06,6.0,448.0,0.0,0.0
4098,L4098_5725,21787.33,3.0,1444.0,0.0,0.0
4099,L4099_5726,24350.31,6.0,359.0,0.0,0.0
4101,L4101_5727,40783.98,9.0,1422.0,0.0,0.0
4102,L4102_5728,57897.2,9.0,634.0,0.0,0.0
4102,L4102_5729,43562.69,9.0,62.0,0.0,0.0
4102,L4102_5730,61339.45,6.0,542.0,1.0,15.0
4103,L4103_5731,54317.28,12.0,410.0,1.0,1.0
4103,L4103_5732,39905.54,18.0,1462.0,0.0,0.0
4104,L4104_5733,57435.46,3.0,676.0,0.0,0.0
4104,L4104_5734,137009.9,,23.0,1.0,7.0
4106,L4106_5735,44836.13,,173.0,0.0,0.0
4107,L4107_5736,40805.23,18.0,341.0,1.0,3.0
4107,L4107_5737,64412.04,6.0,945.0,1.0,3.0
4107,L4107_5738,51815.66,6.0,1264.0,,0.0
4108,L4108_5739,29349.87,9.0,1423.0,0.0,0.0
4109,L4109_5740,98916.69,36.0,1449.0,0.0,0.0
4109,L4109_5741,51192.95,24.0,764.0,0.0,0.0
4110,L4110_5742,123939.3,18.0,1424.0,0.0,0.0
4110,L4110_5743,26674.32,,1280.0,0.0,0.0
4111,L4111_5744,42490.89,6.0,1278.0,0.0,0.0
4111,L4111_5745,136999.64,36.0,1571.0,1.0,30.0
4111,L4111_5746,93137.47,12.0,1483.0,0.0,0.0
4113,L4113_5747,61264.39,6.0,714.0,0.0,0.0
4113,L4113_5748,50469.3,36.0,315.0,0.0,0.0
4113,L4113_5749,83712.0,,1537.0,1.0,60.0
4115,L4115_5750,52556.9,36.0,1274.0,0.0,0.0
4115,L4115_5751,38323.33,12.0,1205.0,0.0,0.0
4116,L4116_5752,,3.0,654.0,0.0,
4116,L4116_5753,46231.62,3.0,650.0,0.0,0.0
4116,L4116_5754,64885.08,36.0,1041.0,1.0,7.0
4117,L4117_5755,40333.63,3.0,769.0,0.0,0.0
4117,L4117_5756,25276.97,12.0,346.0,0.0,0.0
4117,L4117_5757,35798.71,6.0,834.0,0.0,0.0
4117,L4117_5758,76759.67,18.0,806.0,1.0,7.0
4117,L4117_5759,89176.22,3.0,465.0,0.0,0.0
4117,L4117_5760,30159.53,18.0,749.0,0.0,0.0
4117,L4117_5761,11526.02,18.0,481.0,0.0,0.0
4117,L4117_5762,65887.99,6.0,1548.0,1.0,3.0
4118,L4118_5763,61759.14,36.0,167.0,0.0,0.0
4119,L4119_5764,76129.74,36.0,378.0,0.0,0.0
4119,L4119_5765,34919.86,9.0,1470.0,0.0,0.0
4120,L4120_5766,177436.3,24.0,1439.0,0.0,0.0
4121,L4121_5767,123853.11,6.0,826.0,1.0,1.0
4121,L4121_5768,61142.0,6.0,349.0,0.0,0.0
4122,L4122_5769,49885.17,24.0,1152.0,1.0,7.0
4122,L4122_5770,42135.76,12.0,491.0,0.0,0.0
4123,L4123_5771,51269.75,3.0,691.0,0.0,0.0
4123,L4123_5772,23109.89,36.0,692.0,0.0,0.0
4123,L4123_5773,112536.88,12.0,834.0,1.0,3.0
4123,L4123_5774,68591.57,12.0,316.0,0.0,0.0
4124,L4124_5775,37705.82,9.0,821.0,0.0,0.0
4124,L4124_5776,53839.01,6.0,1040.0,0.0,0.0
4124,L4124_5777,65879.65,3.0,699.0,,0.0
4126,L4126_5778,11604.46,6.0,651.0,0.0,0.0
4126,L4126_5779,78083.51,18.0,1141.0,0.0,0.0
4126,L4126_5780,54410.59,9.0,1404.0,0.0,0.0
4126,L4126_5781,97357.76,,1384.0,0.0,0.0
4126,L4126_5782,184018.49,18.0,858.0,0.0,0.0
4127,L4127_5783,69999.04,12.0,175.0,0.0,0.0
4127,L4127_5784,47693.38,6.0,966.0,1.0,7.0
4129,L4129_5785,64060.6,36.0,,0.0,0.0
4131,L4131_5786,20596.24,24.0,130.0,0.0,0.0
4132,L4132_5787,22664.98,6.0,575.0,0.0,0.0
4132,L4132_5788,119231.38,24.0,1026.0,0.0,0.0
4132,L4132_5789,22484.23,24.0,190.0,0.0,0.0
4132,L4132_5790,46592.08,12.0,437.0,0.0,0.0
4133,L4133_5791,26825.51,9.0,1484.0,0.0,0.0
4133,L4133_5792,34493.24,12.0,,0.0,0.0
4134,L4134_5793,90399.48,36.0,1142.0,0.0,0.0
4134,L4134_5794,51379.02,3.0,989.0,0.0,0.0
4135,L4135_5795,63595.99,9.0,810.0,0.0,0.0
4135,L4135_5796,35408.41,12.0,49.0,0.0,0.0
4136,L4136_5797,60367.06,6.0,1149.0,0.0,0.0
4136,L4136_5798,64032.77,18.0,835.0,1.0,1.0
4138,L4138_5799,103667.41,24.0,496.0,0.0,0.0
4138,L4138_5800,59590.71,9.0,1261.0,0.0,0.0
4138,L4138_5801,45350.57,36.0,327.0,0.0,
4139,L4139_5802,44027.22,24.0,526.0,0.0,0.0
4139,L4139_5803,41930.76,12.0,908.0,1.0,3.0
4140,L4140_5804,49315.94,12.0,699.0,0.0,0.0
4141,L4141_5805,35932.16,3.0,399.0,0.0,0.0
4142,L4142_5806,83049.83,12.0,1413.0,1.0,3.0
4142,L4142_5807,26892.67,12.0,406.0,0.0,0.0
4143,L4143_5808,23878.23,18.0,,0.0,0.0
4144,L4144_5809,,24.0,1525.0,0.0,0.0
4144,L4144_5810,76968.71,12.0,665.0,1.0,7.0
4146,L4146_5811,38586.83,,1309.0,1.0,60.0
4146,L4146_5812,,12.0,692.0,0.0,0.0
4147,L4147_5813,29816.37,,866.0,0.0,0.0
4147,L4147_5814,46830.23,9.0,32.0,0.0,0.0
4147,L4147_5815,21958.45,24.0,1540.0,0.0,0.0
4148,L4148_5816,66038.69,6.0,531.0,0.0,0.0
4148,L4148_5817,69567.44,18.0,711.0,0.0,0.0
4148,L4148_5818,70442.25,12.0,1534.0,1.0,15.0
4148,L4148_5819,27572.59,18.0,1358.0,0.0,0.0
4149,L4149_5820,,12.0,1427.0,0.0,0.0
4149,L4149_5821,39526.24,36.0,631.0,0.0,0.0
4149,L4149_5822,25495.51,6.0,201.0,0.0,0.0
4150,L4150_5823,44793.15,6.0,52.0,0.0,0.0
4151,L4151_5824,95469.32,9.0,835.0,0.0,0.0
4154,L4154_5825,28550.72,24.0,847.0,0.0,0.0
4154,L4154_5826,52431.29,9.0,697.0,0.0,0.0
4154,L4154_5827,78543.21,12.0,1588.0,0.0,0.0
4154,L4154_5828,23482.26,6.0,32.0,1.0,3.0
4155,L4155_5829,57107.94,12.0,1413.0,0.0,0.0
4156,L4156_5830,85810.73,12.0,1191.0,1.0,3.0
4158,L4158_5831,69630.99,18.0,1443.0,1.0,1.0
4159,L4159_5832,50574.4,36.0,158.0,0.0,0.0
4159,L4159_5833,120354.07,6.0,178.0,0.0,0.0
4160,L4160_5834,176658.26,36.0,720.0,1.0,7.0
4160,L4160_5835,31203.88,18.0,394.0,0.0,0.0
4160,L4160_5836,29556.73,24.0,1394.0,0.0,0.0
4161,L4161_5837,42446.09,18.0,1403.0,1.0,30.0
4161,L4161_5838,32188.48,,918.0,0.0,0.0
4163,L4163_5839,34110.57,36.0,1275.0,0.0,0.0
4163,L4163_5840,31347.52,12.0,907.0,0.0,0.0
4163,L4163_5841,82708.18,36.0,1090.0,0.0,0.0
4163,L4163_5842,102691.03,36.0,1309.0,1.0,3.0
4164,L4164_5843,64187.97,24.0,1214.0,0.0,0.0
4165,L4165_5844,42361.19,12.0,359.0,0.0,0.0
4165,L4165_5845,183424.9,6.0,130.0,0.0,0.0
4165,L4165_5846,19426.25,3.0,586.0,0.0,0.0
4166,L4166_5847,43946.94,36.0,1220.0,1.0,90.0
4167,L4167_5848,102968.32,24.0,743.0,0.0,0.0
4168,L4168_5849,27507.68,24.0,,0.0,0.0
4168,L4168_5850,123483.29,36.0,1411.0,0.0,0.0
4170,L4170_5851,30348.2,3.0,1209.0,1.0,7.0
4172,L4172_5852,202705.86,12.0,1141.0,,
4173,L4173_5853,,36.0,183.0,0.0,0.0
4175,L4175_5854,36394.33,9.0,649.0,1.0,30.0
4175,L4175_5855,66211.46,18.0,1278.0,0.0,0.0
4176,L4176_5856,57750.22,12.0,36.0,0.0,0.0
4176,L4176_5857,50405.25,9.0,139.0,1.0,1.0
4177,L4177_5858,62396.31,3.0,1008.0,0.0,0.0
4177,L4177_5859,117498.24,6.0,649.0,0.0,0.0
4177,L4177_5860,60225.17,24.0,317.0,1.0,15.0
4178,L4178_5861,70850.39,36.0,237.0,0.0,0.0
4179,L4179_5862,19879.67,36.0,440.0,1.0,3.0
4179,L4179_5863,28565.84,,937.0,0.0,0.0
4179,L4179_5864,26740.21,18.0,931.0,0.0,0.0
4179,L4179_5865,74582.23,9.0,227.0,0.0,0.0
4180,L4180_5866,54687.7,12.0,1174.0,0.0,0.0
4180,L4180_5867,43464.92,36.0,556.0,0.0,0.0
4182,L4182_5868,8692.1,12.0,1064.0,0.0,0.0
4182,L4182_5869,18761.53,6.0,65.0,0.0,0.0
4184,L4184_5870,42360.21,9.0,1533.0,0.0,0.0
4185,L4185_5871,23026.07,3.0,329.0,1.0,3.0
4185,L4185_5872,83799.22,3.0,928.0,0.0,0.0
4186,L4186_5873,35111.34,9.0,69.0,1.0,60.0
4186,L4186_5874,70868.72,3.0,550.0,0.0,0.0
4188,L4188_5875,,9.0,1382.0,0.0,0.0
4188,L4188_5876,53769.43,,1043.0,1.0,3.0
4188,L4188_5877,29579.37,12.0,1027.0,0.0,0.0
4188,L4188_5878,40696.02,36.0,182.0,1.0,30.0
4190,L4190_5879,38667.43,9.0,481.0,0.0,0.0
4191,L4191_5880,111189.2,6.0,882.0,0.0,0.0
4192,L4192_5881,36522.92,12.0,329.0,0.0,0.0
4192,L4192_5882,48706.9,3.0,812.0,0.0,0.0
4193,L4193_5883,73550.81,9.0,591.0,0.0,0.0
4194,L4194_5884,18537.54,3.0,1409.0,1.0,1.0
4194,L4194_5885,168826.45,24.0,1578.0,0.0,0.0
4194,L4194_5886,16499.2,12.0,1588.0,1.0,1.0
4195,L4195_5887,16236.48,36.0,130.0,0.0,0.0
4195,L4195_5888,34377.76,9.0,896.0,1.0,15.0
4196,L4196_5889,49594.15,24.0,119.0,0.0,0.0
4197,L4197_5890,41884.18,3.0,371.0,0.0,0.0
4198,L4198_5891,43427.72,3.0,1320.0,0.0,0.0
4198,L4198_5892,87726.5,3.0,1422.0,0.0,0.0
4200,L4200_5893,33962.86,9.0,1472.0,0.0,0.0
4200,L4200_5894,55749.34,12.0,762.0,0.0,0.0
4200,L4200_5895,84270.05,9.0,62.0,0.0,0.0
4201,L4201_5896,33960.42,,1104.0,0.0,0.0
4201,L4201_5897,42269.91,36.0,620.0,,0.0
4202,L4202_5898,60726.66,24.0,861.0,0.0,0.0
4202,L4202_5899,36294.59,12.0,1198.0,0.0,
4203,L4203_5900,60705.52,36.0,932.0,0.0,0.0
4204,L4204_5901,129897.02,12.0,203.0,0.0,0.0
4204,L4204_5902,23903.87,6.0,,0.0,0.0
4204,L4204_5903,28862.77,6.0,1140.0,0.0,0.0
4205,L4205_5904,22905.35,6.0,,0.0,0.0
4205,L4205_5905,19679.25,18.0,728.0,1.0,15.0
4206,L4206_5906,80837.39,6.0,1038.0,,0.0
4206,L4206_5907,20299.01,18.0,,1.0,7.0
4207,L4207_5908,60151.96,6.0,1147.0,0.0,0.0
4207,L4207_5909,53472.77,12.0,577.0,1.0,
4208,L4208_5910,34858.46,,1207.0,0.0,0.0
4210,L4210_5911,40565.78,9.0,530.0,0.0,0.0
4212,L4212_5912,35817.92,18.0,632.0,1.0,3.0
4212,L4212_5913,18139.08,12.0,1212.0,0.0,0.0
4213,L4213_5914,21863.81,36.0,960.0,1.0,7.0
4213,L4213_5915,48052.21,18.0,1175.0,0.0,0.0
4214,L4214_5916,197275.91,,897.0,0.0,0.0
4215,L4215_5917,92120.95,36.0,1092.0,1.0,1.0
4217,L4217_5918,84114.26,24.0,619.0,0.0,0.0
4217,L4217_5919,103168.76,3.0,1313.0,1.0,3.0
4218,L4218_5920,63766.9,6.0,1038.0,0.0,0.0
4218,L4218_5921,54809.51,24.0,602.0,1.0,7.0
4218,L4218_5922,37173.11,6.0,680.0,1.0,3.0
4219,L4219_5923,47849.06,6.0,294.0,0.0,0.0
4219,L4219_5924,56096.52,36.0,1242.0,1.0,1.0
4221,L4221_5925,39064.05,,1599.0,0.0,0.0
4221,L4221_5926,30920.33,24.0,1277.0,0.0,0.0
4222,L4222_5927,34013.42,18.0,613.0,0.0,
4222,L4222_5928,17381.27,36.0,1323.0,0.0,0.0
4223,L4223_5929,49287.1,36.0,,0.0,0.0
4224,L4224_5930,37243.97,6.0,105.0,0.0,0.0
4224,L4224_5931,35955.1,3.0,928.0,0.0,0.0
4225,L4225_5932,31640.39,24.0,258.0,0.0,0.0
4225,L4225_5933,59408.71,12.0,1175.0,1.0,60.0
4232,L4232_5934,34733.08,36.0,1124.0,0.0,0.0
4233,L4233_5935,82912.58,24.0,1089.0,0.0,0.0
4233,L4233_5936,52057.43,24.0,1031.0,0.0,0.0
4233,L4233_5937,67650.63,36.0,275.0,0.0,0.0
4234,L4234_5938,26525.09,6.0,1069.0,0.0,0.0
4234,L4234_5939,47720.55,18.0,500.0,0.0,0.0
4235,L4235_5940,57677.33,3.0,1358.0,0.0,0.0
4236,L4236_5941,22009.41,36.0,502.0,0.0,0.0
4238,L4238_5942,38424.13,12.0,777.0,0.0,0.0
4239,L4239_5943,59511.53,24.0,1526.0,0.0,0.0
4239,L4239_5944,31278.82,18.0,,0.0,0.0
4240,L4240_5945,52078.08,6.0,874.0,0.0,0.0
4241,L4241_5946,101848.12,36.0,1047.0,0.0,0.0
4242,L4242_5947,56176.84,3.0,,0.0,0.0
4242,L4242_5948,80704.05,18.0,808.0,0.0,
4243,L4243_5949,62881.7,18.0,453.0,0.0,0.0
4244,L4244_5950,22823.11,36.0,1231.0,0.0,0.0
4245,L4245_5951,36435.95,18.0,343.0,0.0,0.0
4245,L4245_5952,34025.39,9.0,1543.0,0.0,0.0
4245,L4245_5953,34948.14,36.0,1585.0,0.0,0.0
4246,L4246_5954,42361.33,18.0,903.0,0.0,0.0
4248,L4248_5955,33248.72,9.0,59.0,0.0,0.0
4249,L4249_5956,141996.47,6.0,887.0,0.0,0.0
4253,L4253_5957,29314.15,9.0,488.0,0.0,0.0
4253,L4253_5958,140131.6,12.0,1590.0,0.0,0.0
4253,L4253_5959,34570.48,24.0,147.0,0.0,0.0
4254,L4254_5960,67573.42,36.0,,0.0,0.0
4254,L4254_5961,41235.82,18.0,254.0,0.0,0.0
4254,L4254_5962,19973.31,9.0,1546.0,0.0,0.0
4255,L4255_5963,60185.53,36.0,1397.0,0.0,0.0
4255,L4255_5964,29018.53,36.0,277.0,0.0,0.0
4255,L4255_5965,25605.17,9.0,561.0,1.0,7.0
4257,L4257_5966,26749.58,6.0,1026.0,1.0,7.0
4258,L4258_5967,54564.68,18.0,285.0,1.0,
4259,L4259_5968,26352.83,3.0,827.0,1.0,30.0
4259,L4259_5969,27537.5,18.0,25.0,0.0,0.0
4263,L4263_5970,40947.73,9.0,,1.0,1.0
4265,L4265_5971,35985.29,12.0,622.0,0.0,0.0
4266,L4266_5972,31885.21,,275.0,0.0,0.0
4266,L4266_5973,36110.51,36.0,833.0,0.0,0.0
4268,L4268_5974,72162.95,24.0,1015.0,0.0,0.0
4268,L4268_5975,66435.69,36.0,1275.0,0.0,0.0
4269,L4269_5976,41109.42,6.0,407.0,0.0,0.0
4271,L4271_5977,54104.97,18.0,1174.0,1.0,7.0
4271,L4271_5978,101844.82,24.0,1157.0,0.0,0.0
4272,L4272_5979,40952.78,9.0,1315.0,0.0,0.0
4274,L4274_5980,33915.72,18.0,592.0,1.0,30.0
4275,L4275_5981,8435.94,6.0,786.0,0.0,0.0
4275,L4275_5982,89859.08,36.0,1554.0,0.0,0.0
4275,L4275_5983,33785.25,6.0,1063.0,0.0,0.0
4277,L4277_5984,35491.49,36.0,743.0,0.0,0.0
4278,L4278_5985,80651.88,18.0,1478.0,0.0,0.0
4279,L4279_5986,54940.15,24.0,946.0,0.0,0.0
4280,L4280_5987,125170.34,18.0,1334.0,1.0,15.0
4280,L4280_5988,169991.37,3.0,1295.0,0.0,0.0
4280,L4280_5989,50955.42,24.0,553.0,0.0,0.0
4281,L4281_5990,51977.98,12.0,1548.0,0.0,0.0
4282,L4282_5991,13520.42,12.0,1507.0,0.0,0.0
4283,L4283_5992,23298.21,6.0,1215.0,1.0,
4283,L4283_5993,128125.84,18.0,761.0,0.0,0.0
4284,L4284_5994,104678.22,18.0,1501.0,0.0,0.0
4285,L4285_5995,48011.28,24.0,284.0,0.0,0.0
4286,L4286_5996,69080.57,24.0,561.0,0.0,0.0
4288,L4288_5997,40222.25,6.0,671.0,0.0,
4289,L4289_5998,37175.51,3.0,1364.0,0.0,0.0
4289,L4289_5999,41260.65,24.0,1321.0,1.0,15.0
4289,L4289_6000,38314.79,18.0,1484.0,1.0,30.0
4290,L4290_6001,26851.23,9.0,137.0,0.0,0.0
4291,L4291_6002,60675.83,36.0,543.0,0.0,0.0
4292,L4292_6003,33178.0,9.0,1201.0,0.0,0.0
4293,L4293_6004,50917.4,24.0,941.0,0.0,0.0
4294,L4294_6005,,24.0,1573.0,1.0,3.0
4296,L4296_6006,44390.44,9.0,1131.0,0.0,0.0
4299,L4299_6007,37457.12,24.0,427.0,1.0,7.0
4300,L4300_6008,,18.0,461.0,0.0,0.0
4300,L4300_6009,68118.82,6.0,1108.0,1.0,3.0
4301,L4301_6010,106994.17,36.0,1179.0,0.0,
4302,L4302_6011,59303.07,24.0,1078.0,1.0,
4303,L4303_6012,47872.19,3.0,1342.0,0.0,0.0
4303,L4303_6013,27490.96,9.0,815.0,0.0,0.0
4305,L4305_6014,32353.47,36.0,1481.0,1.0,3.0
4305,L4305_6015,54116.97,12.0,885.0,0.0,0.0
4305,L4305_6016,,36.0,1597.0,0.0,0.0
4305,L4305_6017,135831.81,6.0,881.0,0.0,0.0
4307,L4307_6018,37502.13,,252.0,0.0,0.0
4307,L4307_6019,42146.08,18.0,1492.0,0.0,0.0
4308,L4308_6020,38199.55,9.0,767.0,0.0,0.0
4308,L4308_6021,40224.36,36.0,1417.0,0.0,0.0
4308,L4308_6022,128998.62,9.0,188.0,1.0,7.0
4309,L4309_6023,23337.71,6.0,98.0,0.0,0.0
4309,L4309_6024,21295.92,3.0,276.0,1.0,15.0
4310,L4310_6025,25727.45,12.0,366.0,,0.0
4311,L4311_6026,129489.65,9.0,1163.0,,0.0
4312,L4312_6027,91882.68,6.0,1406.0,0.0,0.0
4312,L4312_6028,94913.4,6.0,87.0,0.0,0.0
4313,L4313_6029,87548.55,6.0,43.0,1.0,15.0
4314,L4314_6030,233803.19,36.0,1271.0,0.0,0.0
4314,L4314_6031,35756.0,18.0,955.0,1.0,7.0
4315,L4315_6032,64019.06,24.0,927.0,1.0,30.0
4315,L4315_6033,31140.69,,215.0,0.0,0.0
4316,L4316_6034,75308.73,18.0,961.0,0.0,0.0
4317,L4317_6035,119867.28,6.0,868.0,0.0,0.0
4317,L4317_6036,56197.47,36.0,840.0,0.0,0.0
4317,L4317_6037,36723.35,12.0,1329.0,,0.0
4317,L4317_6038,95833.84,3.0,1547.0,1.0,15.0
4318,L4318_6039,37723.0,12.0,164.0,1.0,7.0
4318,L4318_6040,84321.22,36.0,23.0,0.0,0.0
4319,L4319_6041,52925.13,9.0,1283.0,1.0,15.0
4320,L4320_6042,68133.93,36.0,1035.0,1.0,15.0
4323,L4323_6043,43355.27,24.0,711.0,1.0,7.0
4323,L4323_6044,55176.6,6.0,,0.0,0.0
4325,L4325_6045,81063.48,,297.0,0.0,0.0
4325,L4325_6046,42684.53,,737.0,0.0,0.0
4325,L4325_6047,133958.51,18.0,1129.0,0.0,
4328,L4328_6048,43861.44,6.0,671.0,1.0,3.0
4329,L4329_6049,31651.89,,236.0,0.0,0.0
4329,L4329_6050,25820.11,9.0,,0.0,0.0
4329,L4329_6051,31655.95,,1007.0,0.0,0.0
4330,L4330_6052,17842.89,12.0,84.0,0.0,0.0
4331,L4331_6053,49656.91,24.0,743.0,0.0,0.0
4332,L4332_6054,28298.6,3.0,295.0,0.0,0.0
4334,L4334_6055,29222.51,36.0,848.0,0.0,
4334,L4334_6056,133294.23,3.0,300.0,0.0,0.0
4334,L4334_6057,68215.12,36.0,447.0,0.0,0.0
4335,L4335_6058,13496.9,9.0,405.0,0.0,0.0
4337,L4337_6059,114642.31,18.0,1368.0,0.0,0.0
4337,L4337_6060,59459.59,3.0,639.0,0.0,0.0
4339,L4339_6061,28470.52,6.0,690.0,0.0,0.0
4339,L4339_6062,37265.96,9.0,653.0,0.0,0.0
4340,L4340_6063,62146.11,18.0,663.0,1.0,60.0
4341,L4341_6064,85647.49,6.0,627.0,0.0,0.0
4341,L4341_6065,16790.91,24.0,387.0,1.0,1.0
4341,L4341_6066,105698.07,,967.0,0.0,0.0
4342,L4342_6067,44140.66,6.0,140.0,1.0,15.0
4344,L4344_6068,52692.16,,1108.0,0.0,0.0
4345,L4345_6069,25551.51,6.0,1495.0,0.0,0.0
4345,L4345_6070,44049.76,36.0,,1.0,
4345,L4345_6071,63152.85,9.0,69.0,0.0,0.0
4346,L4346_6072,74157.15,24.0,1289.0,0.0,0.0
4346,L4346_6073,31104.26,9.0,38.0,0.0,0.0
4346,L4346_6074,,3.0,453.0,0.0,0.0
4346,L4346_6075,26655.98,36.0,1525.0,1.0,30.0
4347,L4347_6076,63076.92,36.0,,0.0,0.0
4347,L4347_6077,56847.44,18.0,271.0,0.0,0.0
4347,L4347_6078,50023.54,9.0,775.0,0.0,0.0
4348,L4348_6079,45919.69,24.0,399.0,0.0,0.0
4348,L4348_6080,34870.98,3.0,987.0,0.0,0.0
4349,L4349_6081,35161.21,12.0,1111.0,0.0,0.0
4350,L4350_6082,45710.85,3.0,1433.0,,0.0
4351,L4351_6083,93672.69,6.0,606.0,0.0,0.0
4351,L4351_6084,44231.14,24.0,747.0,1.0,1.0
4352,L4352_6085,74049.19,3.0,99.0,0.0,0.0
4352,L4352_6086,25318.85,12.0,541.0,0.0,0.0
4353,L4353_6087,38028.11,18.0,898.0,0.0,0.0
4355,L4355_6088,74579.7,24.0,491.0,0.0,0.0
4357,L4357_6089,71785.1,3.0,549.0,0.0,0.0
4357,L4357_6090,119489.94,24.0,1123.0,1.0,1.0
4359,L4359_6091,36657.3,,809.0,0.0,0.0
4360,L4360_6092,56200.98,36.0,380.0,0.0,0.0
4360,L4360_6093,32953.92,18.0,128.0,0.0,0.0
4361,L4361_6094,26286.98,9.0,664.0,1.0,
4361,L4361_6095,56344.58,36.0,575.0,0.0,0.0
4361,L4361_6096,32184.89,24.0,560.0,1.0,1.0
4362,L4362_6097,30810.41,6.0,1092.0,1.0,3.0
4362,L4362_6098,67954.28,12.0,481.0,0.0,0.0
4365,L4365_6099,21519.37,12.0,557.0,1.0,90.0
4366,L4366_6100,30422.74,24.0,653.0,1.0,90.0
4367,L4367_6101,72099.71,12.0,1295.0,0.0,0.0
4370,L4370_6102,66729.25,36.0,1179.0,,0.0
4371,L4371_6103,74352.23,6.0,737.0,0.0,0.0
4371,L4371_6104,19240.7,6.0,583.0,0.0,0.0
4371,L4371_6105,32779.65,36.0,910.0,0.0,0.0
4371,L4371_6106,26069.93,3.0,1089.0,0.0,0.0
4371,L4371_6107,56016.13,12.0,1392.0,1.0,15.0
4373,L4373_6108,30233.1,18.0,1229.0,0.0,0.0
4374,L4374_6109,29812.57,36.0,1280.0,0.0,0.0
4374,L4374_6110,86946.55,18.0,210.0,0.0,0.0
4375,L4375_6111,82514.64,3.0,652.0,0.0,0.0
4375,L4375_6112,70639.64,3.0,1227.0,0.0,0.0
4375,L4375_6113,86751.45,12.0,32.0,0.0,0.0
4375,L4375_6114,57443.21,9.0,802.0,0.0,0.0
4378,L4378_6115,,18.0,311.0,0.0,0.0
4379,L4379_6116,46540.78,6.0,1316.0,0.0,0.0
4380,L4380_6117,24104.32,36.0,1402.0,0.0,0.0
4382,L4382_6118,185422.6,9.0,1254.0,0.0,0.0
4382,L4382_6119,124626.1,,1391.0,0.0,0.0
4384,L4384_6120,97053.37,18.0,1462.0,0.0,0.0
4385,L4385_6121,64797.79,9.0,784.0,0.0,0.0
4386,L4386_6122,29766.45,18.0,908.0,0.0,0.0
4387,L4387_6123,85908.65,9.0,1081.0,0.0,0.0
4387,L4387_6124,66827.83,6.0,1342.0,1.0,60.0
4388,L4388_6125,53109.17,36.0,109.0,0.0,0.0
4388,L4388_6126,43211.1,6.0,1180.0,0.0,0.0
4389,L4389_6127,90606.05,24.0,1006.0,0.0,0.0
4390,L4390_6128,68216.57,6.0,420.0,0.0,0.0
4390,L4390_6129,20587.42,12.0,555.0,0.0,0.0
4390,L4390_6130,,9.0,935.0,0.0,0.0
4390,L4390_6131,45861.57,36.0,1525.0,,0.0
4391,L4391_6132,38215.85,3.0,683.0,,15.0
4391,L4391_6133,48526.67,36.0,89.0,0.0,0.0
4391,L4391_6134,63146.64,24.0,397.0,0.0,0.0
4392,L4392_6135,73834.99,6.0,151.0,1.0,90.0
4392,L4392_6136,66564.77,,1452.0,0.0,0.0
4392,L4392_6137,23951.96,9.0,1085.0,0.0,0.0
4394,L4394_6138,16925.87,18.0,1322.0,0.0,0.0
4394,L4394_6139,95128.25,36.0,883.0,0.0,0.0
4395,L4395_6140,51850.59,24.0,993.0,0.0,0.0
4396,L4396_6141,41035.36,12.0,1274.0,0.0,0.0
4397,L4397_6142,58020.91,6.0,1343.0,0.0,0.0
4397,L4397_6143,24879.08,9.0,29.0,0.0,0.0
4399,L4399_6144,46625.02,6.0,113.0,,0.0
4399,L4399_6145,30298.83,24.0,729.0,0.0,0.0
4400,L4400_6146,107747.59,6.0,1026.0,,30.0
4400,L4400_6147,23520.97,24.0,76.0,0.0,0.0
4400,L4400_6148,52020.08,12.0,1342.0,0.0,0.0
4402,L4402_6149,233200.82,6.0,579.0,0.0,0.0
4402,L4402_6150,26404.09,18.0,1283.0,0.0,0.0
4403,L4403_6151,68738.99,36.0,922.0,0.0,0.0
4403,L4403_6152,58244.29,36.0,927.0,0.0,0.0
4403,L4403_6153,48360.19,12.0,,1.0,15.0
4404,L4404_6154,17127.43,36.0,156.0,,0.0
4404,L4404_6155,90802.0,3.0,1525.0,0.0,0.0
4404,L4404_6156,,6.0,1462.0,0.0,0.0
4405,L4405_6157,20873.3,12.0,1004.0,1.0,3.0
4405,L4405_6158,57564.27,12.0,1076.0,1.0,15.0
4406,L4406_6159,74234.22,18.0,,1.0,60.0
4406,L4406_6160,162684.06,6.0,284.0,0.0,0.0
4407,L4407_6161,35590.82,,196.0,1.0,15.0
4409,L4409_6162,114365.95,18.0,742.0,0.0,0.0
4409,L4409_6163,115898.16,6.0,117.0,0.0,0.0
4409,L4409_6164,41816.94,12.0,395.0,1.0,
4409,L4409_6165,17797.76,9.0,109.0,0.0,0.0
4412,L4412_6166,43446.51,36.0,702.0,1.0,3.0
4412,L4412_6167,25152.34,18.0,214.0,0.0,0.0
4413,L4413_6168,46669.39,9.0,1421.0,0.0,0.0
4414,L4414_6169,27284.23,18.0,491.0,0.0,0.0
4414,L4414_6170,154511.58,3.0,1215.0,1.0,15.0
4415,L4415_6171,116867.49,18.0,948.0,0.0,0.0
4415,L4415_6172,83365.26,6.0,1482.0,1.0,60.0
4418,L4418_6173,23952.75,18.0,1435.0,0.0,0.0
4418,L4418_6174,70435.02,,276.0,1.0,30.0
4419,L4419_6175,36226.2,36.0,1433.0,,0.0
4419,L4419_6176,21441.53,9.0,250.0,0.0,0.0
4419,L4419_6177,13971.6,9.0,559.0,0.0,0.0
4422,L4422_6178,,36.0,281.0,0.0,0.0
4422,L4422_6179,29984.09,18.0,1183.0,0.0,0.0
4422,L4422_6180,53594.66,12.0,820.0,0.0,0.0
4423,L4423_6181,50342.63,18.0,125.0,0.0,0.0
4424,L4424_6182,111847.12,24.0,178.0,0.0,0.0
4424,L4424_6183,27570.98,36.0,,0.0,0.0
4425,L4425_6184,17336.2,36.0,,0.0,0.0
4426,L4426_6185,90213.73,18.0,318.0,1.0,30.0
4426,L4426_6186,64467.64,18.0,1098.0,0.0,0.0
4427,L4427_6187,165380.78,3.0,1256.0,1.0,7.0
4427,L4427_6188,37755.25,24.0,962.0,0.0,0.0
4428,L4428_6189,33003.73,6.0,450.0,1.0,30.0
4428,L4428_6190,79604.59,6.0,1496.0,1.0,3.0
4428,L4428_6191,65808.85,,1528.0,0.0,0.0
4429,L4429_6192,62107.7,,173.0,0.0,0.0
4429,L4429_6193,68998.22,18.0,389.0,0.0,0.0
4430,L4430_6194,65033.68,24.0,290.0,1.0,7.0
4430,L4430_6195,64685.68,9.0,1173.0,0.0,0.0
4431,L4431_6196,121717.88,12.0,130.0,0.0,0.0
4432,L4432_6197,37627.61,3.0,580.0,0.0,0.0
4433,L4433_6198,189677.86,3.0,592.0,0.0,0.0
4433,L4433_6199,104897.27,,544.0,0.0,0.0
4435,L4435_6200,49988.24,9.0,136.0,0.0,0.0
4436,L4436_6201,59398.0,36.0,1566.0,1.0,90.0
4436,L4436_6202,24526.23,12.0,1534.0,0.0,0.0
4437,L4437_6203,88228.04,6.0,802.0,0.0,0.0
4438,L4438_6204,17505.43,9.0,993.0,0.0,0.0
4438,L4438_6205,56408.8,9.0,1140.0,0.0,0.0
4439,L4439_6206,52254.63,6.0,1425.0,0.0,0.0
4439,L4439_6207,18886.9,6.0,1004.0,0.0,0.0
4441,L4441_6208,28137.29,18.0,735.0,0.0,0.0
4442,L4442_6209,18474.81,12.0,717.0,0.0,0.0
4442,L4442_6210,28072.71,6.0,1319.0,0.0,0.0
4443,L4443_6211,48437.93,12.0,838.0,0.0,0.0
4445,L4445_6212,135353.12,24.0,510.0,1.0,15.0
4447,L4447_6213,19276.15,12.0,712.0,1.0,60.0
4447,L4447_6214,36790.64,24.0,930.0,0.0,0.0
4447,L4447_6215,31008.96,9.0,690.0,0.0,0.0
4448,L4448_6216,44007.62,9.0,762.0,0.0,0.0
4449,L4449_6217,27955.77,24.0,1442.0,0.0,0.0
4450,L4450_6218,140311.84,36.0,444.0,0.0,0.0
4450,L4450_6219,29395.54,36.0,833.0,0.0,0.0
4451,L4451_6220,61615.24,12.0,602.0,1.0,30.0
4453,L4453_6221,44363.3,9.0,210.0,0.0,0.0
4454,L4454_6222,34086.6,36.0,87.0,0.0,0.0
4454,L4454_6223,46841.07,18.0,527.0,0.0,0.0
4454,L4454_6224,40465.67,18.0,1214.0,0.0,0.0
4454,L4454_6225,92831.44,3.0,43.0,0.0,0.0
4454,L4454_6226,31417.75,18.0,28.0,0.0,0.0
4454,L4454_6227,127421.69,24.0,1104.0,0.0,0.0
4455,L4455_6228,52812.56,18.0,1134.0,0.0,0.0
4455,L4455_6229,83278.09,6.0,1563.0,0.0,0.0
4456,L4456_6230,49861.94,3.0,1032.0,1.0,15.0
4457,L4457_6231,45733.83,,667.0,0.0,0.0
4458,L4458_6232,97343.29,18.0,546.0,0.0,0.0
4458,L4458_6233,32926.01,18.0,633.0,0.0,0.0
4460,L4460_6234,35722.89,24.0,808.0,0.0,0.0
4460,L4460_6235,130079.16,12.0,1129.0,1.0,7.0
4461,L4461_6236,36060.62,24.0,741.0,0.0,0.0
4462,L4462_6237,31762.15,3.0,,0.0,0.0
4462,L4462_6238,38961.05,6.0,952.0,1.0,1.0
4463,L4463_6239,32634.9,3.0,565.0,1.0,1.0
4463,L4463_6240,58847.72,24.0,156.0,0.0,0.0
4463,L4463_6241,63705.2,12.0,1142.0,0.0,0.0
4463,L4463_6242,177266.01,6.0,1340.0,0.0,0.0
4464,L4464_6243,26791.9,18.0,206.0,0.0,
4464,L4464_6244,15556.09,36.0,935.0,1.0,15.0
4464,L4464_6245,48301.46,3.0,340.0,0.0,0.0
4466,L4466_6246,36304.32,6.0,270.0,0.0,0.0
4467,L4467_6247,26086.75,18.0,434.0,0.0,0.0
4468,L4468_6248,52216.4,18.0,1387.0,0.0,0.0
4468,L4468_6249,55680.54,12.0,523.0,0.0,0.0
4468,L4468_6250,37797.48,18.0,390.0,0.0,0.0
4469,L4469_6251,16608.54,9.0,1407.0,0.0,0.0
4469,L4469_6252,142686.34,18.0,1119.0,0.0,0.0
4470,L4470_6253,,,1503.0,0.0,0.0
4470,L4470_6254,38439.03,,1086.0,1.0,30.0
4470,L4470_6255,,36.0,1244.0,0.0,0.0
4471,L4471_6256,38934.66,9.0,389.0,0.0,0.0
4471,L4471_6257,92575.19,12.0,1582.0,0.0,0.0
4471,L4471_6258,26472.28,24.0,1061.0,1.0,30.0
4471,L4471_6259,48357.97,24.0,,0.0,0.0
4472,L4472_6260,61245.39,12.0,741.0,0.0,0.0
4473,L4473_6261,82712.73,18.0,342.0,0.0,0.0
4474,L4474_6262,125209.4,24.0,730.0,0.0,0.0
4474,L4474_6263,59986.13,,885.0,0.0,0.0
4474,L4474_6264,37950.99,18.0,1215.0,0.0,0.0
4476,L4476_6265,61148.63,9.0,867.0,1.0,15.0
4476,L4476_6266,158312.38,18.0,1182.0,0.0,0.0
4477,L4477_6267,129072.46,36.0,267.0,0.0,0.0
4477,L4477_6268,79266.28,36.0,1068.0,0.0,0.0
4477,L4477_6269,99154.51,18.0,21.0,0.0,0.0
4479,L4479_6270,49445.88,12.0,676.0,1.0,7.0
4479,L4479_6271,40159.95,6.0,119.0,0.0,0.0
4479,L4479_6272,,,1521.0,1.0,15.0
4479,L4479_6273,34056.75,36.0,312.0,0.0,0.0
4480,L4480_6274,131406.85,24.0,1372.0,0.0,0.0
4480,L4480_6275,37395.75,36.0,890.0,0.0,0.0
4480,L4480_6276,79996.88,3.0,1405.0,0.0,0.0
4480,L4480_6277,102323.71,,419.0,1.0,60.0
4481,L4481_6278,53805.52,12.0,393.0,0.0,0.0
4482,L4482_6279,33010.49,3.0,819.0,1.0,15.0
4482,L4482_6280,56639.08,6.0,1024.0,1.0,15.0
4483,L4483_6281,34642.63,,1381.0,0.0,0.0
4483,L4483_6282,89063.0,3.0,688.0,0.0,0.0
4486,L4486_6283,17106.56,36.0,1064.0,1.0,1.0
4487,L4487_6284,73680.41,12.0,913.0,0.0,0.0
4488,L4488_6285,62298.45,12.0,1325.0,0.0,0.0
4491,L4491_6286,29531.12,6.0,340.0,,0.0
4491,L4491_6287,49438.33,18.0,1592.0,0.0,0.0
4493,L4493_6288,29308.83,24.0,1443.0,0.0,0.0
4494,L4494_6289,40762.29,18.0,192.0,0.0,0.0
4494,L4494_6290,51358.24,12.0,1532.0,0.0,0.0
4495,L4495_6291,37075.57,18.0,483.0,0.0,0.0
4495,L4495_6292,114538.29,9.0,1516.0,0.0,0.0
4495,L4495_6293,62416.11,36.0,1542.0,0.0,0.0
4496,L4496_6294,46722.66,24.0,449.0,1.0,7.0
4496,L4496_6295,74371.45,6.0,1576.0,1.0,15.0
4499,L4499_6296,139589.27,24.0,86.0,0.0,0.0
4499,L4499_6297,81055.76,3.0,836.0,0.0,0.0
4500,L4500_6298,44376.52,24.0,656.0,0.0,0.0
4500,L4500_6299,38555.71,6.0,595.0,,30.0
4501,L4501_6300,,12.0,1184.0,0.0,0.0
4502,L4502_6301,60495.36,3.0,499.0,0.0,0.0
4502,L4502_6302,37737.36,6.0,357.0,0.0,0.0
4502,L4502_6303,30215.97,24.0,450.0,0.0,0.0
4504,L4504_6304,125685.53,3.0,1479.0,1.0,1.0
4504,L4504_6305,69896.21,18.0,547.0,0.0,0.0
4507,L4507_6306,31422.01,9.0,1239.0,0.0,0.0
4507,L4507_6307,34591.44,18.0,,0.0,0.0
4508,L4508_6308,125017.16,3.0,683.0,0.0,0.0
4508,L4508_6309,123082.0,36.0,1036.0,1.0,7.0
4508,L4508_6310,38597.6,12.0,1039.0,0.0,0.0
4509,L4509_6311,66632.37,6.0,59.0,0.0,0.0
4509,L4509_6312,,,541.0,0.0,0.0
4510,L4510_6313,34297.02,24.0,37.0,0.0,0.0
4510,L4510_6314,45734.55,9.0,737.0,0.0,
4511,L4511_6315,40078.57,9.0,710.0,0.0,0.0
4511,L4511_6316,35066.03,3.0,964.0,0.0,0.0
4511,L4511_6317,,3.0,1268.0,1.0,3.0
4511,L4511_6318,57890.92,12.0,1503.0,0.0,0.0
4511,L4511_6319,71624.96,12.0,1477.0,0.0,0.0
4512,L4512_6320,25258.87,3.0,637.0,0.0,0.0
4513,L4513_6321,70933.98,,1468.0,0.0,0.0
4514,L4514_6322,83970.0,12.0,277.0,0.0,0.0
4514,L4514_6323,59573.65,,,1.0,30.0
4515,L4515_6324,68376.02,,44.0,,0.0
4515,L4515_6325,32409.78,36.0,425.0,0.0,0.0
4516,L4516_6326,44287.65,18.0,1342.0,0.0,0.0
4517,L4517_6327,65451.09,18.0,,0.0,0.0
4517,L4517_6328,24056.11,12.0,1557.0,0.0,0.0
4522,L4522_6329,,36.0,1286.0,0.0,0.0
4523,L4523_6330,36077.3,36.0,1208.0,0.0,0.0
4523,L4523_6331,,12.0,1090.0,0.0,0.0
4523,L4523_6332,59857.59,18.0,1310.0,0.0,0.0
4524,L4524_6333,53154.22,12.0,621.0,0.0,0.0
4524,L4524_6334,47558.08,9.0,1141.0,0.0,0.0
4524,L4524_6335,15406.63,3.0,675.0,0.0,0.0
4525,L4525_6336,67084.53,,48.0,1.0,30.0
4525,L4525_6337,80898.81,24.0,473.0,1.0,30.0
4525,L4525_6338,41185.3,36.0,375.0,0.0,0.0
4525,L4525_6339,10556.54,36.0,173.0,0.0,0.0
4526,L4526_6340,127104.93,6.0,1576.0,0.0,0.0
4527,L4527_6341,91826.59,9.0,698.0,0.0,0.0
4528,L4528_6342,24771.15,18.0,,0.0,0.0
4528,L4528_6343,52049.85,18.0,869.0,0.0,
4528,L4528_6344,38234.66,36.0,189.0,1.0,1.0
4530,L4530_6345,16039.51,12.0,1359.0,0.0,0.0
4530,L4530_6346,43265.09,12.0,1566.0,0.0,0.0
4531,L4531_6347,91619.36,,1091.0,1.0,30.0
4531,L4531_6348,107643.25,3.0,24.0,0.0,0.0
4531,L4531_6349,91924.69,,1266.0,0.0,0.0
4532,L4532_6350,64308.65,18.0,,0.0,0.0
4532,L4532_6351,78232.43,3.0,178.0,0.0,0.0
4533,L4533_6352,80510.61,12.0,706.0,0.0,0.0
4533,L4533_6353,35107.24,3.0,905.0,1.0,60.0
4533,L4533_6354,59651.34,12.0,526.0,0.0,0.0
4534,L4534_6355,57151.95,3.0,,0.0,0.0
4534,L4534_6356,47257.98,12.0,1201.0,0.0,0.0
4534,L4534_6357,53206.59,18.0,576.0,0.0,0.0
4534,L4534_6358,42904.67,6.0,998.0,0.0,0.0
4535,L4535_6359,118980.71,9.0,1226.0,0.0,0.0
4535,L4535_6360,42897.55,3.0,1188.0,0.0,0.0
4536,L4536_6361,73976.95,18.0,999.0,1.0,7.0
4537,L4537_6362,74830.9,6.0,1593.0,0.0,0.0
4537,L4537_6363,24548.85,24.0,457.0,0.0,0.0
4538,L4538_6364,49752.1,3.0,,1.0,
4539,L4539_6365,53085.15,18.0,385.0,0.0,0.0
4540,L4540_6366,72325.85,36.0,252.0,0.0,0.0
4540,L4540_6367,71193.07,36.0,972.0,0.0,0.0
4541,L4541_6368,53947.31,3.0,1208.0,0.0,0.0
4541,L4541_6369,32216.9,12.0,449.0,1.0,7.0
4541,L4541_6370,93428.85,9.0,554.0,0.0,0.0
4541,L4541_6371,69497.89,18.0,344.0,0.0,0.0
4542,L4542_6372,68438.78,9.0,368.0,0.0,0.0
4542,L4542_6373,91964.95,9.0,214.0,0.0,0.0
4544,L4544_6374,40215.45,36.0,1491.0,0.0,0.0
4545,L4545_6375,38939.35,18.0,1179.0,0.0,0.0
4545,L4545_6376,94758.56,12.0,171.0,1.0,3.0
4546,L4546_6377,60186.94,12.0,1229.0,0.0,0.0
4548,L4548_6378,17386.33,36.0,1386.0,0.0,0.0
4548,L4548_6379,56170.71,3.0,1502.0,0.0,0.0
4550,L4550_6380,9056.01,24.0,712.0,0.0,0.0
4551,L4551_6381,37596.47,3.0,209.0,1.0,15.0
4552,L4552_6382,34982.41,,373.0,0.0,0.0
4552,L4552_6383,104215.82,6.0,199.0,0.0,0.0
4552,L4552_6384,29021.3,18.0,968.0,0.0,0.0
4552,L4552_6385,86273.86,36.0,759.0,0.0,0.0
4553,L4553_6386,50849.16,12.0,624.0,1.0,15.0
4554,L4554_6387,39001.92,36.0,736.0,0.0,0.0
4555,L4555_6388,15380.46,6.0,299.0,0.0,0.0
4555,L4555_6389,37992.72,18.0,1493.0,0.0,0.0
4558,L4558_6390,23493.51,24.0,169.0,0.0,0.0
4558,L4558_6391,62699.11,6.0,602.0,0.0,0.0
4561,L4561_6392,34096.49,6.0,1234.0,0.0,0.0
4561,L4561_6393,24646.6,12.0,1165.0,0.0,0.0
4562,L4562_6394,65076.38,3.0,941.0,0.0,0.0
4562,L4562_6395,57188.85,9.0,603.0,0.0,0.0
4563,L4563_6396,18406.68,9.0,728.0,1.0,7.0
4563,L4563_6397,67861.23,,324.0,0.0,0.0
4563,L4563_6398,48588.97,18.0,1512.0,0.0,0.0
4564,L4564_6399,62857.68,24.0,1293.0,0.0,
4565,L4565_6400,49400.45,18.0,23.0,0.0,0.0
4566,L4566_6401,40216.14,6.0,178.0,0.0,0.0
4566,L4566_6402,32543.09,3.0,725.0,1.0,3.0
4566,L4566_6403,20460.3,12.0,1195.0,0.0,0.0
4566,L4566_6404,23662.1,,21.0,0.0,0.0
4566,L4566_6405,80811.14,3.0,1014.0,0.0,
4567,L4567_6406,25763.08,24.0,1583.0,0.0,
4568,L4568_6407,53141.07,36.0,1051.0,0.0,0.0
4568,L4568_6408,122753.33,12.0,97.0,0.0,0.0
4569,L4569_6409,33562.88,9.0,836.0,1.0,7.0
4569,L4569_6410,62262.46,12.0,392.0,0.0,0.0
4570,L4570_6411,38234.33,18.0,432.0,0.0,0.0
4570,L4570_6412,105933.09,36.0,878.0,0.0,0.0
4571,L4571_6413,99128.26,18.0,73.0,0.0,0.0
4572,L4572_6414,28842.0,6.0,667.0,0.0,0.0
4572,L4572_6415,79685.65,12.0,57.0,0.0,0.0
4574,L4574_6416,46910.4,18.0,317.0,1.0,3.0
4576,L4576_6417,46836.78,6.0,247.0,0.0,0.0
4577,L4577_6418,57389.99,18.0,682.0,0.0,0.0
4579,L4579_6419,85558.76,36.0,717.0,0.0,0.0
4579,L4579_6420,65146.93,9.0,692.0,0.0,0.0
4580,L4580_6421,45362.53,3.0,54.0,0.0,0.0
4581,L4581_6422,33006.79,,1221.0,0.0,0.0
4581,L4581_6423,43981.79,12.0,1305.0,1.0,60.0
4582,L4582_6424,70413.79,9.0,414.0,1.0,3.0
4582,L4582_6425,38645.61,9.0,1593.0,1.0,7.0
4582,L4582_6426,112753.35,3.0,58.0,0.0,0.0
4582,L4582_6427,34493.12,12.0,1076.0,1.0,15.0
4583,L4583_6428,61220.03,6.0,1180.0,0.0,0.0
4583,L4583_6429,27459.71,9.0,,0.0,0.0
4583,L4583_6430,21939.3,3.0,201.0,0.0,0.0
4584,L4584_6431,78460.43,18.0,795.0,0.0,0.0
4584,L4584_6432,173523.66,6.0,528.0,0.0,0.0
4585,L4585_6433,38667.69,12.0,771.0,0.0,0.0
4585,L4585_6434,26065.56,24.0,301.0,0.0,0.0
4585,L4585_6435,,24.0,828.0,0.0,0.0
4586,L4586_6436,67734.73,9.0,784.0,1.0,7.0
4587,L4587_6437,27074.87,6.0,321.0,0.0,0.0
4587,L4587_6438,55576.67,9.0,1571.0,,0.0
4590,L4590_6439,45038.71,12.0,1547.0,0.0,0.0
4591,L4591_6440,79948.35,36.0,1142.0,0.0,0.0
4591,L4591_6441,41104.71,12.0,135.0,1.0,15.0
4592,L4592_6442,128859.82,24.0,1397.0,0.0,0.0
4592,L4592_6443,17677.47,6.0,112.0,1.0,30.0
4593,L4593_6444,33817.17,36.0,1536.0,0.0,0.0
4593,L4593_6445,58521.08,3.0,935.0,0.0,0.0
4594,L4594_6446,28886.87,9.0,548.0,1.0,3.0
4595,L4595_6447,80607.75,18.0,83.0,0.0,
4596,L4596_6448,52618.72,24.0,1581.0,0.0,0.0
4598,L4598_6449,51910.01,3.0,560.0,1.0,15.0
4599,L4599_6450,32287.95,36.0,1161.0,0.0,0.0
4599,L4599_6451,47491.98,9.0,425.0,1.0,7.0
4599,L4599_6452,32267.28,36.0,1460.0,0.0,0.0
4600,L4600_6453,86749.1,36.0,571.0,1.0,3.0
4600,L4600_6454,34809.87,6.0,1152.0,1.0,1.0
4600,L4600_6455,44747.63,,1048.0,0.0,0.0
4601,L4601_6456,23618.69,9.0,571.0,0.0,0.0
4602,L4602_6457,16305.33,9.0,1512.0,1.0,3.0
4603,L4603_6458,55062.61,24.0,1242.0,1.0,1.0
4604,L4604_6459,28325.4,6.0,397.0,0.0,0.0
4605,L4605_6460,115161.53,,128.0,0.0,0.0
4606,L4606_6461,,36.0,1537.0,0.0,0.0
4606,L4606_6462,24389.69,24.0,1567.0,0.0,0.0
4607,L4607_6463,58720.5,,475.0,0.0,0.0
4608,L4608_6464,57316.64,6.0,1497.0,0.0,0.0
4610,L4610_6465,122651.28,24.0,1577.0,0.0,0.0
4610,L4610_6466,74127.06,9.0,760.0,0.0,0.0
4611,L4611_6467,58399.82,36.0,1099.0,0.0,0.0
4612,L4612_6468,23921.83,3.0,1323.0,0.0,0.0
4612,L4612_6469,25947.73,36.0,854.0,0.0,0.0
4613,L4613_6470,49319.77,36.0,1251.0,1.0,15.0
4616,L4616_6471,36486.76,36.0,505.0,0.0,0.0
4616,L4616_6472,30160.93,6.0,219.0,1.0,60.0
4617,L4617_6473,63919.55,3.0,850.0,0.0,0.0
4617,L4617_6474,32899.41,6.0,259.0,0.0,0.0
4617,L4617_6475,58924.65,18.0,892.0,0.0,0.0
4617,L4617_6476,70213.85,,1498.0,0.0,0.0
4618,L4618_6477,62855.51,6.0,1559.0,0.0,0.0
4619,L4619_6478,40442.86,12.0,1244.0,0.0,0.0
4619,L4619_6479,33129.02,9.0,766.0,0.0,0.0
4619,L4619_6480,48732.63,12.0,578.0,0.0,0.0
4620,L4620_6481,59630.92,36.0,828.0,0.0,0.0
4620,L4620_6482,15836.84,6.0,335.0,0.0,0.0
4621,L4621_6483,28172.22,18.0,1045.0,0.0,0.0
4621,L4621_6484,47519.65,24.0,1135.0,0.0,0.0
4623,L4623_6485,41771.97,9.0,,0.0,0.0
4623,L4623_6486,75824.46,36.0,1572.0,0.0,0.0
4624,L4624_6487,58177.0,36.0,76.0,1.0,60.0
4624,L4624_6488,25996.01,12.0,834.0,1.0,15.0
4624,L4624_6489,96964.98,6.0,1347.0,0.0,0.0
4625,L4625_6490,122301.15,,409.0,0.0,0.0
4626,L4626_6491,28511.41,12.0,1099.0,0.0,0.0
4626,L4626_6492,54225.19,36.0,1041.0,1.0,60.0
4627,L4627_6493,124407.08,9.0,572.0,0.0,0.0
4627,L4627_6494,71390.61,9.0,1519.0,0.0,0.0
4628,L4628_6495,53196.08,9.0,891.0,0.0,0.0
4629,L4629_6496,66777.61,12.0,1369.0,,0.0
4629,L4629_6497,60972.15,24.0,166.0,1.0,1.0
4630,L4630_6498,44171.06,3.0,,0.0,0.0
4631,L4631_6499,60141.54,12.0,1565.0,0.0,0.0
4631,L4631_6500,31134.56,,660.0,0.0,0.0
4632,L4632_6501,44186.42,6.0,895.0,1.0,1.0
4633,L4633_6502,43035.98,12.0,689.0,0.0,0.0
4634,L4634_6503,24116.94,6.0,1313.0,0.0,0.0
4634,L4634_6504,18263.77,9.0,1296.0,0.0,0.0
4635,L4635_6505,38534.01,,1103.0,0.0,0.0
4635,L4635_6506,48822.5,6.0,1293.0,0.0,0.0
4636,L4636_6507,47602.31,3.0,1047.0,0.0,0.0
4636,L4636_6508,50503.39,12.0,885.0,0.0,0.0
4636,L4636_6509,54771.67,6.0,196.0,0.0,0.0
4637,L4637_6510,14755.61,36.0,1446.0,0.0,0.0
4638,L4638_6511,30989.85,18.0,1482.0,,0.0
4638,L4638_6512,128783.78,,1048.0,1.0,7.0
4639,L4639_6513,63613.15,6.0,595.0,0.0,0.0
4640,L4640_6514,27584.95,12.0,186.0,1.0,90.0
4641,L4641_6515,114775.48,,255.0,0.0,
4641,L4641_6516,31661.21,12.0,444.0,0.0,0.0
4641,L4641_6517,57456.35,3.0,754.0,0.0,0.0
4642,L4642_6518,182138.31,,669.0,0.0,0.0
4644,L4644_6519,124150.32,36.0,1406.0,0.0,0.0
4645,L4645_6520,66975.31,3.0,184.0,1.0,90.0
4645,L4645_6521,23776.66,18.0,600.0,0.0,0.0
4646,L4646_6522,51180.52,12.0,1070.0,0.0,0.0
4647,L4647_6523,60790.6,3.0,1141.0,1.0,
4647,L4647_6524,33004.06,18.0,1022.0,0.0,0.0
4648,L4648_6525,45155.73,24.0,1289.0,0.0,0.0
4648,L4648_6526,13994.48,6.0,379.0,0.0,0.0
4649,L4649_6527,53687.0,12.0,50.0,0.0,0.0
4650,L4650_6528,41188.24,6.0,1119.0,0.0,0.0
4650,L4650_6529,54997.32,18.0,573.0,0.0,0.0
4651,L4651_6530,55545.69,9.0,334.0,1.0,30.0
4651,L4651_6531,71982.68,36.0,1042.0,1.0,15.0
4651,L4651_6532,65555.12,24.0,866.0,1.0,15.0
4652,L4652_6533,60424.08,24.0,519.0,1.0,3.0
4652,L4652_6534,60483.18,9.0,118.0,0.0,0.0
4652,L4652_6535,72915.7,9.0,,0.0,0.0
4653,L4653_6536,51796.58,6.0,155.0,0.0,0.0
4653,L4653_6537,,6.0,1491.0,0.0,0.0
4654,L4654_6538,61609.99,12.0,1460.0,0.0,0.0
4654,L4654_6539,76600.69,24.0,1341.0,1.0,15.0
4655,L4655_6540,54094.27,9.0,931.0,0.0,0.0
4655,L4655_6541,79783.48,3.0,508.0,0.0,0.0
4656,L4656_6542,123942.64,18.0,759.0,0.0,0.0
4656,L4656_6543,47373.59,9.0,142.0,1.0,15.0
4657,L4657_6544,32416.69,24.0,435.0,0.0,0.0
4658,L4658_6545,66581.71,9.0,75.0,0.0,0.0
4659,L4659_6546,61262.87,12.0,982.0,0.0,0.0
4660,L4660_6547,,18.0,201.0,0.0,0.0
4660,L4660_6548,34447.65,12.0,49.0,0.0,0.0
4660,L4660_6549,15633.39,6.0,634.0,0.0,0.0
4661,L4661_6550,16882.52,12.0,737.0,0.0,0.0
4661,L4661_6551,41799.97,3.0,500.0,0.0,0.0
4662,L4662_6552,19921.24,3.0,34.0,1.0,3.0
4662,L4662_6553,39608.26,24.0,215.0,0.0,0.0
4662,L4662_6554,,18.0,1142.0,0.0,0.0
4663,L4663_6555,63569.78,6.0,1432.0,0.0,0.0
4663,L4663_6556,57864.11,6.0,98.0,0.0,0.0
4663,L4663_6557,68486.58,18.0,163.0,0.0,0.0
4664,L4664_6558,62496.47,3.0,736.0,0.0,0.0
4664,L4664_6559,107243.72,12.0,335.0,1.0,1.0
4665,L4665_6560,45903.51,6.0,308.0,0.0,0.0
4665,L4665_6561,14635.53,18.0,98.0,0.0,0.0
4668,L4668_6562,36755.01,36.0,1400.0,0.0,0.0
4668,L4668_6563,31899.83,18.0,1091.0,0.0,0.0
4668,L4668_6564,17411.28,,416.0,0.0,0.0
4669,L4669_6565,84436.67,,561.0,0.0,0.0
4669,L4669_6566,67001.17,3.0,151.0,0.0,0.0
4670,L4670_6567,141308.52,24.0,396.0,0.0,0.0
4671,L4671_6568,84417.46,3.0,,1.0,1.0
4672,L4672_6569,90035.0,9.0,1592.0,0.0,0.0
4672,L4672_6570,70910.54,36.0,866.0,0.0,0.0
4673,L4673_6571,54694.11,18.0,210.0,1.0,1.0
4673,L4673_6572,71575.68,12.0,241.0,1.0,15.0
4674,L4674_6573,45297.87,24.0,848.0,0.0,0.0
4675,L4675_6574,52714.08,36.0,292.0,0.0,0.0
4675,L4675_6575,62383.62,9.0,625.0,1.0,3.0
4676,L4676_6576,120131.13,12.0,549.0,,0.0
4676,L4676_6577,46248.71,24.0,1424.0,0.0,0.0
4676,L4676_6578,52767.51,36.0,260.0,1.0,30.0
4679,L4679_6579,84947.33,12.0,887.0,1.0,
4679,L4679_6580,63260.99,18.0,1255.0,0.0,
4680,L4680_6581,122093.44,3.0,870.0,0.0,0.0
4680,L4680_6582,46923.55,24.0,509.0,1.0,7.0
4681,L4681_6583,37574.8,18.0,575.0,1.0,90.0
4681,L4681_6584,53008.25,12.0,923.0,0.0,0.0
4682,L4682_6585,49570.51,18.0,463.0,0.0,0.0
4683,L4683_6586,78639.05,6.0,591.0,1.0,1.0
4683,L4683_6587,20677.01,9.0,1426.0,0.0,0.0
4683,L4683_6588,62878.13,,627.0,1.0,3.0
4683,L4683_6589,32895.51,18.0,111.0,0.0,0.0
4684,L4684_6590,33545.47,24.0,259.0,0.0,0.0
4684,L4684_6591,43505.89,18.0,124.0,1.0,7.0
4684,L4684_6592,206474.05,9.0,1369.0,0.0,0.0
4685,L4685_6593,25260.49,3.0,1374.0,0.0,0.0
4686,L4686_6594,,12.0,1016.0,1.0,60.0
4687,L4687_6595,83781.23,3.0,946.0,0.0,
4688,L4688_6596,48975.03,18.0,1131.0,0.0,0.0
4688,L4688_6597,60717.3,12.0,87.0,1.0,90.0
4689,L4689_6598,28136.12,36.0,88.0,0.0,0.0
4690,L4690_6599,71832.11,6.0,1010.0,0.0,0.0
4691,L4691_6600,107069.74,3.0,1206.0,0.0,0.0
4691,L4691_6601,37971.37,12.0,879.0,0.0,0.0
4691,L4691_6602,51083.31,9.0,1305.0,1.0,7.0
4692,L4692_6603,34898.81,9.0,923.0,0.0,0.0
4692,L4692_6604,52372.66,36.0,1109.0,0.0,0.0
4694,L4694_6605,26112.19,9.0,871.0,1.0,3.0
4694,L4694_6606,19507.4,6.0,820.0,0.0,0.0
4698,L4698_6607,65570.63,24.0,494.0,0.0,0.0
4698,L4698_6608,73730.94,18.0,651.0,0.0,
4699,L4699_6609,28023.98,36.0,971.0,1.0,3.0
4701,L4701_6610,52683.65,6.0,697.0,0.0,0.0
4701,L4701_6611,35167.22,9.0,861.0,0.0,0.0
4704,L4704_6612,21920.1,36.0,694.0,0.0,0.0
4704,L4704_6613,41180.87,9.0,84.0,0.0,0.0
4705,L4705_6614,56196.22,24.0,1184.0,0.0,0.0
4705,L4705_6615,42581.82,9.0,1138.0,1.0,15.0
4708,L4708_6616,66130.69,12.0,701.0,1.0,90.0
4710,L4710_6617,36684.08,12.0,651.0,0.0,0.0
4710,L4710_6618,25672.82,18.0,355.0,0.0,0.0
4710,L4710_6619,35296.42,9.0,1115.0,0.0,0.0
4711,L4711_6620,183327.31,24.0,645.0,,7.0
4711,L4711_6621,25418.68,18.0,1596.0,0.0,0.0
4713,L4713_6622,55538.54,6.0,739.0,0.0,0.0
4713,L4713_6623,80222.33,18.0,248.0,,90.0
4714,L4714_6624,45880.24,9.0,148.0,0.0,0.0
4715,L4715_6625,38150.59,18.0,1049.0,0.0,0.0
4718,L4718_6626,24241.64,3.0,159.0,0.0,0.0
4718,L4718_6627,32842.53,18.0,741.0,0.0,0.0
4718,L4718_6628,22663.76,24.0,1322.0,0.0,0.0
4718,L4718_6629,44176.16,12.0,630.0,0.0,0.0
4720,L4720_6630,61984.89,24.0,1398.0,1.0,3.0
4721,L4721_6631,57967.06,24.0,388.0,1.0,30.0
4721,L4721_6632,87595.82,6.0,494.0,0.0,0.0
4721,L4721_6633,56463.75,24.0,276.0,0.0,0.0
4722,L4722_6634,59512.75,12.0,1031.0,0.0,0.0
4723,L4723_6635,49004.77,6.0,1232.0,0.0,
4723,L4723_6636,39459.08,36.0,74.0,0.0,0.0
4723,L4723_6637,53410.63,9.0,869.0,,30.0
4723,L4723_6638,30397.79,3.0,1007.0,0.0,0.0
4724,L4724_6639,27072.01,18.0,1576.0,0.0,0.0
4725,L4725_6640,48760.09,6.0,1274.0,0.0,0.0
4725,L4725_6641,52804.04,6.0,74.0,0.0,0.0
4726,L4726_6642,72851.4,9.0,1354.0,,0.0
4727,L4727_6643,73166.2,12.0,296.0,1.0,3.0
4727,L4727_6644,45022.96,24.0,1372.0,0.0,0.0
4728,L4728_6645,75767.99,3.0,1505.0,0.0,0.0
4729,L4729_6646,60071.69,12.0,611.0,0.0,0.0
4729,L4729_6647,73880.77,,672.0,0.0,0.0
4729,L4729_6648,19710.59,9.0,,1.0,90.0
4729,L4729_6649,35090.22,24.0,31.0,,0.0
4729,L4729_6650,196753.5,36.0,530.0,1.0,7.0
4730,L4730_6651,30253.06,9.0,362.0,0.0,0.0
4730,L4730_6652,31577.67,18.0,1063.0,0.0,0.0
4731,L4731_6653,22877.51,24.0,775.0,0.0,0.0
4732,L4732_6654,76124.29,24.0,112.0,0.0,0.0
4732,L4732_6655,113497.65,9.0,60.0,0.0,0.0
4733,L4733_6656,57678.91,3.0,144.0,0.0,0.0
4734,L4734_6657,47514.23,36.0,1536.0,0.0,0.0
4734,L4734_6658,70331.2,12.0,,0.0,0.0
4734,L4734_6659,65912.9,3.0,1580.0,0.0,0.0
4734,L4734_6660,45357.0,36.0,219.0,0.0,0.0
4734,L4734_6661,24813.44,6.0,,0.0,0.0
4736,L4736_6662,41201.8,18.0,1094.0,0.0,0.0
4737,L4737_6663,62431.59,3.0,362.0,0.0,0.0
4737,L4737_6664,33817.98,3.0,1418.0,0.0,0.0
4737,L4737_6665,27560.36,3.0,415.0,1.0,7.0
4738,L4738_6666,66657.8,6.0,845.0,0.0,0.0
4739,L4739_6667,59715.67,6.0,1514.0,0.0,0.0
4739,L4739_6668,,6.0,124.0,0.0,0.0
4740,L4740_6669,40653.91,18.0,,0.0,0.0
4741,L4741_6670,115847.76,6.0,904.0,0.0,0.0
4741,L4741_6671,57332.1,6.0,1244.0,1.0,3.0
4741,L4741_6672,18428.44,12.0,897.0,0.0,0.0
4742,L4742_6673,69101.77,12.0,428.0,0.0,0.0
4742,L4742_6674,219041.85,24.0,1017.0,0.0,0.0
4742,L4742_6675,86197.74,24.0,,0.0,0.0
4742,L4742_6676,42347.38,,1259.0,0.0,0.0
4744,L4744_6677,60815.98,9.0,904.0,0.0,0.0
4744,L4744_6678,58026.07,3.0,918.0,0.0,0.0
4744,L4744_6679,83741.37,3.0,1097.0,0.0,0.0
4745,L4745_6680,,18.0,965.0,0.0,0.0
4745,L4745_6681,20061.3,6.0,1515.0,0.0,0.0
4746,L4746_6682,33005.08,24.0,1432.0,0.0,0.0
4747,L4747_6683,50128.56,24.0,264.0,1.0,1.0
4747,L4747_6684,41424.59,36.0,200.0,1.0,15.0
4747,L4747_6685,,12.0,1504.0,0.0,0.0
4747,L4747_6686,28783.18,18.0,809.0,0.0,0.0
4748,L4748_6687,43481.57,36.0,,1.0,15.0
4749,L4749_6688,59533.48,36.0,894.0,0.0,0.0
4749,L4749_6689,41230.11,18.0,973.0,0.0,0.0
4750,L4750_6690,24966.16,24.0,668.0,0.0,0.0
4751,L4751_6691,47831.32,3.0,1310.0,0.0,0.0
4751,L4751_6692,56754.32,3.0,1567.0,0.0,0.0
4751,L4751_6693,53204.23,12.0,1111.0,0.0,
4753,L4753_6694,59661.32,18.0,1463.0,1.0,3.0
4754,L4754_6695,39437.26,12.0,909.0,0.0,0.0
4754,L4754_6696,39563.36,6.0,754.0,0.0,0.0
4754,L4754_6697,13361.04,6.0,393.0,0.0,0.0
4755,L4755_6698,40216.73,9.0,1193.0,0.0,0.0
4757,L4757_6699,62403.98,6.0,166.0,0.0,0.0
4757,L4757_6700,110311.56,9.0,581.0,0.0,0.0
4758,L4758_6701,59771.48,3.0,1511.0,0.0,0.0
4758,L4758_6702,99820.44,6.0,942.0,0.0,0.0
4759,L4759_6703,39207.59,9.0,727.0,0.0,0.0
4760,L4760_6704,71352.47,6.0,868.0,0.0,0.0
4761,L4761_6705,98578.43,24.0,1529.0,0.0,0.0
4762,L4762_6706,85651.72,18.0,369.0,1.0,3.0
4762,L4762_6707,70640.44,12.0,538.0,0.0,0.0
4762,L4762_6708,30862.73,24.0,657.0,0.0,0.0
4763,L4763_6709,99702.42,18.0,526.0,1.0,30.0
4764,L4764_6710,64458.93,6.0,,0.0,0.0
4764,L4764_6711,50959.15,36.0,869.0,0.0,0.0
4765,L4765_6712,27165.43,12.0,323.0,1.0,1.0
4766,L4766_6713,56346.81,,1338.0,0.0,0.0
4768,L4768_6714,52403.82,3.0,1282.0,0.0,0.0
4768,L4768_6715,23707.68,9.0,1275.0,0.0,0.0
4769,L4769_6716,33707.76,9.0,1407.0,0.0,0.0
4771,L4771_6717,24855.6,24.0,626.0,0.0,0.0
4771,L4771_6718,102749.2,24.0,1153.0,0.0,0.0
4772,L4772_6719,25340.11,9.0,1268.0,1.0,1.0
4772,L4772_6720,52446.97,24.0,422.0,1.0,7.0
4772,L4772_6721,25025.73,6.0,1384.0,1.0,3.0
4773,L4773_6722,42114.16,9.0,1263.0,0.0,0.0
4774,L4774_6723,72013.4,6.0,781.0,0.0,
4774,L4774_6724,43421.05,18.0,43.0,0.0,0.0
4776,L4776_6725,48438.32,9.0,404.0,1.0,15.0
4776,L4776_6726,22124.8,18.0,983.0,1.0,15.0
4776,L4776_6727,58586.3,36.0,948.0,1.0,3.0
4777,L4777_6728,87906.06,3.0,491.0,1.0,15.0
4777,L4777_6729,49356.43,9.0,136.0,0.0,0.0
4777,L4777_6730,113339.51,18.0,1338.0,0.0,0.0
4778,L4778_6731,41695.54,36.0,581.0,0.0,0.0
4780,L4780_6732,46904.89,,702.0,0.0,0.0
4781,L4781_6733,17397.23,12.0,1437.0,0.0,0.0
4783,L4783_6734,70615.4,6.0,1124.0,0.0,0.0
4783,L4783_6735,62763.2,12.0,705.0,0.0,0.0
4783,L4783_6736,99554.6,,37.0,0.0,0.0
4783,L4783_6737,46980.44,36.0,42.0,1.0,3.0
4783,L4783_6738,51825.31,36.0,847.0,0.0,0.0
4783,L4783_6739,15598.01,18.0,1475.0,1.0,1.0
4783,L4783_6740,182175.86,36.0,696.0,0.0,0.0
4784,L4784_6741,46334.0,36.0,709.0,0.0,0.0
4784,L4784_6742,126641.34,6.0,1175.0,0.0,0.0
4784,L4784_6743,,24.0,851.0,0.0,0.0
4785,L4785_6744,55379.72,24.0,1345.0,0.0,0.0
4785,L4785_6745,28025.15,6.0,550.0,0.0,0.0
4786,L4786_6746,95988.28,,1141.0,0.0,
4788,L4788_6747,89412.94,36.0,133.0,0.0,0.0
4789,L4789_6748,67641.87,36.0,1541.0,0.0,0.0
4789,L4789_6749,16314.32,12.0,1135.0,0.0,0.0
4790,L4790_6750,94999.58,9.0,1406.0,0.0,0.0
4790,L4790_6751,24223.8,24.0,780.0,0.0,0.0
4791,L4791_6752,29233.2,6.0,456.0,0.0,0.0
4792,L4792_6753,35011.82,36.0,943.0,0.0,0.0
4792,L4792_6754,41651.84,36.0,1031.0,1.0,30.0
4792,L4792_6755,20926.83,24.0,1332.0,0.0,0.0
4793,L4793_6756,20593.02,36.0,1178.0,0.0,0.0
4793,L4793_6757,35987.21,36.0,1398.0,0.0,0.0
4794,L4794_6758,48839.55,18.0,724.0,1.0,3.0
4794,L4794_6759,51908.62,6.0,297.0,0.0,0.0
4797,L4797_6760,38870.39,3.0,1176.0,1.0,30.0
4797,L4797_6761,98916.62,,1244.0,1.0,7.0
4799,L4799_6762,71252.52,12.0,1081.0,0.0,0.0
4800,L4800_6763,53793.62,36.0,467.0,0.0,0.0
4800,L4800_6764,48387.07,3.0,,0.0,0.0
4800,L4800_6765,69249.12,18.0,663.0,0.0,0.0
4800,L4800_6766,25380.71,9.0,727.0,0.0,0.0
4801,L4801_6767,19752.17,18.0,1388.0,0.0,0.0
4802,L4802_6768,67695.97,12.0,1343.0,0.0,0.0
4802,L4802_6769,54338.18,,89.0,0.0,0.0
4803,L4803_6770,123018.3,3.0,110.0,0.0,0.0
4804,L4804_6771,105411.51,12.0,136.0,0.0,0.0
4804,L4804_6772,32430.44,3.0,1306.0,0.0,0.0
4804,L4804_6773,44079.86,24.0,815.0,0.0,0.0
4806,L4806_6774,61752.7,9.0,801.0,0.0,
4806,L4806_6775,182547.29,18.0,881.0,1.0,90.0
4807,L4807_6776,21012.76,,153.0,1.0,30.0
4808,L4808_6777,6620.95,12.0,958.0,0.0,0.0
4809,L4809_6778,62843.74,12.0,984.0,0.0,0.0
4811,L4811_6779,31877.63,12.0,965.0,0.0,0.0
4811,L4811_6780,58495.0,24.0,651.0,0.0,0.0
4811,L4811_6781,14902.1,24.0,462.0,0.0,0.0
4813,L4813_6782,47399.13,12.0,843.0,0.0,0.0
4815,L4815_6783,39246.07,6.0,903.0,1.0,3.0
4816,L4816_6784,71955.17,24.0,855.0,0.0,0.0
4818,L4818_6785,44473.83,6.0,1553.0,0.0,0.0
4819,L4819_6786,31358.82,,1340.0,0.0,0.0
4819,L4819_6787,27111.37,6.0,1373.0,0.0,0.0
4819,L4819_6788,38510.21,12.0,519.0,1.0,
4819,L4819_6789,41142.0,,1541.0,0.0,0.0
4820,L4820_6790,24379.86,12.0,81.0,0.0,0.0
4820,L4820_6791,37875.84,9.0,398.0,0.0,0.0
4822,L4822_6792,99469.48,9.0,1413.0,0.0,0.0
4822,L4822_6793,80182.04,24.0,1317.0,0.0,0.0
4823,L4823_6794,59566.11,18.0,1166.0,0.0,0.0
4824,L4824_6795,45197.7,24.0,845.0,0.0,0.0
4824,L4824_6796,30823.85,6.0,1483.0,0.0,0.0
4825,L4825_6797,40218.96,12.0,1144.0,0.0,0.0
4825,L4825_6798,53580.42,24.0,1520.0,0.0,0.0
4826,L4826_6799,57702.11,24.0,863.0,0.0,0.0
4826,L4826_6800,23612.95,24.0,262.0,1.0,1.0
4826,L4826_6801,16448.87,6.0,797.0,0.0,0.0
4826,L4826_6802,71149.62,,630.0,0.0,0.0
4827,L4827_6803,152148.75,18.0,182.0,1.0,7.0
4827,L4827_6804,74360.61,3.0,1286.0,0.0,0.0
4827,L4827_6805,125431.09,36.0,,0.0,0.0
4827,L4827_6806,37588.61,6.0,288.0,1.0,3.0
4828,L4828_6807,79026.64,6.0,997.0,0.0,0.0
4828,L4828_6808,76313.6,36.0,424.0,0.0,0.0
4829,L4829_6809,121855.88,18.0,613.0,0.0,0.0
4830,L4830_6810,,12.0,83.0,0.0,0.0
4830,L4830_6811,84040.02,36.0,1170.0,0.0,0.0
4831,L4831_6812,88741.15,24.0,1221.0,1.0,15.0
4832,L4832_6813,57640.23,3.0,269.0,0.0,0.0
4832,L4832_6814,46753.83,36.0,990.0,1.0,30.0
4834,L4834_6815,129332.19,24.0,243.0,0.0,0.0
4837,L4837_6816,126700.74,9.0,953.0,0.0,0.0
4837,L4837_6817,122591.02,18.0,1166.0,1.0,3.0
4838,L4838_6818,34914.66,9.0,177.0,0.0,0.0
4838,L4838_6819,20105.77,36.0,1326.0,1.0,15.0
4841,L4841_6820,46389.38,36.0,730.0,1.0,1.0
4841,L4841_6821,34058.19,3.0,959.0,0.0,0.0
4843,L4843_6822,48137.64,3.0,376.0,0.0,0.0
4844,L4844_6823,69349.92,18.0,511.0,0.0,0.0
4844,L4844_6824,63124.59,3.0,699.0,0.0,0.0
4845,L4845_6825,39802.84,18.0,,0.0,0.0
4845,L4845_6826,43812.88,24.0,1366.0,0.0,0.0
4845,L4845_6827,79416.54,24.0,393.0,1.0,90.0
4846,L4846_6828,62166.17,6.0,879.0,1.0,1.0
4847,L4847_6829,38474.73,24.0,1357.0,0.0,0.0
4847,L4847_6830,41178.12,,,0.0,0.0
4848,L4848_6831,85212.58,18.0,1321.0,0.0,0.0
4848,L4848_6832,48399.47,9.0,1294.0,0.0,0.0
4851,L4851_6833,59193.71,24.0,1301.0,1.0,7.0
4852,L4852_6834,78946.16,,130.0,0.0,0.0
4852,L4852_6835,70218.59,18.0,1129.0,0.0,0.0
4853,L4853_6836,37928.34,18.0,481.0,0.0,
4853,L4853_6837,24534.94,6.0,,1.0,3.0
4854,L4854_6838,50826.53,6.0,1495.0,0.0,0.0
4854,L4854_6839,28152.28,,486.0,0.0,0.0
4855,L4855_6840,114537.97,3.0,1128.0,1.0,60.0
4856,L4856_6841,48137.08,,274.0,0.0,
4857,L4857_6842,58148.05,18.0,895.0,0.0,0.0
4857,L4857_6843,78601.0,6.0,793.0,0.0,0.0
4857,L4857_6844,20566.57,9.0,1190.0,0.0,0.0
4857,L4857_6845,23055.7,9.0,953.0,0.0,0.0
4860,L4860_6846,56258.52,36.0,1161.0,0.0,0.0
4860,L4860_6847,52203.35,24.0,1496.0,0.0,0.0
4860,L4860_6848,75890.11,,955.0,0.0,0.0
4860,L4860_6849,23577.89,12.0,1196.0,0.0,0.0
4861,L4861_6850,75867.38,36.0,1136.0,0.0,0.0
4862,L4862_6851,86965.69,6.0,624.0,0.0,0.0
4862,L4862_6852,78159.18,12.0,1282.0,0.0,0.0
4864,L4864_6853,,18.0,390.0,0.0,0.0
4865,L4865_6854,73862.91,18.0,245.0,0.0,0.0
4866,L4866_6855,15925.74,36.0,1051.0,0.0,0.0
4867,L4867_6856,134311.47,24.0,873.0,0.0,0.0
4867,L4867_6857,40878.89,3.0,1566.0,0.0,0.0
4868,L4868_6858,24552.04,18.0,1455.0,0.0,0.0
4868,L4868_6859,35992.82,24.0,117.0,0.0,0.0
4871,L4871_6860,46459.65,24.0,927.0,0.0,0.0
4872,L4872_6861,87747.4,3.0,,0.0,0.0
4873,L4873_6862,33637.04,18.0,35.0,0.0,0.0
4875,L4875_6863,38035.45,18.0,1083.0,0.0,0.0
4877,L4877_6864,46091.57,18.0,741.0,0.0,0.0
4878,L4878_6865,,18.0,250.0,1.0,7.0
4878,L4878_6866,42111.35,24.0,524.0,,0.0
4878,L4878_6867,174140.66,9.0,82.0,0.0,0.0
4879,L4879_6868,38521.01,,,0.0,
4880,L4880_6869,125581.84,18.0,516.0,0.0,0.0
4881,L4881_6870,16026.9,12.0,279.0,1.0,30.0
4881,L4881_6871,34773.14,6.0,850.0,0.0,0.0
4882,L4882_6872,35206.47,24.0,329.0,0.0,0.0
4883,L4883_6873,46298.02,9.0,438.0,0.0,0.0
4884,L4884_6874,49672.1,3.0,513.0,0.0,0.0
4884,L4884_6875,47583.82,36.0,1419.0,0.0,0.0
4884,L4884_6876,40588.05,36.0,1101.0,1.0,30.0
4885,L4885_6877,22749.87,36.0,1480.0,0.0,0.0
4886,L4886_6878,29692.56,12.0,1531.0,0.0,0.0
4886,L4886_6879,93758.57,24.0,1232.0,0.0,0.0
4887,L4887_6880,44480.4,,735.0,1.0,30.0
4888,L4888_6881,82227.19,18.0,575.0,0.0,0.0
4888,L4888_6882,15399.44,6.0,568.0,0.0,0.0
4889,L4889_6883,78378.43,24.0,926.0,1.0,60.0
4889,L4889_6884,26995.26,36.0,1550.0,1.0,1.0
4889,L4889_6885,,6.0,1196.0,0.0,0.0
4890,L4890_6886,68270.43,6.0,1221.0,0.0,0.0
4890,L4890_6887,55257.28,9.0,277.0,1.0,3.0
4891,L4891_6888,80280.88,36.0,1412.0,0.0,0.0
4891,L4891_6889,,12.0,97.0,0.0,0.0
4891,L4891_6890,39023.54,18.0,307.0,0.0,0.0
4893,L4893_6891,47254.43,36.0,481.0,1.0,3.0
4894,L4894_6892,20549.0,6.0,325.0,0.0,0.0
4894,L4894_6893,30653.03,36.0,655.0,0.0,0.0
4895,L4895_6894,16112.15,24.0,295.0,0.0,0.0
4895,L4895_6895,41612.2,36.0,,0.0,0.0
4895,L4895_6896,95550.92,3.0,1193.0,0.0,0.0
4897,L4897_6897,81689.09,18.0,1167.0,1.0,3.0
4897,L4897_6898,23201.01,9.0,566.0,0.0,0.0
4898,L4898_6899,26893.56,9.0,1331.0,0.0,0.0
4898,L4898_6900,,24.0,1269.0,0.0,0.0
4898,L4898_6901,61726.06,12.0,311.0,0.0,0.0
4898,L4898_6902,120260.65,18.0,1438.0,1.0,7.0
4899,L4899_6903,55003.63,6.0,546.0,1.0,15.0
4900,L4900_6904,26722.32,18.0,1568.0,0.0,0.0
4901,L4901_6905,76843.27,24.0,955.0,1.0,7.0
4901,L4901_6906,62747.49,9.0,200.0,0.0,0.0
4902,L4902_6907,72173.21,18.0,614.0,0.0,
4903,L4903_6908,165597.02,3.0,404.0,0.0,0.0
4903,L4903_6909,107612.22,9.0,1307.0,0.0,0.0
4903,L4903_6910,100724.57,6.0,1483.0,1.0,7.0
4903,L4903_6911,91720.46,12.0,708.0,0.0,
4904,L4904_6912,39305.24,12.0,938.0,0.0,0.0
4904,L4904_6913,55739.5,18.0,24.0,0.0,0.0
4905,L4905_6914,155614.4,,1424.0,0.0,0.0
4905,L4905_6915,28411.0,18.0,152.0,0.0,0.0
4905,L4905_6916,19255.36,3.0,466.0,0.0,0.0
4906,L4906_6917,20633.22,9.0,1180.0,0.0,0.0
4906,L4906_6918,33983.43,36.0,1207.0,1.0,90.0
4906,L4906_6919,,9.0,1345.0,1.0,30.0
4907,L4907_6920,48485.24,6.0,1397.0,0.0,0.0
4908,L4908_6921,41715.33,12.0,789.0,0.0,0.0
4908,L4908_6922,102178.53,18.0,622.0,1.0,7.0
4909,L4909_6923,30131.79,3.0,42.0,1.0,1.0
4910,L4910_6924,56170.42,6.0,949.0,0.0,0.0
4911,L4911_6925,85534.29,9.0,531.0,0.0,0.0
4911,L4911_6926,31463.09,12.0,756.0,0.0,0.0
4911,L4911_6927,87124.75,24.0,457.0,0.0,0.0
4911,L4911_6928,222636.48,24.0,1140.0,0.0,
4911,L4911_6929,97746.25,3.0,945.0,0.0,0.0
4912,L4912_6930,74549.12,12.0,1533.0,0.0,
4913,L4913_6931,45396.35,36.0,430.0,0.0,0.0
4914,L4914_6932,37695.14,,,0.0,0.0
4915,L4915_6933,45227.8,12.0,783.0,0.0,0.0
4915,L4915_6934,50304.36,6.0,343.0,1.0,7.0
4915,L4915_6935,38338.74,24.0,88.0,0.0,0.0
4917,L4917_6936,62411.86,36.0,1268.0,0.0,0.0
4917,L4917_6937,16751.14,3.0,1071.0,0.0,0.0
4918,L4918_6938,39366.47,9.0,823.0,0.0,0.0
4919,L4919_6939,37750.42,9.0,476.0,0.0,0.0
4920,L4920_6940,31345.93,3.0,,0.0,0.0
4920,L4920_6941,61157.36,3.0,1438.0,0.0,0.0
4920,L4920_6942,48517.49,12.0,131.0,1.0,60.0
4921,L4921_6943,54059.97,12.0,734.0,0.0,0.0
4923,L4923_6944,18592.99,12.0,206.0,0.0,0.0
4924,L4924_6945,118828.18,18.0,1457.0,0.0,0.0
4924,L4924_6946,32429.01,12.0,,0.0,0.0
4924,L4924_6947,59972.08,3.0,351.0,0.0,0.0
4925,L4925_6948,54108.32,18.0,1404.0,0.0,0.0
4925,L4925_6949,79134.92,24.0,1150.0,0.0,0.0
4925,L4925_6950,145392.74,3.0,927.0,0.0,0.0
4925,L4925_6951,55725.43,24.0,1204.0,0.0,0.0
4926,L4926_6952,91403.99,18.0,76.0,0.0,0.0
4926,L4926_6953,78780.68,6.0,64.0,0.0,0.0
4926,L4926_6954,72731.0,18.0,355.0,0.0,0.0
4928,L4928_6955,11926.75,24.0,1540.0,1.0,1.0
4928,L4928_6956,39727.42,24.0,39.0,0.0,0.0
4928,L4928_6957,27070.53,9.0,747.0,0.0,0.0
4928,L4928_6958,42450.94,,1286.0,0.0,0.0
4928,L4928_6959,33208.08,18.0,1280.0,0.0,0.0
4928,L4928_6960,60601.4,6.0,647.0,0.0,0.0
4929,L4929_6961,63866.47,24.0,1470.0,,0.0
4930,L4930_6962,42223.7,18.0,697.0,1.0,3.0
4930,L4930_6963,20015.22,9.0,1126.0,0.0,0.0
4930,L4930_6964,39128.82,36.0,740.0,0.0,0.0
4930,L4930_6965,51306.23,24.0,807.0,0.0,0.0
4931,L4931_6966,82527.13,24.0,510.0,0.0,0.0
4931,L4931_6967,27926.46,9.0,,0.0,0.0
4932,L4932_6968,10913.7,18.0,433.0,0.0,0.0
4933,L4933_6969,54541.05,36.0,865.0,1.0,7.0
4934,L4934_6970,40151.83,36.0,217.0,0.0,0.0
4934,L4934_6971,51433.05,18.0,921.0,0.0,0.0
4935,L4935_6972,67841.01,12.0,1572.0,0.0,0.0
4935,L4935_6973,14651.8,24.0,528.0,0.0,0.0
4935,L4935_6974,59873.57,24.0,68.0,0.0,0.0
4935,L4935_6975,52604.58,6.0,1016.0,0.0,0.0
4935,L4935_6976,18397.13,3.0,1474.0,0.0,0.0
4936,L4936_6977,40309.41,9.0,1402.0,0.0,0.0
4937,L4937_6978,74445.83,36.0,966.0,1.0,15.0
4937,L4937_6979,146601.51,9.0,1501.0,0.0,0.0
4938,L4938_6980,52920.89,18.0,1269.0,1.0,15.0
4939,L4939_6981,43842.17,36.0,674.0,0.0,0.0
4939,L4939_6982,67402.24,36.0,1412.0,0.0,
4940,L4940_6983,81298.24,12.0,1277.0,0.0,0.0
4940,L4940_6984,69277.79,6.0,56.0,0.0,0.0
4941,L4941_6985,38499.97,24.0,920.0,0.0,0.0
4942,L4942_6986,21002.99,18.0,1270.0,1.0,1.0
4943,L4943_6987,38939.4,18.0,189.0,0.0,0.0
4944,L4944_6988,29495.91,6.0,736.0,0.0,0.0
4945,L4945_6989,36582.02,18.0,915.0,0.0,0.0
4945,L4945_6990,82446.39,9.0,297.0,1.0,1.0
4945,L4945_6991,35811.1,36.0,444.0,1.0,30.0
4946,L4946_6992,81441.19,36.0,889.0,1.0,15.0
4946,L4946_6993,87769.52,6.0,828.0,0.0,0.0
4947,L4947_6994,65109.42,6.0,1018.0,0.0,0.0
4947,L4947_6995,30834.52,6.0,1502.0,0.0,0.0
4947,L4947_6996,37950.84,18.0,1084.0,0.0,0.0
4949,L4949_6997,22027.53,12.0,822.0,1.0,1.0
4950,L4950_6998,67022.15,36.0,783.0,1.0,3.0
4952,L4952_6999,55472.69,12.0,912.0,0.0,0.0
4952,L4952_7000,80128.97,9.0,652.0,0.0,0.0
4953,L4953_7001,33277.81,3.0,1345.0,0.0,0.0
4954,L4954_7002,16348.99,6.0,1084.0,0.0,0.0
4954,L4954_7003,100639.41,24.0,553.0,1.0,3.0
4954,L4954_7004,125535.54,18.0,,0.0,0.0
4954,L4954_7005,33294.56,,420.0,0.0,0.0
4956,L4956_7006,44821.61,12.0,1080.0,0.0,0.0
4956,L4956_7007,74715.37,18.0,604.0,0.0,0.0
4958,L4958_7008,34490.89,18.0,564.0,0.0,0.0
4958,L4958_7009,30516.39,3.0,,0.0,0.0
4959,L4959_7010,58745.57,36.0,217.0,1.0,1.0
4961,L4961_7011,84155.84,24.0,507.0,1.0,15.0
4961,L4961_7012,61273.07,6.0,,0.0,0.0
4962,L4962_7013,46938.2,24.0,449.0,0.0,0.0
4963,L4963_7014,163303.0,24.0,266.0,0.0,
4963,L4963_7015,16590.9,18.0,1255.0,0.0,0.0
4963,L4963_7016,26125.38,36.0,401.0,1.0,30.0
4964,L4964_7017,54531.94,12.0,771.0,0.0,0.0
4965,L4965_7018,117205.18,36.0,490.0,0.0,0.0
4965,L4965_7019,13620.98,9.0,,1.0,1.0
4966,L4966_7020,83249.6,12.0,910.0,1.0,30.0
4966,L4966_7021,88251.33,12.0,496.0,1.0,3.0
4967,L4967_7022,37192.66,3.0,620.0,0.0,0.0
4967,L4967_7023,33518.46,18.0,812.0,0.0,0.0
4968,L4968_7024,79223.29,24.0,769.0,0.0,0.0
4970,L4970_7025,52047.27,,1101.0,0.0,
4973,L4973_7026,22309.07,,1379.0,0.0,0.0
4973,L4973_7027,55266.7,12.0,191.0,0.0,0.0
4974,L4974_7028,48682.52,18.0,629.0,0.0,0.0
4976,L4976_7029,50787.95,24.0,421.0,0.0,0.0
4976,L4976_7030,30105.51,36.0,799.0,0.0,0.0
4976,L4976_7031,33688.68,3.0,1180.0,1.0,3.0
4976,L4976_7032,23462.78,3.0,1492.0,0.0,0.0
4977,L4977_7033,57790.69,,675.0,1.0,30.0
4978,L4978_7034,46313.77,3.0,1075.0,0.0,0.0
4978,L4978_7035,60011.06,36.0,1520.0,1.0,1.0
4980,L4980_7036,25261.88,36.0,1247.0,1.0,60.0
4981,L4981_7037,31737.21,18.0,,0.0,0.0
4981,L4981_7038,150775.83,3.0,497.0,1.0,3.0
4981,L4981_7039,27620.5,6.0,1054.0,0.0,0.0
4983,L4983_7040,25526.0,36.0,166.0,0.0,0.0
4983,L4983_7041,12174.42,18.0,1480.0,,0.0
4983,L4983_7042,16843.58,12.0,1202.0,0.0,0.0
4983,L4983_7043,16819.39,9.0,,1.0,1.0
4983,L4983_7044,39249.2,24.0,828.0,0.0,0.0
4984,L4984_7045,112584.06,36.0,876.0,0.0,0.0
4984,L4984_7046,30713.22,3.0,1519.0,1.0,30.0
4984,L4984_7047,527095.24,36.0,298.0,0.0,0.0
4985,L4985_7048,90988.84,24.0,955.0,0.0,0.0
4986,L4986_7049,73316.81,9.0,606.0,0.0,0.0
4988,L4988_7050,48910.98,18.0,1062.0,1.0,15.0
4988,L4988_7051,13491.32,3.0,1591.0,0.0,0.0
4989,L4989_7052,30861.25,3.0,1131.0,0.0,0.0
4989,L4989_7053,28269.44,18.0,895.0,0.0,0.0
4990,L4990_7054,33150.23,18.0,1510.0,1.0,7.0
4991,L4991_7055,64677.67,9.0,1185.0,0.0,0.0
4991,L4991_7056,102042.66,24.0,,1.0,60.0
4991,L4991_7057,20251.42,3.0,581.0,0.0,0.0
4992,L4992_7058,76782.07,36.0,1366.0,1.0,15.0
4992,L4992_7059,69421.17,18.0,1414.0,0.0,0.0
4993,L4993_7060,40637.79,3.0,37.0,0.0,0.0
4993,L4993_7061,37981.23,36.0,255.0,0.0,0.0
4993,L4993_7062,50521.92,9.0,659.0,1.0,15.0
4993,L4993_7063,31428.3,24.0,1029.0,0.0,0.0
4994,L4994_7064,37904.11,18.0,197.0,1.0,3.0
4994,L4994_7065,66451.64,18.0,1130.0,0.0,0.0
4996,L4996_7066,63363.76,12.0,331.0,1.0,30.0
4996,L4996_7067,54442.69,36.0,1590.0,1.0,3.0
4996,L4996_7068,28309.86,12.0,863.0,0.0,0.0
4998,L4998_7069,45099.53,36.0,1249.0,0.0,0.0
5000,L5000_7070,,9.0,889.0,0.0,0.0
5000,L5000_7071,37802.58,36.0,164.0,0.0,0.0
5001,L5001_7072,92650.73,18.0,975.0,0.0,0.0
5001,L5001_7073,54003.19,12.0,341.0,0.0,0.0
5002,L5002_7074,29655.55,12.0,1139.0,0.0,0.0
5003,L5003_7075,54119.82,24.0,598.0,0.0,0.0
5004,L5004_7076,157322.46,36.0,965.0,0.0,0.0
5004,L5004_7077,25261.56,6.0,500.0,0.0,0.0
5004,L5004_7078,31438.47,3.0,1097.0,0.0,0.0
5004,L5004_7079,101169.05,36.0,721.0,0.0,0.0
5004,L5004_7080,30233.98,9.0,895.0,0.0,0.0
5005,L5005_7081,36011.7,24.0,87.0,0.0,0.0
5005,L5005_7082,30018.11,18.0,1355.0,0.0,0.0
5005,L5005_7083,45259.21,6.0,711.0,0.0,0.0
5006,L5006_7084,43262.09,36.0,1166.0,0.0,0.0
5006,L5006_7085,60096.03,12.0,257.0,0.0,0.0
5006,L5006_7086,29248.17,9.0,736.0,0.0,0.0
5008,L5008_7087,55431.19,12.0,931.0,0.0,0.0
5009,L5009_7088,60875.25,3.0,617.0,0.0,0.0
5009,L5009_7089,24822.24,6.0,335.0,1.0,7.0
5011,L5011_7090,58121.78,3.0,398.0,1.0,15.0
5011,L5011_7091,22750.62,3.0,104.0,0.0,0.0
5013,L5013_7092,24339.41,9.0,1100.0,1.0,1.0
5015,L5015_7093,84983.47,,869.0,0.0,0.0
5017,L5017_7094,44829.09,36.0,510.0,0.0,0.0
5019,L5019_7095,68723.5,9.0,198.0,,1.0
5020,L5020_7096,82517.56,12.0,157.0,0.0,0.0
5020,L5020_7097,36725.53,9.0,1099.0,0.0,0.0
5022,L5022_7098,21024.12,3.0,1350.0,0.0,0.0
5022,L5022_7099,99738.06,36.0,1230.0,1.0,60.0
5022,L5022_7100,24376.2,12.0,337.0,0.0,0.0
5022,L5022_7101,41339.58,18.0,1238.0,1.0,60.0
5022,L5022_7102,42709.94,12.0,880.0,0.0,0.0
5023,L5023_7103,25495.74,18.0,741.0,0.0,0.0
5024,L5024_7104,105856.27,36.0,486.0,1.0,15.0
5024,L5024_7105,91900.32,9.0,1213.0,0.0,0.0
5026,L5026_7106,52215.96,18.0,490.0,0.0,
5027,L5027_7107,26376.24,18.0,842.0,0.0,0.0
5027,L5027_7108,25339.91,3.0,396.0,0.0,0.0
5029,L5029_7109,33819.82,36.0,1567.0,0.0,0.0
5031,L5031_7110,50939.51,9.0,1041.0,0.0,0.0
5032,L5032_7111,41051.56,9.0,361.0,0.0,0.0
5032,L5032_7112,24003.04,18.0,1550.0,0.0,0.0
5032,L5032_7113,78601.24,9.0,323.0,1.0,3.0
5033,L5033_7114,,6.0,1168.0,0.0,0.0
5033,L5033_7115,38670.12,3.0,173.0,0.0,0.0
5034,L5034_7116,28221.44,36.0,70.0,0.0,0.0
5034,L5034_7117,26459.63,12.0,1543.0,0.0,0.0
5034,L5034_7118,58558.63,3.0,1579.0,0.0,0.0
5036,L5036_7119,45888.33,6.0,300.0,0.0,0.0
5036,L5036_7120,26229.75,18.0,1340.0,1.0,7.0
5037,L5037_7121,115757.43,3.0,1413.0,0.0,0.0
5037,L5037_7122,34073.45,3.0,846.0,0.0,0.0
5038,L5038_7123,31006.3,9.0,1021.0,1.0,15.0
5039,L5039_7124,79796.92,24.0,529.0,0.0,0.0
5039,L5039_7125,60165.13,9.0,1182.0,1.0,3.0
5039,L5039_7126,38137.85,18.0,83.0,1.0,30.0
5040,L5040_7127,35400.3,3.0,1596.0,0.0,0.0
5042,L5042_7128,73055.55,9.0,1224.0,1.0,3.0
5043,L5043_7129,91745.96,9.0,1350.0,0.0,0.0
5043,L5043_7130,,24.0,109.0,1.0,15.0
5044,L5044_7131,55242.88,9.0,638.0,0.0,0.0
5048,L5048_7132,95827.48,6.0,1250.0,0.0,0.0
5048,L5048_7133,30957.87,6.0,86.0,0.0,0.0
5048,L5048_7134,126998.19,12.0,1430.0,0.0,0.0
5048,L5048_7135,33000.42,12.0,1264.0,0.0,
5049,L5049_7136,27060.3,18.0,228.0,0.0,0.0
5050,L5050_7137,38897.37,24.0,1544.0,0.0,0.0
5051,L5051_7138,64597.78,24.0,1529.0,0.0,0.0
5051,L5051_7139,60424.18,36.0,820.0,0.0,0.0
5051,L5051_7140,67376.17,24.0,1091.0,1.0,7.0
5051,L5051_7141,63805.66,6.0,1420.0,1.0,3.0
5051,L5051_7142,125503.94,24.0,262.0,0.0,0.0
5053,L5053_7143,68234.3,36.0,702.0,1.0,15.0
5054,L5054_7144,83855.94,9.0,60.0,0.0,0.0
5055,L5055_7145,33302.43,12.0,744.0,0.0,0.0
5056,L5056_7146,52210.43,3.0,1555.0,1.0,3.0
5057,L5057_7147,48033.33,3.0,998.0,0.0,0.0
5059,L5059_7148,19496.39,24.0,669.0,0.0,0.0
5059,L5059_7149,25799.72,6.0,213.0,0.0,0.0
5061,L5061_7150,23059.36,9.0,1425.0,0.0,0.0
5061,L5061_7151,78270.46,36.0,438.0,0.0,0.0
5061,L5061_7152,71427.82,36.0,143.0,0.0,0.0
5062,L5062_7153,84973.26,12.0,559.0,1.0,60.0
5063,L5063_7154,34751.42,6.0,943.0,0.0,0.0
5064,L5064_7155,99018.01,24.0,1104.0,1.0,15.0
5064,L5064_7156,21031.53,18.0,576.0,0.0,0.0
5066,L5066_7157,58471.13,36.0,626.0,0.0,0.0
5066,L5066_7158,44000.06,9.0,985.0,0.0,
5066,L5066_7159,27042.71,24.0,446.0,0.0,0.0
5067,L5067_7160,35547.96,3.0,450.0,0.0,0.0
5070,L5070_7161,59090.4,6.0,1087.0,1.0,30.0
5072,L5072_7162,63173.49,18.0,1541.0,0.0,0.0
5073,L5073_7163,34964.08,36.0,1384.0,0.0,0.0
5073,L5073_7164,71032.17,24.0,1205.0,0.0,0.0
5074,L5074_7165,92169.56,6.0,1146.0,0.0,0.0
5074,L5074_7166,45537.0,24.0,41.0,0.0,0.0
5075,L5075_7167,41160.35,6.0,462.0,0.0,0.0
5076,L5076_7168,131536.79,12.0,974.0,0.0,0.0
5076,L5076_7169,72688.94,36.0,171.0,1.0,15.0
5076,L5076_7170,57359.47,9.0,937.0,0.0,0.0
5079,L5079_7171,36936.42,6.0,1085.0,0.0,0.0
5079,L5079_7172,64479.27,3.0,586.0,0.0,0.0
5079,L5079_7173,38609.68,3.0,80.0,0.0,0.0
5080,L5080_7174,,,671.0,0.0,0.0
5080,L5080_7175,90701.92,3.0,257.0,0.0,0.0
5081,L5081_7176,26984.23,24.0,466.0,0.0,0.0
5081,L5081_7177,24225.73,6.0,455.0,0.0,0.0
5083,L5083_7178,29347.51,9.0,197.0,0.0,0.0
5083,L5083_7179,87189.6,9.0,834.0,0.0,0.0
5084,L5084_7180,46036.54,3.0,,0.0,0.0
5084,L5084_7181,26753.14,,119.0,0.0,0.0
5085,L5085_7182,56732.22,6.0,,1.0,7.0
5085,L5085_7183,33470.41,36.0,140.0,0.0,0.0
5085,L5085_7184,48682.12,12.0,347.0,1.0,30.0
5086,L5086_7185,100293.36,36.0,1027.0,0.0,0.0
5088,L5088_7186,,6.0,1398.0,0.0,0.0
5091,L5091_7187,43245.65,6.0,1037.0,1.0,1.0
5091,L5091_7188,17027.23,24.0,452.0,0.0,0.0
5092,L5092_7189,71397.8,9.0,886.0,0.0,0.0
5092,L5092_7190,18779.78,36.0,636.0,0.0,0.0
5093,L5093_7191,56934.06,9.0,154.0,0.0,0.0
5093,L5093_7192,62951.96,9.0,185.0,0.0,0.0
5094,L5094_7193,61642.83,36.0,1391.0,0.0,0.0
5094,L5094_7194,53107.14,9.0,1453.0,0.0,0.0
5097,L5097_7195,46924.83,36.0,1239.0,1.0,30.0
5098,L5098_7196,43977.93,12.0,1413.0,0.0,0.0
5098,L5098_7197,50193.05,9.0,1437.0,1.0,90.0
5100,L5100_7198,83799.97,6.0,834.0,1.0,15.0
5100,L5100_7199,77156.2,36.0,1256.0,0.0,0.0
5100,L5100_7200,41252.74,3.0,544.0,0.0,0.0
5101,L5101_7201,50732.58,24.0,999.0,0.0,0.0
5102,L5102_7202,47427.05,9.0,625.0,0.0,0.0
5104,L5104_7203,71848.69,9.0,259.0,0.0,
5105,L5105_7204,78785.64,9.0,209.0,1.0,7.0
5105,L5105_7205,110874.95,,784.0,0.0,0.0
5106,L5106_7206,45769.04,36.0,1437.0,0.0,0.0
5106,L5106_7207,61947.82,12.0,180.0,0.0,0.0
5107,L5107_7208,45083.91,3.0,1558.0,0.0,0.0
5108,L5108_7209,121093.1,36.0,1232.0,0.0,0.0
5108,L5108_7210,106438.8,,358.0,,0.0
5109,L5109_7211,43939.55,36.0,,0.0,0.0
5109,L5109_7212,53691.72,,389.0,1.0,3.0
5110,L5110_7213,125950.27,3.0,893.0,0.0,0.0
5110,L5110_7214,60439.36,36.0,1465.0,0.0,0.0
5112,L5112_7215,80343.19,36.0,272.0,0.0,0.0
5112,L5112_7216,37840.5,18.0,1389.0,1.0,7.0
5113,L5113_7217,38623.56,,1255.0,0.0,0.0
5113,L5113_7218,74602.47,18.0,,1.0,15.0
5114,L5114_7219,28251.89,18.0,80.0,0.0,0.0
5115,L5115_7220,43451.7,3.0,207.0,0.0,0.0
5116,L5116_7221,78153.69,36.0,867.0,1.0,7.0
5116,L5116_7222,41290.88,24.0,1539.0,0.0,0.0
5116,L5116_7223,161991.74,,1306.0,0.0,0.0
5120,L5120_7224,36111.72,9.0,300.0,1.0,3.0
5121,L5121_7225,30889.61,12.0,488.0,0.0,0.0
5122,L5122_7226,18029.03,18.0,845.0,0.0,0.0
5124,L5124_7227,72836.12,24.0,,0.0,0.0
5124,L5124_7228,61281.34,9.0,82.0,0.0,0.0
5124,L5124_7229,59508.82,36.0,1081.0,0.0,0.0
5125,L5125_7230,59252.32,12.0,1459.0,0.0,0.0
5125,L5125_7231,51337.16,,965.0,0.0,0.0
5125,L5125_7232,81604.56,18.0,1138.0,0.0,0.0
5125,L5125_7233,71557.62,,1278.0,0.0,0.0
5127,L5127_7234,72208.38,,694.0,0.0,0.0
5127,L5127_7235,35324.8,12.0,115.0,,0.0
5127,L5127_7236,36894.43,,127.0,0.0,0.0
5128,L5128_7237,56821.86,24.0,1307.0,0.0,0.0
5128,L5128_7238,78124.23,18.0,589.0,0.0,0.0
5128,L5128_7239,54966.44,3.0,110.0,0.0,0.0
5128,L5128_7240,62227.71,24.0,24.0,1.0,15.0
5129,L5129_7241,,36.0,178.0,0.0,0.0
5129,L5129_7242,61590.55,12.0,1593.0,0.0,0.0
5129,L5129_7243,,3.0,351.0,1.0,60.0
5130,L5130_7244,25698.32,36.0,360.0,0.0,0.0
5131,L5131_7245,30775.67,,1082.0,0.0,0.0
5131,L5131_7246,22454.28,9.0,1294.0,1.0,15.0
5132,L5132_7247,95252.99,6.0,97.0,0.0,0.0
5133,L5133_7248,85529.6,24.0,167.0,0.0,0.0
5133,L5133_7249,56253.41,,937.0,0.0,0.0
5134,L5134_7250,36977.12,3.0,129.0,0.0,0.0
5135,L5135_7251,80163.56,36.0,882.0,0.0,0.0
5137,L5137_7252,53103.67,3.0,1073.0,1.0,7.0
5138,L5138_7253,31259.1,36.0,514.0,0.0,0.0
5139,L5139_7254,39523.32,9.0,1118.0,1.0,3.0
5139,L5139_7255,36674.66,3.0,831.0,0.0,0.0
5139,L5139_7256,54379.11,36.0,1387.0,0.0,0.0
5139,L5139_7257,73583.25,24.0,1440.0,0.0,0.0
5141,L5141_7258,35084.69,6.0,672.0,0.0,0.0
5142,L5142_7259,88631.76,,232.0,0.0,0.0
5142,L5142_7260,32463.67,36.0,823.0,0.0,0.0
5144,L5144_7261,69900.24,18.0,156.0,0.0,0.0
5144,L5144_7262,49185.18,9.0,1486.0,0.0,0.0
5145,L5145_7263,35440.65,12.0,469.0,,1.0
5146,L5146_7264,24047.33,6.0,729.0,0.0,0.0
5147,L5147_7265,68764.08,9.0,675.0,0.0,0.0
5147,L5147_7266,46841.21,12.0,210.0,0.0,0.0
5147,L5147_7267,74691.87,18.0,1158.0,1.0,30.0
5148,L5148_7268,104079.51,9.0,1482.0,0.0,0.0
5149,L5149_7269,63083.53,6.0,754.0,0.0,0.0
5149,L5149_7270,32170.41,18.0,1134.0,0.0,0.0
5151,L5151_7271,46394.72,12.0,593.0,1.0,30.0
5151,L5151_7272,71572.14,6.0,230.0,0.0,0.0
5152,L5152_7273,50310.86,9.0,536.0,0.0,0.0
5152,L5152_7274,65572.14,9.0,724.0,0.0,
5152,L5152_7275,51979.4,18.0,242.0,0.0,0.0
5153,L5153_7276,38256.79,6.0,519.0,0.0,0.0
5153,L5153_7277,96983.2,36.0,1166.0,0.0,0.0
5154,L5154_7278,43535.31,6.0,844.0,0.0,0.0
5154,L5154_7279,31309.1,3.0,45.0,1.0,7.0
5154,L5154_7280,113894.54,12.0,1310.0,0.0,0.0
5155,L5155_7281,51814.44,6.0,803.0,1.0,3.0
5160,L5160_7282,82059.2,24.0,121.0,0.0,0.0
5160,L5160_7283,25719.5,18.0,395.0,1.0,60.0
5161,L5161_7284,59635.28,18.0,541.0,0.0,0.0
5161,L5161_7285,65146.12,18.0,1340.0,0.0,0.0
5161,L5161_7286,73413.32,6.0,1094.0,0.0,0.0
5162,L5162_7287,105706.64,9.0,85.0,1.0,7.0
5163,L5163_7288,20026.25,36.0,1161.0,1.0,30.0
5163,L5163_7289,22497.12,18.0,1238.0,0.0,0.0
5164,L5164_7290,62724.67,6.0,539.0,0.0,0.0
5165,L5165_7291,64980.77,24.0,1198.0,0.0,0.0
5165,L5165_7292,49785.4,,1224.0,0.0,0.0
5165,L5165_7293,36588.57,18.0,482.0,0.0,0.0
5167,L5167_7294,22920.04,24.0,1271.0,1.0,15.0
5168,L5168_7295,35469.11,36.0,1034.0,0.0,0.0
5168,L5168_7296,26200.88,18.0,907.0,0.0,0.0
5168,L5168_7297,72891.25,36.0,1148.0,0.0,0.0
5173,L5173_7298,22051.47,36.0,1328.0,0.0,0.0
5173,L5173_7299,32276.39,12.0,1023.0,0.0,0.0
5174,L5174_7300,27730.94,36.0,1089.0,0.0,0.0
5174,L5174_7301,26079.67,18.0,144.0,0.0,0.0
5175,L5175_7302,64500.47,36.0,1228.0,0.0,0.0
5175,L5175_7303,106335.79,24.0,595.0,1.0,3.0
5176,L5176_7304,,24.0,666.0,0.0,0.0
5176,L5176_7305,116083.78,3.0,473.0,0.0,0.0
5176,L5176_7306,81587.05,,719.0,0.0,0.0
5178,L5178_7307,68368.99,24.0,1522.0,0.0,0.0
5178,L5178_7308,113502.13,9.0,772.0,0.0,0.0
5178,L5178_7309,23462.1,18.0,687.0,1.0,30.0
5179,L5179_7310,51694.14,9.0,1206.0,0.0,0.0
5181,L5181_7311,14966.13,18.0,1559.0,0.0,0.0
5181,L5181_7312,16664.64,3.0,970.0,0.0,0.0
5182,L5182_7313,50909.78,12.0,742.0,0.0,0.0
5183,L5183_7314,44655.04,9.0,330.0,0.0,0.0
5183,L5183_7315,27402.84,18.0,911.0,1.0,7.0
5184,L5184_7316,50501.63,9.0,538.0,0.0,0.0
5184,L5184_7317,31256.58,12.0,681.0,1.0,1.0
5184,L5184_7318,40584.1,3.0,1258.0,,0.0
5185,L5185_7319,,,782.0,0.0,0.0
5185,L5185_7320,66720.0,3.0,808.0,0.0,0.0
5186,L5186_7321,27674.88,24.0,475.0,0.0,0.0
5187,L5187_7322,72979.44,3.0,1116.0,0.0,0.0
5187,L5187_7323,25590.02,12.0,151.0,0.0,0.0
5189,L5189_7324,116116.3,9.0,200.0,1.0,3.0
5189,L5189_7325,60283.9,3.0,883.0,0.0,0.0
5191,L5191_7326,44666.76,18.0,825.0,0.0,0.0
5192,L5192_7327,37522.94,18.0,1368.0,0.0,0.0
5194,L5194_7328,17212.84,12.0,1591.0,0.0,0.0
5194,L5194_7329,,3.0,1049.0,0.0,0.0
5195,L5195_7330,67848.54,3.0,233.0,0.0,0.0
5195,L5195_7331,96204.64,,387.0,0.0,0.0
5195,L5195_7332,58392.04,12.0,1463.0,0.0,0.0
5196,L5196_7333,42748.0,,266.0,0.0,0.0
5196,L5196_7334,146635.78,9.0,1388.0,1.0,1.0
5197,L5197_7335,65332.12,3.0,1249.0,0.0,0.0
5198,L5198_7336,41405.6,24.0,318.0,1.0,3.0
5198,L5198_7337,26781.72,24.0,1357.0,0.0,0.0
5198,L5198_7338,81352.46,6.0,501.0,0.0,0.0
5199,L5199_7339,56932.04,3.0,898.0,0.0,0.0
5200,L5200_7340,54311.77,18.0,770.0,0.0,0.0
5200,L5200_7341,76445.34,24.0,437.0,0.0,0.0
5201,L5201_7342,128327.68,9.0,347.0,0.0,
5201,L5201_7343,56879.56,3.0,34.0,0.0,0.0
5202,L5202_7344,17376.01,24.0,1022.0,1.0,60.0
5202,L5202_7345,85346.15,12.0,732.0,1.0,15.0
5202,L5202_7346,44932.41,18.0,1251.0,1.0,3.0
5203,L5203_7347,50490.1,12.0,1326.0,0.0,0.0
5205,L5205_7348,57691.25,18.0,107.0,0.0,0.0
5205,L5205_7349,60677.21,6.0,480.0,1.0,30.0
5206,L5206_7350,45298.01,18.0,1595.0,1.0,3.0
5207,L5207_7351,37048.72,24.0,1565.0,0.0,0.0
5207,L5207_7352,51539.63,36.0,525.0,0.0,0.0
5207,L5207_7353,18855.85,36.0,566.0,0.0,0.0
5208,L5208_7354,42002.31,24.0,920.0,0.0,0.0
5209,L5209_7355,38849.79,18.0,1122.0,0.0,0.0
5209,L5209_7356,47437.49,36.0,1511.0,1.0,7.0
5210,L5210_7357,42888.31,36.0,1046.0,0.0,0.0
5212,L5212_7358,,6.0,1417.0,0.0,0.0
5212,L5212_7359,30261.38,36.0,494.0,0.0,0.0
5213,L5213_7360,67552.82,3.0,463.0,0.0,0.0
5214,L5214_7361,33740.98,18.0,401.0,0.0,0.0
5215,L5215_7362,63631.68,18.0,1405.0,0.0,0.0
5215,L5215_7363,23676.98,24.0,581.0,0.0,0.0
5215,L5215_7364,79350.36,36.0,392.0,0.0,0.0
5217,L5217_7365,27941.71,3.0,1251.0,0.0,0.0
5218,L5218_7366,36621.66,9.0,790.0,0.0,0.0
5219,L5219_7367,46355.16,36.0,939.0,0.0,0.0
5220,L5220_7368,69262.51,36.0,1399.0,0.0,0.0
5220,L5220_7369,95255.8,9.0,202.0,0.0,0.0
5222,L5222_7370,67462.28,9.0,1315.0,0.0,0.0
5223,L5223_7371,41346.25,18.0,1480.0,0.0,0.0
5223,L5223_7372,50327.76,24.0,318.0,1.0,3.0
5223,L5223_7373,47907.44,6.0,64.0,0.0,0.0
5224,L5224_7374,44648.38,12.0,758.0,1.0,15.0
5225,L5225_7375,30280.45,3.0,1592.0,0.0,0.0
5226,L5226_7376,48616.5,12.0,623.0,1.0,1.0
5226,L5226_7377,33165.18,9.0,1434.0,0.0,0.0
5227,L5227_7378,53891.68,24.0,271.0,1.0,7.0
5228,L5228_7379,56562.02,12.0,717.0,0.0,0.0
5229,L5229_7380,68317.28,6.0,389.0,1.0,30.0
5230,L5230_7381,55879.55,3.0,1265.0,0.0,0.0
5231,L5231_7382,128089.34,3.0,605.0,0.0,0.0
5232,L5232_7383,55177.34,12.0,1216.0,0.0,0.0
5232,L5232_7384,39199.64,6.0,1331.0,0.0,0.0
5232,L5232_7385,52343.04,3.0,1351.0,1.0,7.0
5234,L5234_7386,28364.92,3.0,1588.0,1.0,15.0
5235,L5235_7387,22673.62,3.0,535.0,0.0,0.0
5236,L5236_7388,14147.64,24.0,1430.0,0.0,0.0
5236,L5236_7389,59533.35,3.0,217.0,1.0,30.0
5236,L5236_7390,95146.51,18.0,446.0,0.0,0.0
5237,L5237_7391,49244.99,6.0,182.0,1.0,1.0
5238,L5238_7392,60559.39,9.0,1398.0,0.0,0.0
5239,L5239_7393,12683.48,9.0,647.0,0.0,0.0
5241,L5241_7394,43363.98,24.0,,0.0,0.0
5241,L5241_7395,59291.91,3.0,972.0,0.0,0.0
5242,L5242_7396,62543.74,9.0,1474.0,1.0,1.0
5244,L5244_7397,74060.1,18.0,1327.0,0.0,0.0
5245,L5245_7398,51542.34,18.0,1139.0,0.0,0.0
5245,L5245_7399,67108.32,,545.0,0.0,0.0
5245,L5245_7400,64334.95,12.0,306.0,0.0,0.0
5245,L5245_7401,59105.19,9.0,453.0,0.0,0.0
5245,L5245_7402,125891.57,24.0,429.0,1.0,15.0
5247,L5247_7403,86842.96,6.0,878.0,0.0,0.0
5247,L5247_7404,26556.17,24.0,467.0,1.0,3.0
5247,L5247_7405,30866.77,6.0,369.0,0.0,0.0
5247,L5247_7406,108597.26,3.0,996.0,0.0,0.0
5248,L5248_7407,73570.78,,441.0,1.0,3.0
5248,L5248_7408,76093.79,24.0,979.0,0.0,0.0
5248,L5248_7409,20987.2,18.0,75.0,,0.0
5248,L5248_7410,21488.71,,264.0,1.0,3.0
5252,L5252_7411,55654.75,18.0,1150.0,1.0,3.0
5253,L5253_7412,33004.67,6.0,1398.0,0.0,0.0
5255,L5255_7413,23224.75,18.0,1382.0,0.0,0.0
5256,L5256_7414,20341.89,24.0,183.0,0.0,0.0
5257,L5257_7415,32709.95,9.0,1425.0,0.0,0.0
5257,L5257_7416,34645.59,24.0,1465.0,0.0,0.0
5257,L5257_7417,54834.92,9.0,,0.0,0.0
5258,L5258_7418,35773.4,36.0,1154.0,1.0,7.0
5258,L5258_7419,73625.06,12.0,1213.0,0.0,0.0
5258,L5258_7420,51920.55,6.0,1199.0,0.0,0.0
5259,L5259_7421,36414.94,36.0,429.0,0.0,0.0
5260,L5260_7422,72472.61,3.0,355.0,,7.0
5260,L5260_7423,47507.32,24.0,489.0,0.0,0.0
5260,L5260_7424,71047.05,12.0,1510.0,0.0,0.0
5260,L5260_7425,30922.16,3.0,256.0,1.0,30.0
5260,L5260_7426,188977.94,3.0,985.0,0.0,0.0
5261,L5261_7427,45853.93,24.0,974.0,0.0,0.0
5262,L5262_7428,37053.76,24.0,552.0,0.0,0.0
5262,L5262_7429,18857.15,9.0,194.0,0.0,0.0
5264,L5264_7430,51204.27,9.0,1336.0,0.0,0.0
5264,L5264_7431,23252.91,,899.0,0.0,0.0
5265,L5265_7432,128303.08,12.0,830.0,0.0,0.0
5265,L5265_7433,42351.68,6.0,747.0,0.0,0.0
5265,L5265_7434,141206.77,24.0,697.0,1.0,60.0
5266,L5266_7435,28136.03,6.0,56.0,0.0,0.0
5267,L5267_7436,57376.52,3.0,,0.0,0.0
5267,L5267_7437,90118.66,24.0,1019.0,,3.0
5268,L5268_7438,82909.1,9.0,792.0,0.0,0.0
5269,L5269_7439,45862.23,12.0,1568.0,0.0,0.0
5269,L5269_7440,39789.33,3.0,1378.0,0.0,0.0
5270,L5270_7441,74493.24,9.0,365.0,0.0,0.0
5270,L5270_7442,8667.72,6.0,1596.0,0.0,0.0
5271,L5271_7443,69099.71,18.0,135.0,0.0,0.0
5271,L5271_7444,58414.69,12.0,807.0,1.0,30.0
5271,L5271_7445,81510.67,24.0,,0.0,0.0
5272,L5272_7446,62579.16,12.0,1027.0,0.0,0.0
5273,L5273_7447,43505.69,3.0,897.0,0.0,0.0
5273,L5273_7448,34420.74,24.0,981.0,0.0,0.0
5274,L5274_7449,81431.99,,648.0,0.0,0.0
5274,L5274_7450,100710.39,6.0,932.0,0.0,0.0
5275,L5275_7451,79570.9,12.0,712.0,1.0,15.0
5275,L5275_7452,72442.26,3.0,50.0,0.0,0.0
5276,L5276_7453,20209.55,9.0,1003.0,0.0,0.0
5277,L5277_7454,41382.11,6.0,652.0,0.0,0.0
5277,L5277_7455,22940.88,12.0,1509.0,0.0,0.0
5277,L5277_7456,65879.36,36.0,324.0,0.0,0.0
5279,L5279_7457,49386.43,6.0,167.0,0.0,0.0
5279,L5279_7458,42568.84,3.0,87.0,0.0,0.0
5280,L5280_7459,54476.69,18.0,1259.0,0.0,0.0
5280,L5280_7460,64022.91,36.0,1526.0,0.0,0.0
5281,L5281_7461,46756.51,24.0,20.0,0.0,0.0
5281,L5281_7462,41510.21,12.0,,0.0,0.0
5281,L5281_7463,45161.6,3.0,307.0,0.0,0.0
5282,L5282_7464,23570.48,24.0,965.0,0.0,0.0
5283,L5283_7465,148922.56,6.0,1280.0,0.0,0.0
5285,L5285_7466,90707.0,36.0,1305.0,1.0,3.0
5285,L5285_7467,68579.27,6.0,1366.0,1.0,3.0
5285,L5285_7468,37684.97,12.0,629.0,0.0,0.0
5286,L5286_7469,78862.99,24.0,806.0,0.0,0.0
5287,L5287_7470,34836.89,3.0,83.0,0.0,0.0
5287,L5287_7471,45322.25,24.0,407.0,0.0,0.0
5287,L5287_7472,27496.14,3.0,646.0,0.0,0.0
5288,L5288_7473,96680.69,3.0,1510.0,1.0,7.0
5288,L5288_7474,17959.03,12.0,1363.0,1.0,7.0
5290,L5290_7475,31762.32,36.0,310.0,0.0,0.0
5290,L5290_7476,77183.4,24.0,1076.0,1.0,1.0
5291,L5291_7477,49480.6,,1525.0,1.0,3.0
5291,L5291_7478,57773.01,12.0,22.0,1.0,1.0
5291,L5291_7479,36928.7,3.0,1038.0,0.0,0.0
5292,L5292_7480,51241.68,24.0,699.0,0.0,0.0
5293,L5293_7481,47286.75,9.0,990.0,0.0,0.0
5293,L5293_7482,60074.66,9.0,628.0,0.0,0.0
5293,L5293_7483,39175.44,24.0,,0.0,0.0
5295,L5295_7484,34469.74,24.0,1362.0,1.0,30.0
5295,L5295_7485,15465.75,18.0,1270.0,0.0,0.0
5296,L5296_7486,23591.34,24.0,1250.0,0.0,0.0
5298,L5298_7487,54500.62,3.0,308.0,0.0,0.0
5298,L5298_7488,193260.02,,695.0,0.0,0.0
5299,L5299_7489,112422.95,18.0,488.0,1.0,30.0
5299,L5299_7490,15811.75,36.0,,0.0,0.0
5300,L5300_7491,112437.33,9.0,933.0,0.0,0.0
5301,L5301_7492,21993.27,36.0,1430.0,0.0,0.0
5301,L5301_7493,33060.31,24.0,330.0,0.0,0.0
5303,L5303_7494,96215.52,12.0,629.0,0.0,0.0
5304,L5304_7495,49109.17,24.0,57.0,0.0,0.0
5304,L5304_7496,79589.84,24.0,1027.0,1.0,30.0
5305,L5305_7497,46661.6,12.0,,0.0,0.0
5306,L5306_7498,98608.08,6.0,23.0,1.0,60.0
5306,L5306_7499,35424.97,12.0,39.0,1.0,15.0
5307,L5307_7500,100284.42,18.0,1075.0,0.0,0.0
5307,L5307_7501,59386.45,,1557.0,0.0,0.0
5307,L5307_7502,50403.74,12.0,509.0,1.0,30.0
5308,L5308_7503,20469.83,3.0,1317.0,0.0,0.0
5309,L5309_7504,31555.49,36.0,1316.0,0.0,0.0
5309,L5309_7505,78598.29,,86.0,0.0,0.0
5309,L5309_7506,33133.7,6.0,144.0,0.0,0.0
5310,L5310_7507,104680.95,9.0,264.0,0.0,0.0
5310,L5310_7508,36705.69,24.0,99.0,1.0,1.0
5310,L5310_7509,41988.95,3.0,105.0,0.0,0.0
5311,L5311_7510,77641.05,18.0,231.0,0.0,0.0
5311,L5311_7511,54884.13,18.0,340.0,1.0,90.0
5314,L5314_7512,63935.75,36.0,1518.0,1.0,7.0
5316,L5316_7513,39255.07,3.0,178.0,0.0,0.0
5316,L5316_7514,52700.64,3.0,1234.0,0.0,0.0
5316,L5316_7515,39143.94,12.0,716.0,0.0,0.0
5317,L5317_7516,49290.24,36.0,632.0,1.0,30.0
5317,L5317_7517,63101.77,24.0,1325.0,1.0,30.0
5317,L5317_7518,36767.63,36.0,988.0,0.0,0.0
5318,L5318_7519,109273.15,36.0,,1.0,3.0
5318,L5318_7520,59226.97,6.0,1300.0,0.0,0.0
5318,L5318_7521,96115.67,24.0,1347.0,0.0,0.0
5319,L5319_7522,68904.34,36.0,797.0,0.0,0.0
5319,L5319_7523,140602.43,18.0,1582.0,1.0,3.0
5320,L5320_7524,153514.62,24.0,55.0,0.0,0.0
5321,L5321_7525,20864.29,18.0,25.0,0.0,
5322,L5322_7526,146645.13,9.0,256.0,0.0,0.0
5322,L5322_7527,30609.57,12.0,1042.0,0.0,0.0
5323,L5323_7528,28871.71,12.0,779.0,0.0,0.0
5323,L5323_7529,31993.19,9.0,859.0,,0.0
5323,L5323_7530,37557.07,36.0,360.0,1.0,7.0
5325,L5325_7531,55650.37,3.0,568.0,0.0,0.0
5325,L5325_7532,40028.78,6.0,1145.0,0.0,0.0
5327,L5327_7533,33467.3,9.0,273.0,0.0,0.0
5328,L5328_7534,71286.46,36.0,291.0,0.0,0.0
5329,L5329_7535,61782.82,6.0,1337.0,0.0,0.0
5329,L5329_7536,17677.14,9.0,,0.0,0.0
5331,L5331_7537,39376.44,24.0,1401.0,0.0,0.0
5331,L5331_7538,85923.95,36.0,527.0,0.0,0.0
5331,L5331_7539,,18.0,1519.0,0.0,0.0
5333,L5333_7540,21647.03,36.0,1165.0,0.0,0.0
5334,L5334_7541,103209.27,3.0,55.0,0.0,0.0
5335,L5335_7542,75885.24,6.0,1524.0,0.0,0.0
5336,L5336_7543,36562.2,12.0,1592.0,0.0,0.0
5336,L5336_7544,26217.18,12.0,216.0,1.0,7.0
5336,L5336_7545,77390.84,9.0,1394.0,0.0,0.0
5337,L5337_7546,50132.09,12.0,738.0,0.0,0.0
5339,L5339_7547,46072.89,3.0,665.0,0.0,0.0
5339,L5339_7548,22378.61,9.0,607.0,0.0,
5339,L5339_7549,35319.62,12.0,1212.0,0.0,0.0
5343,L5343_7550,32476.98,18.0,1584.0,1.0,7.0
5343,L5343_7551,52598.22,3.0,,1.0,30.0
5346,L5346_7552,70141.8,36.0,1151.0,0.0,0.0
5348,L5348_7553,22971.71,9.0,1473.0,0.0,0.0
5348,L5348_7554,68921.76,12.0,1156.0,1.0,1.0
5348,L5348_7555,129542.23,3.0,546.0,0.0,0.0
5349,L5349_7556,86860.34,18.0,933.0,0.0,0.0
5349,L5349_7557,22003.58,,1001.0,0.0,0.0
5350,L5350_7558,61314.77,18.0,651.0,0.0,0.0
5350,L5350_7559,85149.09,18.0,969.0,0.0,0.0
5352,L5352_7560,32233.9,12.0,1417.0,0.0,0.0
5352,L5352_7561,48706.4,,742.0,0.0,0.0
5353,L5353_7562,65480.23,12.0,663.0,1.0,30.0
5354,L5354_7563,36125.63,24.0,640.0,0.0,0.0
5354,L5354_7564,16404.94,12.0,1536.0,0.0,0.0
5354,L5354_7565,68832.97,9.0,1006.0,0.0,0.0
5357,L5357_7566,184695.8,3.0,585.0,0.0,0.0
5357,L5357_7567,83070.07,9.0,1150.0,1.0,1.0
5358,L5358_7568,58342.2,24.0,1166.0,0.0,0.0
5361,L5361_7569,182246.52,24.0,149.0,0.0,0.0
5362,L5362_7570,33730.06,24.0,959.0,0.0,0.0
5362,L5362_7571,71127.42,3.0,1519.0,0.0,0.0
5363,L5363_7572,43988.35,24.0,776.0,0.0,0.0
5363,L5363_7573,71343.5,12.0,779.0,0.0,0.0
5365,L5365_7574,57980.18,12.0,364.0,1.0,7.0
5365,L5365_7575,21145.49,3.0,637.0,1.0,3.0
5365,L5365_7576,28840.77,36.0,1166.0,0.0,0.0
5367,L5367_7577,51603.82,24.0,1090.0,0.0,0.0
5367,L5367_7578,36769.4,24.0,435.0,0.0,0.0
5367,L5367_7579,26931.44,9.0,1252.0,0.0,0.0
5367,L5367_7580,67624.92,9.0,887.0,1.0,30.0
5367,L5367_7581,71608.28,24.0,1369.0,1.0,30.0
5368,L5368_7582,73324.89,3.0,1292.0,0.0,0.0
5370,L5370_7583,,24.0,1481.0,0.0,0.0
5372,L5372_7584,93667.32,6.0,661.0,0.0,0.0
5374,L5374_7585,23964.45,6.0,1381.0,0.0,
5374,L5374_7586,18856.76,36.0,1389.0,0.0,0.0
5376,L5376_7587,44339.46,9.0,1183.0,0.0,0.0
5376,L5376_7588,93738.89,24.0,1213.0,1.0,15.0
5376,L5376_7589,75532.16,18.0,997.0,0.0,0.0
5377,L5377_7590,39315.47,24.0,532.0,0.0,0.0
5378,L5378_7591,131377.4,3.0,186.0,0.0,0.0
5379,L5379_7592,34591.04,24.0,143.0,0.0,0.0
5380,L5380_7593,40608.36,9.0,808.0,0.0,0.0
5380,L5380_7594,32785.6,9.0,1268.0,0.0,0.0
5384,L5384_7595,41964.09,24.0,1304.0,0.0,0.0
5385,L5385_7596,46300.84,3.0,500.0,0.0,0.0
5387,L5387_7597,,9.0,160.0,0.0,0.0
5388,L5388_7598,43795.73,,969.0,0.0,0.0
5388,L5388_7599,72315.42,24.0,706.0,0.0,0.0
5390,L5390_7600,67966.92,36.0,604.0,1.0,3.0
5390,L5390_7601,76682.86,,545.0,0.0,0.0
5390,L5390_7602,53243.76,3.0,1314.0,0.0,0.0
5391,L5391_7603,87935.54,36.0,1230.0,0.0,0.0
5392,L5392_7604,45895.3,,1294.0,0.0,0.0
5393,L5393_7605,53982.38,6.0,510.0,0.0,0.0
5394,L5394_7606,,12.0,1460.0,0.0,0.0
5394,L5394_7607,17413.33,18.0,874.0,1.0,1.0
5395,L5395_7608,83362.26,18.0,1284.0,1.0,30.0
5395,L5395_7609,79126.26,36.0,238.0,1.0,1.0
5397,L5397_7610,60329.29,18.0,1170.0,0.0,0.0
5398,L5398_7611,34887.9,9.0,1082.0,1.0,30.0
5399,L5399_7612,59384.69,12.0,1054.0,0.0,0.0
5399,L5399_7613,93892.19,9.0,1580.0,0.0,0.0
5401,L5401_7614,66752.63,6.0,118.0,0.0,0.0
5404,L5404_7615,71938.3,3.0,233.0,0.0,0.0
5404,L5404_7616,74660.22,18.0,1436.0,1.0,1.0
5404,L5404_7617,52726.4,3.0,1308.0,0.0,0.0
5405,L5405_7618,35823.76,3.0,191.0,0.0,0.0
5405,L5405_7619,30732.08,12.0,1266.0,1.0,3.0
5405,L5405_7620,46940.78,18.0,452.0,0.0,0.0
5406,L5406_7621,51604.68,6.0,630.0,0.0,0.0
5406,L5406_7622,27529.67,24.0,169.0,0.0,0.0
5406,L5406_7623,109824.75,6.0,174.0,1.0,30.0
5407,L5407_7624,118388.98,12.0,654.0,0.0,0.0
5409,L5409_7625,158165.98,24.0,1323.0,0.0,0.0
5411,L5411_7626,62262.01,36.0,698.0,1.0,15.0
5412,L5412_7627,28049.17,36.0,1515.0,0.0,0.0
5412,L5412_7628,64907.13,6.0,720.0,0.0,0.0
5413,L5413_7629,40028.39,18.0,1299.0,0.0,0.0
5413,L5413_7630,17091.57,36.0,336.0,0.0,0.0
5414,L5414_7631,60063.93,18.0,1020.0,1.0,7.0
5416,L5416_7632,37900.25,12.0,979.0,0.0,0.0
5417,L5417_7633,71703.25,24.0,395.0,0.0,0.0
5419,L5419_7634,74753.47,36.0,1077.0,0.0,0.0
5421,L5421_7635,74707.43,12.0,821.0,0.0,0.0
5422,L5422_7636,22640.96,18.0,1425.0,0.0,0.0
5423,L5423_7637,98368.53,,1357.0,1.0,60.0
5423,L5423_7638,37550.61,36.0,1093.0,0.0,0.0
5424,L5424_7639,44467.31,3.0,1239.0,0.0,0.0
5427,L5427_7640,15456.48,36.0,1280.0,1.0,30.0
5428,L5428_7641,56903.98,9.0,160.0,1.0,1.0
5430,L5430_7642,52742.83,36.0,467.0,0.0,0.0
5430,L5430_7643,109084.57,6.0,1520.0,0.0,0.0
5431,L5431_7644,24495.6,18.0,879.0,1.0,3.0
5433,L5433_7645,47235.41,18.0,176.0,1.0,7.0
5433,L5433_7646,53141.9,36.0,741.0,1.0,90.0
5435,L5435_7647,50731.9,36.0,1574.0,0.0,0.0
5436,L5436_7648,54580.62,24.0,611.0,0.0,0.0
5436,L5436_7649,94614.37,18.0,496.0,0.0,0.0
5437,L5437_7650,19867.87,36.0,782.0,0.0,0.0
5437,L5437_7651,115179.78,3.0,700.0,0.0,0.0
5437,L5437_7652,84899.06,9.0,626.0,0.0,0.0
5438,L5438_7653,86444.03,6.0,853.0,0.0,0.0
5438,L5438_7654,31445.79,12.0,,0.0,0.0
5438,L5438_7655,47361.46,6.0,1459.0,0.0,0.0
5441,L5441_7656,27536.04,36.0,337.0,1.0,3.0
5442,L5442_7657,46578.42,6.0,369.0,0.0,0.0
5442,L5442_7658,84831.16,12.0,1137.0,0.0,0.0
5443,L5443_7659,60340.33,6.0,638.0,0.0,0.0
5444,L5444_7660,126811.11,9.0,415.0,,0.0
5444,L5444_7661,136177.07,18.0,,0.0,0.0
5446,L5446_7662,37122.35,24.0,1098.0,0.0,0.0
5449,L5449_7663,,24.0,799.0,0.0,0.0
5452,L5452_7664,85266.34,12.0,206.0,0.0,
5452,L5452_7665,34117.38,3.0,219.0,0.0,0.0
5452,L5452_7666,56038.08,12.0,967.0,0.0,0.0
5452,L5452_7667,26976.88,9.0,283.0,1.0,1.0
5453,L5453_7668,46711.07,3.0,1188.0,0.0,0.0
5453,L5453_7669,51544.41,18.0,1513.0,0.0,0.0
5454,L5454_7670,39872.26,24.0,,,0.0
5454,L5454_7671,36088.72,9.0,1059.0,1.0,7.0
5455,L5455_7672,21984.17,12.0,104.0,0.0,0.0
5455,L5455_7673,35119.41,12.0,1091.0,0.0,0.0
5456,L5456_7674,20218.26,,,0.0,0.0
5458,L5458_7675,18387.18,3.0,1079.0,0.0,0.0
5459,L5459_7676,,12.0,830.0,0.0,0.0
5460,L5460_7677,144430.23,9.0,85.0,0.0,0.0
5460,L5460_7678,43444.27,9.0,755.0,0.0,0.0
5460,L5460_7679,77018.21,12.0,643.0,0.0,0.0
5461,L5461_7680,32505.6,18.0,1299.0,1.0,30.0
5462,L5462_7681,20410.02,,928.0,1.0,3.0
5462,L5462_7682,69272.02,12.0,140.0,1.0,7.0
5463,L5463_7683,30607.63,6.0,1296.0,0.0,0.0
5463,L5463_7684,35421.56,36.0,46.0,0.0,0.0
5463,L5463_7685,26507.54,12.0,412.0,1.0,15.0
5465,L5465_7686,63488.1,24.0,1049.0,1.0,15.0
5465,L5465_7687,27840.41,3.0,1337.0,0.0,0.0
5465,L5465_7688,33207.32,36.0,675.0,0.0,0.0
5465,L5465_7689,108849.2,24.0,,0.0,0.0
5466,L5466_7690,46061.12,6.0,442.0,0.0,0.0
5466,L5466_7691,41872.42,18.0,881.0,0.0,0.0
5467,L5467_7692,,24.0,120.0,1.0,3.0
5467,L5467_7693,33026.11,6.0,1598.0,1.0,15.0
5468,L5468_7694,27811.67,6.0,846.0,1.0,1.0
5468,L5468_7695,93927.06,12.0,130.0,0.0,0.0
5469,L5469_7696,51176.46,36.0,1291.0,0.0,0.0
5469,L5469_7697,34834.22,18.0,1445.0,0.0,0.0
5470,L5470_7698,,3.0,585.0,0.0,0.0
5470,L5470_7699,77137.35,9.0,409.0,0.0,0.0
5471,L5471_7700,135699.31,18.0,107.0,0.0,0.0
5471,L5471_7701,43459.3,18.0,1179.0,0.0,0.0
5472,L5472_7702,29753.73,3.0,951.0,0.0,0.0
5472,L5472_7703,61726.11,9.0,1380.0,0.0,0.0
5472,L5472_7704,11873.85,6.0,746.0,1.0,7.0
5473,L5473_7705,102488.13,18.0,1092.0,0.0,0.0
5473,L5473_7706,58268.81,3.0,1434.0,0.0,0.0
5473,L5473_7707,32686.71,18.0,1401.0,1.0,1.0
5473,L5473_7708,30790.04,12.0,482.0,0.0,0.0
5473,L5473_7709,30937.25,18.0,271.0,1.0,1.0
5475,L5475_7710,44780.75,6.0,895.0,1.0,15.0
5475,L5475_7711,33234.99,6.0,1146.0,0.0,0.0
5476,L5476_7712,28731.34,3.0,531.0,0.0,0.0
5476,L5476_7713,39782.98,24.0,296.0,0.0,0.0
5477,L5477_7714,40694.01,24.0,103.0,0.0,0.0
5480,L5480_7715,59423.82,18.0,1581.0,0.0,0.0
5483,L5483_7716,21036.65,36.0,1549.0,0.0,0.0
5483,L5483_7717,59783.89,36.0,,1.0,7.0
5484,L5484_7718,36378.73,12.0,102.0,1.0,3.0
5485,L5485_7719,58282.76,18.0,1005.0,1.0,3.0
5485,L5485_7720,69493.23,3.0,456.0,1.0,1.0
5486,L5486_7721,19151.98,36.0,110.0,1.0,3.0
5487,L5487_7722,53504.51,12.0,592.0,0.0,0.0
5487,L5487_7723,150488.01,,640.0,0.0,0.0
5488,L5488_7724,76484.29,12.0,111.0,0.0,0.0
5491,L5491_7725,76131.49,9.0,1448.0,1.0,30.0
5492,L5492_7726,49474.56,36.0,417.0,0.0,0.0
5492,L5492_7727,99972.38,9.0,65.0,1.0,15.0
5492,L5492_7728,45163.71,9.0,491.0,0.0,0.0
5492,L5492_7729,138659.11,3.0,36.0,0.0,0.0
5493,L5493_7730,30125.98,36.0,1305.0,0.0,0.0
5493,L5493_7731,119808.08,9.0,1407.0,0.0,0.0
5493,L5493_7732,44931.26,3.0,938.0,0.0,0.0
5494,L5494_7733,43326.37,24.0,711.0,0.0,0.0
5494,L5494_7734,34127.04,9.0,1224.0,0.0,0.0
5495,L5495_7735,109496.45,36.0,224.0,1.0,90.0
5495,L5495_7736,103819.36,18.0,490.0,1.0,15.0
5496,L5496_7737,19878.84,36.0,900.0,0.0,0.0
5496,L5496_7738,36012.62,3.0,556.0,0.0,0.0
5497,L5497_7739,38710.48,12.0,956.0,0.0,0.0
5497,L5497_7740,97611.2,12.0,646.0,0.0,0.0
5498,L5498_7741,16944.73,36.0,,0.0,0.0
5498,L5498_7742,29137.39,3.0,1440.0,0.0,0.0
5499,L5499_7743,25858.7,18.0,35.0,1.0,30.0
5501,L5501_7744,49160.28,36.0,850.0,0.0,0.0
5503,L5503_7745,38622.31,24.0,700.0,0.0,0.0
5504,L5504_7746,89361.27,6.0,,1.0,3.0
5504,L5504_7747,30265.29,24.0,1163.0,0.0,0.0
5504,L5504_7748,50307.29,12.0,977.0,0.0,0.0
5505,L5505_7749,135453.47,36.0,253.0,0.0,0.0
5506,L5506_7750,22089.76,6.0,859.0,0.0,0.0
5506,L5506_7751,60378.37,24.0,315.0,0.0,0.0
5507,L5507_7752,69415.55,36.0,1305.0,0.0,0.0
5507,L5507_7753,47967.41,3.0,1110.0,0.0,0.0
5508,L5508_7754,59487.36,24.0,410.0,0.0,0.0
5508,L5508_7755,24419.87,6.0,937.0,1.0,15.0
5508,L5508_7756,87518.8,24.0,84.0,0.0,0.0
5508,L5508_7757,83574.23,18.0,1204.0,0.0,0.0
5509,L5509_7758,67967.91,3.0,1507.0,1.0,1.0
5510,L5510_7759,24456.93,3.0,737.0,0.0,0.0
5510,L5510_7760,,12.0,196.0,0.0,0.0
5510,L5510_7761,58754.52,9.0,1171.0,0.0,0.0
5511,L5511_7762,83611.47,12.0,334.0,1.0,7.0
5511,L5511_7763,46054.63,9.0,38.0,0.0,0.0
5511,L5511_7764,81137.38,24.0,163.0,1.0,15.0
5512,L5512_7765,32532.71,3.0,398.0,0.0,0.0
5513,L5513_7766,54896.3,3.0,1463.0,0.0,0.0
5513,L5513_7767,38596.15,9.0,1345.0,0.0,0.0
5514,L5514_7768,114923.07,12.0,1398.0,0.0,0.0
5515,L5515_7769,58750.59,9.0,1111.0,0.0,0.0
5516,L5516_7770,38538.76,18.0,1039.0,0.0,
5516,L5516_7771,63610.87,6.0,1539.0,0.0,0.0
5517,L5517_7772,96996.02,6.0,,0.0,0.0
5517,L5517_7773,56437.52,18.0,904.0,1.0,90.0
5518,L5518_7774,71242.51,3.0,1188.0,0.0,0.0
5518,L5518_7775,48160.31,36.0,907.0,0.0,0.0
5520,L5520_7776,18058.31,12.0,1527.0,,0.0
5521,L5521_7777,24762.62,9.0,624.0,0.0,0.0
5522,L5522_7778,94748.04,3.0,855.0,0.0,0.0
5523,L5523_7779,15909.64,36.0,417.0,0.0,
5524,L5524_7780,36500.45,9.0,1222.0,1.0,3.0
5524,L5524_7781,27046.64,9.0,664.0,0.0,0.0
5524,L5524_7782,18540.75,6.0,1002.0,0.0,0.0
5525,L5525_7783,62804.58,6.0,872.0,0.0,0.0
5526,L5526_7784,44439.61,24.0,641.0,0.0,0.0
5526,L5526_7785,59606.7,24.0,390.0,0.0,0.0
5527,L5527_7786,61029.05,24.0,1294.0,0.0,0.0
5527,L5527_7787,33631.28,3.0,206.0,1.0,3.0
5528,L5528_7788,39498.7,24.0,1321.0,0.0,0.0
5528,L5528_7789,65358.37,3.0,1401.0,0.0,
5530,L5530_7790,35991.82,24.0,33.0,1.0,30.0
5530,L5530_7791,96915.05,3.0,861.0,0.0,0.0
5531,L5531_7792,56111.28,9.0,285.0,0.0,0.0
5532,L5532_7793,41947.31,3.0,1522.0,0.0,0.0
5532,L5532_7794,60945.63,36.0,91.0,0.0,0.0
5533,L5533_7795,60003.09,36.0,1570.0,0.0,0.0
5533,L5533_7796,80689.2,6.0,1392.0,1.0,7.0
5533,L5533_7797,109737.95,12.0,1228.0,0.0,0.0
5534,L5534_7798,77861.4,6.0,1071.0,0.0,0.0
5534,L5534_7799,29627.61,18.0,111.0,0.0,0.0
5535,L5535_7800,25771.7,24.0,1370.0,0.0,0.0
5535,L5535_7801,142523.45,9.0,1054.0,0.0,0.0
5536,L5536_7802,52936.69,36.0,64.0,0.0,0.0
5537,L5537_7803,27104.57,36.0,491.0,1.0,1.0
5537,L5537_7804,39097.13,9.0,619.0,1.0,15.0
5538,L5538_7805,172573.09,3.0,1203.0,0.0,0.0
5538,L5538_7806,57627.87,3.0,495.0,0.0,0.0
5538,L5538_7807,46052.39,24.0,465.0,0.0,0.0
5540,L5540_7808,43057.53,24.0,,1.0,15.0
5540,L5540_7809,34571.98,36.0,100.0,0.0,0.0
5542,L5542_7810,,6.0,526.0,0.0,0.0
5543,L5543_7811,33365.3,18.0,1491.0,0.0,0.0
5544,L5544_7812,69223.59,24.0,1455.0,0.0,0.0
5545,L5545_7813,62649.72,18.0,171.0,0.0,0.0
5545,L5545_7814,28609.33,12.0,1555.0,,0.0
5545,L5545_7815,60648.37,12.0,417.0,0.0,0.0
5546,L5546_7816,58886.19,9.0,90.0,1.0,3.0
5546,L5546_7817,22681.44,12.0,214.0,1.0,7.0
5547,L5547_7818,131491.19,,302.0,0.0,
5547,L5547_7819,53286.64,36.0,,0.0,0.0
5547,L5547_7820,136888.22,9.0,,0.0,0.0
5547,L5547_7821,47723.36,9.0,1093.0,0.0,0.0
5549,L5549_7822,,18.0,550.0,0.0,0.0
5551,L5551_7823,58189.07,12.0,1527.0,0.0,0.0
5552,L5552_7824,29675.0,9.0,925.0,0.0,0.0
5552,L5552_7825,21761.63,36.0,205.0,0.0,0.0
5552,L5552_7826,35647.12,18.0,972.0,0.0,0.0
5553,L5553_7827,67597.87,,1077.0,0.0,0.0
5554,L5554_7828,28489.83,36.0,1566.0,0.0,0.0
5556,L5556_7829,23408.21,3.0,727.0,0.0,0.0
5557,L5557_7830,59332.94,12.0,743.0,1.0,15.0
5557,L5557_7831,44124.32,3.0,1482.0,1.0,15.0
5557,L5557_7832,64920.22,18.0,532.0,0.0,0.0
5557,L5557_7833,134225.48,,916.0,0.0,0.0
5558,L5558_7834,31656.66,,421.0,0.0,0.0
5558,L5558_7835,45680.2,,1463.0,0.0,0.0
5559,L5559_7836,35429.75,6.0,751.0,0.0,0.0
5560,L5560_7837,58775.16,9.0,383.0,0.0,0.0
5560,L5560_7838,64501.81,6.0,1368.0,0.0,0.0
5561,L5561_7839,77341.96,9.0,52.0,0.0,0.0
5561,L5561_7840,33427.97,18.0,502.0,0.0,0.0
5561,L5561_7841,55890.78,6.0,,0.0,0.0
5562,L5562_7842,70425.19,24.0,702.0,0.0,0.0
5562,L5562_7843,66234.06,24.0,92.0,0.0,0.0
5563,L5563_7844,38571.56,12.0,1587.0,0.0,0.0
5564,L5564_7845,60476.55,3.0,1113.0,1.0,15.0
5564,L5564_7846,29594.52,6.0,1005.0,0.0,0.0
5564,L5564_7847,80685.73,18.0,67.0,0.0,0.0
5567,L5567_7848,22073.07,3.0,1388.0,0.0,0.0
5567,L5567_7849,58455.76,9.0,405.0,0.0,0.0
5568,L5568_7850,17906.95,36.0,164.0,0.0,0.0
5569,L5569_7851,35231.66,12.0,1500.0,0.0,0.0
5569,L5569_7852,326679.89,6.0,238.0,0.0,0.0
5570,L5570_7853,19895.09,24.0,1434.0,0.0,0.0
5571,L5571_7854,26812.47,3.0,57.0,0.0,0.0
5571,L5571_7855,65303.01,24.0,493.0,0.0,0.0
5572,L5572_7856,35783.01,9.0,1583.0,0.0,0.0
5572,L5572_7857,30266.08,18.0,1143.0,0.0,0.0
5572,L5572_7858,58079.46,9.0,1340.0,0.0,0.0
5574,L5574_7859,54979.73,9.0,207.0,1.0,15.0
5575,L5575_7860,125002.11,3.0,1409.0,1.0,1.0
5575,L5575_7861,24526.59,24.0,424.0,0.0,0.0
5575,L5575_7862,48174.74,6.0,1001.0,0.0,0.0
5575,L5575_7863,177797.97,24.0,767.0,1.0,30.0
5576,L5576_7864,28910.5,3.0,1554.0,0.0,0.0
5576,L5576_7865,74466.92,3.0,1009.0,0.0,0.0
5576,L5576_7866,66397.82,36.0,1148.0,0.0,0.0
5577,L5577_7867,20634.87,18.0,1170.0,1.0,60.0
5577,L5577_7868,24595.89,12.0,86.0,0.0,0.0
5577,L5577_7869,51526.03,36.0,1260.0,1.0,3.0
5577,L5577_7870,100553.86,3.0,681.0,0.0,0.0
5579,L5579_7871,79962.35,,1523.0,0.0,0.0
5579,L5579_7872,25501.3,3.0,1549.0,1.0,30.0
5579,L5579_7873,67382.46,36.0,219.0,0.0,0.0
5579,L5579_7874,51262.5,12.0,820.0,0.0,0.0
5580,L5580_7875,71890.27,12.0,383.0,0.0,0.0
5582,L5582_7876,77505.31,3.0,1069.0,0.0,0.0
5582,L5582_7877,50446.28,18.0,311.0,1.0,30.0
5583,L5583_7878,43906.8,12.0,755.0,0.0,0.0
5584,L5584_7879,52376.3,18.0,1477.0,,
5585,L5585_7880,32956.37,3.0,593.0,0.0,0.0
5585,L5585_7881,98944.29,24.0,99.0,1.0,15.0
5587,L5587_7882,22322.69,12.0,1290.0,0.0,
5587,L5587_7883,80372.46,18.0,184.0,0.0,0.0
5587,L5587_7884,317180.88,3.0,902.0,1.0,
5587,L5587_7885,33273.95,36.0,1076.0,0.0,0.0
5589,L5589_7886,102613.39,18.0,1552.0,0.0,0.0
5590,L5590_7887,44738.74,36.0,70.0,0.0,0.0
5590,L5590_7888,33690.74,36.0,501.0,0.0,0.0
5592,L5592_7889,53813.31,12.0,1417.0,1.0,7.0
5592,L5592_7890,44764.05,9.0,330.0,0.0,0.0
5593,L5593_7891,68773.91,3.0,166.0,0.0,0.0
5593,L5593_7892,35943.1,6.0,225.0,0.0,0.0
5594,L5594_7893,29478.78,24.0,330.0,1.0,7.0
5594,L5594_7894,29105.58,12.0,819.0,1.0,15.0
5595,L5595_7895,41390.85,9.0,99.0,1.0,3.0
5595,L5595_7896,,6.0,540.0,1.0,
5597,L5597_7897,84688.39,3.0,946.0,1.0,3.0
5597,L5597_7898,34696.71,12.0,1523.0,1.0,30.0
5598,L5598_7899,117109.29,9.0,418.0,0.0,0.0
5599,L5599_7900,23260.03,36.0,522.0,1.0,3.0
5600,L5600_7901,86385.84,12.0,1554.0,1.0,1.0
5600,L5600_7902,41247.58,24.0,1181.0,1.0,60.0
5602,L5602_7903,44766.96,6.0,1275.0,0.0,0.0
5604,L5604_7904,44802.66,6.0,1584.0,0.0,0.0
5604,L5604_7905,46680.27,12.0,204.0,1.0,15.0
5604,L5604_7906,29261.94,9.0,1316.0,0.0,0.0
5605,L5605_7907,11328.27,6.0,1335.0,0.0,0.0
5605,L5605_7908,31809.33,18.0,1055.0,0.0,0.0
5605,L5605_7909,36362.43,9.0,968.0,0.0,0.0
5605,L5605_7910,101714.57,3.0,653.0,0.0,0.0
5606,L5606_7911,42538.57,36.0,1543.0,1.0,15.0
5609,L5609_7912,53716.46,24.0,1342.0,0.0,0.0
5609,L5609_7913,36498.81,24.0,695.0,1.0,3.0
5609,L5609_7914,44216.14,18.0,,1.0,60.0
5610,L5610_7915,82651.54,36.0,1032.0,1.0,90.0
5610,L5610_7916,19067.26,24.0,1024.0,1.0,1.0
5612,L5612_7917,55683.13,24.0,1168.0,1.0,15.0
5612,L5612_7918,40461.3,18.0,1262.0,0.0,0.0
5612,L5612_7919,35818.31,24.0,1458.0,1.0,3.0
5614,L5614_7920,30642.8,9.0,387.0,0.0,0.0
5615,L5615_7921,16939.86,24.0,1075.0,0.0,0.0
5615,L5615_7922,79569.4,36.0,,0.0,0.0
5616,L5616_7923,49831.22,9.0,,1.0,15.0
5618,L5618_7924,136220.64,3.0,455.0,0.0,0.0
5620,L5620_7925,60805.95,18.0,265.0,0.0,0.0
5620,L5620_7926,52068.86,9.0,1196.0,0.0,0.0
5620,L5620_7927,55300.64,18.0,90.0,0.0,0.0
5620,L5620_7928,60843.74,36.0,62.0,0.0,0.0
5621,L5621_7929,98864.02,36.0,845.0,0.0,0.0
5621,L5621_7930,48703.71,18.0,990.0,0.0,0.0
5621,L5621_7931,62099.82,24.0,1096.0,0.0,0.0
5622,L5622_7932,54543.53,9.0,176.0,0.0,0.0
5622,L5622_7933,87086.44,12.0,1329.0,1.0,15.0
5623,L5623_7934,41761.14,6.0,150.0,0.0,0.0
5623,L5623_7935,24751.15,18.0,1470.0,0.0,
5623,L5623_7936,56331.45,12.0,329.0,1.0,90.0
5623,L5623_7937,44939.42,9.0,1480.0,0.0,0.0
5625,L5625_7938,43754.53,3.0,863.0,1.0,3.0
5625,L5625_7939,25981.41,18.0,922.0,0.0,0.0
5626,L5626_7940,40746.13,12.0,563.0,0.0,0.0
5628,L5628_7941,41608.97,9.0,1533.0,0.0,
5630,L5630_7942,17144.49,18.0,959.0,0.0,0.0
5634,L5634_7943,59665.94,12.0,1536.0,0.0,0.0
5635,L5635_7944,10346.9,24.0,1222.0,0.0,0.0
5636,L5636_7945,55296.87,12.0,1399.0,0.0,0.0
5636,L5636_7946,50532.12,36.0,,0.0,0.0
5636,L5636_7947,45603.22,36.0,935.0,1.0,15.0
5637,L5637_7948,34262.31,9.0,1046.0,0.0,0.0
5637,L5637_7949,21907.32,36.0,1212.0,0.0,0.0
5638,L5638_7950,23160.49,36.0,1589.0,0.0,0.0
5639,L5639_7951,20708.36,18.0,513.0,,3.0
5639,L5639_7952,44856.53,6.0,225.0,1.0,7.0
5640,L5640_7953,44534.52,12.0,,0.0,0.0
5641,L5641_7954,30261.39,12.0,325.0,0.0,0.0
5642,L5642_7955,89324.74,12.0,300.0,0.0,0.0
5644,L5644_7956,184196.08,3.0,73.0,0.0,
5645,L5645_7957,59990.66,36.0,1181.0,0.0,0.0
5647,L5647_7958,14917.28,18.0,64.0,0.0,0.0
5647,L5647_7959,35609.05,18.0,1475.0,0.0,0.0
5648,L5648_7960,14523.07,18.0,626.0,0.0,0.0
5648,L5648_7961,20754.11,36.0,919.0,0.0,0.0
5648,L5648_7962,,12.0,832.0,0.0,0.0
5648,L5648_7963,72373.78,,185.0,0.0,0.0
5648,L5648_7964,32213.34,9.0,873.0,1.0,15.0
5649,L5649_7965,65221.32,36.0,272.0,0.0,0.0
5649,L5649_7966,20033.14,24.0,1564.0,0.0,0.0
5650,L5650_7967,90555.63,12.0,356.0,0.0,0.0
5650,L5650_7968,65868.76,18.0,225.0,0.0,0.0
5651,L5651_7969,44372.33,3.0,613.0,0.0,0.0
5652,L5652_7970,84084.06,24.0,1130.0,0.0,0.0
5652,L5652_7971,129252.96,36.0,606.0,0.0,0.0
5653,L5653_7972,27423.78,3.0,313.0,0.0,0.0
5655,L5655_7973,30217.51,12.0,80.0,0.0,0.0
5661,L5661_7974,41484.7,18.0,401.0,0.0,0.0
5661,L5661_7975,54585.85,18.0,1087.0,1.0,30.0
5661,L5661_7976,14331.1,18.0,246.0,0.0,0.0
5662,L5662_7977,51228.57,18.0,1241.0,0.0,0.0
5662,L5662_7978,37467.65,36.0,1505.0,0.0,0.0
5662,L5662_7979,59259.79,3.0,,1.0,1.0
5662,L5662_7980,98349.83,12.0,758.0,0.0,0.0
5663,L5663_7981,180018.46,24.0,491.0,,0.0
5666,L5666_7982,142154.56,24.0,1530.0,1.0,15.0
5668,L5668_7983,112026.75,,1095.0,0.0,0.0
5670,L5670_7984,52168.71,9.0,1471.0,0.0,0.0
5670,L5670_7985,24964.26,6.0,152.0,0.0,0.0
5670,L5670_7986,54419.53,12.0,1226.0,0.0,0.0
5671,L5671_7987,39603.05,9.0,486.0,0.0,
5672,L5672_7988,30146.6,18.0,505.0,0.0,
5673,L5673_7989,15997.27,24.0,195.0,0.0,0.0
5673,L5673_7990,73781.01,12.0,1522.0,0.0,0.0
5673,L5673_7991,23297.6,9.0,1289.0,0.0,0.0
5675,L5675_7992,99357.36,9.0,470.0,0.0,0.0
5675,L5675_7993,49702.32,9.0,1429.0,1.0,30.0
5676,L5676_7994,18206.26,36.0,,0.0,0.0
5678,L5678_7995,30619.12,3.0,488.0,0.0,0.0
5679,L5679_7996,80052.82,24.0,633.0,0.0,0.0
5679,L5679_7997,83304.87,24.0,1486.0,0.0,0.0
5680,L5680_7998,28593.54,3.0,1482.0,0.0,0.0
5682,L5682_7999,70633.29,24.0,148.0,0.0,0.0
5682,L5682_8000,45196.97,3.0,436.0,0.0,0.0
5683,L5683_8001,100618.74,18.0,1148.0,0.0,0.0
5684,L5684_8002,170150.17,18.0,1567.0,0.0,0.0
5684,L5684_8003,24965.61,36.0,,0.0,0.0
5684,L5684_8004,61341.21,9.0,650.0,1.0,15.0
5686,L5686_8005,30876.75,12.0,93.0,0.0,0.0
5686,L5686_8006,61663.82,,,1.0,60.0
5687,L5687_8007,13553.17,9.0,807.0,1.0,30.0
5687,L5687_8008,48886.02,3.0,621.0,0.0,0.0
5689,L5689_8009,67768.58,24.0,1032.0,0.0,0.0
5689,L5689_8010,58914.6,12.0,665.0,0.0,
5690,L5690_8011,70916.59,18.0,340.0,1.0,15.0
5691,L5691_8012,41136.69,6.0,562.0,1.0,7.0
5691,L5691_8013,149104.79,36.0,1225.0,0.0,0.0
5691,L5691_8014,56566.6,24.0,1248.0,0.0,0.0
5691,L5691_8015,69672.58,12.0,27.0,1.0,7.0
5692,L5692_8016,90283.37,6.0,1169.0,1.0,1.0
5694,L5694_8017,129743.37,36.0,251.0,0.0,0.0
5694,L5694_8018,39211.1,9.0,1283.0,1.0,1.0
5695,L5695_8019,44364.9,18.0,1053.0,0.0,0.0
5695,L5695_8020,67596.63,36.0,1440.0,0.0,0.0
5696,L5696_8021,18703.05,3.0,1009.0,0.0,0.0
5696,L5696_8022,20972.18,18.0,289.0,0.0,0.0
5697,L5697_8023,62613.92,24.0,1293.0,0.0,0.0
5698,L5698_8024,59692.92,6.0,,0.0,0.0
5698,L5698_8025,50696.58,36.0,1315.0,0.0,
5699,L5699_8026,31125.76,6.0,1305.0,1.0,30.0
5702,L5702_8027,30189.48,18.0,1414.0,0.0,0.0
5702,L5702_8028,60860.94,12.0,1215.0,0.0,0.0
5703,L5703_8029,71547.28,3.0,362.0,1.0,7.0
5704,L5704_8030,117219.69,3.0,662.0,0.0,0.0
5704,L5704_8031,41133.31,12.0,505.0,1.0,7.0
5704,L5704_8032,114509.16,12.0,250.0,0.0,0.0
5706,L5706_8033,101465.02,6.0,1484.0,1.0,7.0
5706,L5706_8034,38651.19,3.0,287.0,0.0,0.0
5707,L5707_8035,37615.94,3.0,543.0,1.0,3.0
5707,L5707_8036,62006.01,,225.0,0.0,0.0
5708,L5708_8037,34522.59,12.0,275.0,0.0,0.0
5708,L5708_8038,38963.36,36.0,490.0,1.0,7.0
5708,L5708_8039,70779.43,12.0,112.0,0.0,0.0
5708,L5708_8040,26476.2,3.0,1591.0,1.0,7.0
5709,L5709_8041,21878.45,9.0,233.0,0.0,0.0
5710,L5710_8042,31911.61,18.0,1555.0,1.0,3.0
5710,L5710_8043,54510.18,6.0,570.0,1.0,1.0
5711,L5711_8044,26191.12,24.0,26.0,0.0,0.0
5711,L5711_8045,29195.45,36.0,1474.0,0.0,0.0
5712,L5712_8046,74042.41,,255.0,0.0,0.0
5712,L5712_8047,44308.78,24.0,,1.0,7.0
5713,L5713_8048,20721.74,9.0,1459.0,0.0,0.0
5713,L5713_8049,34651.5,18.0,708.0,0.0,0.0
5713,L5713_8050,27238.32,6.0,671.0,0.0,0.0
5713,L5713_8051,31134.06,3.0,687.0,0.0,0.0
5714,L5714_8052,72407.51,12.0,1486.0,0.0,0.0
5714,L5714_8053,73014.07,36.0,875.0,0.0,0.0
5714,L5714_8054,25073.01,24.0,312.0,0.0,0.0
5715,L5715_8055,22327.86,18.0,579.0,1.0,30.0
5715,L5715_8056,33108.74,36.0,683.0,0.0,0.0
5717,L5717_8057,31334.9,18.0,134.0,1.0,3.0
5717,L5717_8058,132187.69,,1388.0,1.0,30.0
5717,L5717_8059,45612.58,24.0,237.0,0.0,0.0
5718,L5718_8060,79545.73,18.0,193.0,0.0,0.0
5719,L5719_8061,17894.31,12.0,765.0,0.0,0.0
5719,L5719_8062,24144.32,9.0,414.0,0.0,0.0
5720,L5720_8063,63653.94,18.0,1140.0,0.0,0.0
5720,L5720_8064,43937.76,18.0,84.0,0.0,
5721,L5721_8065,60443.91,,1453.0,1.0,1.0
5723,L5723_8066,17216.96,18.0,263.0,0.0,0.0
5724,L5724_8067,88617.49,18.0,196.0,0.0,0.0
5724,L5724_8068,20760.08,,621.0,0.0,0.0
5724,L5724_8069,17354.06,12.0,1080.0,,0.0
5725,L5725_8070,32748.19,9.0,768.0,,0.0
5725,L5725_8071,15551.8,36.0,270.0,0.0,0.0
5726,L5726_8072,38026.02,3.0,885.0,0.0,0.0
5726,L5726_8073,40987.93,,948.0,0.0,0.0
5728,L5728_8074,24442.42,9.0,1332.0,0.0,0.0
5728,L5728_8075,148586.57,6.0,1344.0,0.0,0.0
5728,L5728_8076,79377.37,12.0,264.0,1.0,60.0
5728,L5728_8077,26312.83,6.0,1475.0,0.0,0.0
5729,L5729_8078,36554.57,3.0,1397.0,0.0,0.0
5729,L5729_8079,30605.47,12.0,,0.0,0.0
5730,L5730_8080,46249.89,12.0,209.0,0.0,
5730,L5730_8081,38914.68,6.0,589.0,0.0,0.0
5730,L5730_8082,67302.97,24.0,242.0,0.0,0.0
5731,L5731_8083,51431.61,9.0,154.0,0.0,0.0
5731,L5731_8084,15770.56,18.0,251.0,0.0,0.0
5732,L5732_8085,294685.42,12.0,,0.0,0.0
5734,L5734_8086,62829.0,9.0,154.0,1.0,1.0
5736,L5736_8087,31963.29,12.0,1329.0,0.0,0.0
5736,L5736_8088,21729.61,3.0,303.0,1.0,1.0
5737,L5737_8089,45861.81,,1438.0,0.0,0.0
5738,L5738_8090,32572.03,6.0,1475.0,0.0,0.0
5738,L5738_8091,44447.71,12.0,603.0,0.0,0.0
5739,L5739_8092,35793.24,24.0,1590.0,0.0,0.0
5739,L5739_8093,65973.91,6.0,421.0,0.0,0.0
5739,L5739_8094,25930.92,12.0,924.0,0.0,0.0
5740,L5740_8095,128303.65,9.0,596.0,0.0,0.0
5742,L5742_8096,116281.19,24.0,1090.0,0.0,0.0
5742,L5742_8097,62765.7,6.0,1452.0,0.0,0.0
5743,L5743_8098,58458.65,6.0,373.0,0.0,0.0
5743,L5743_8099,40158.89,9.0,1599.0,0.0,0.0
5743,L5743_8100,19638.27,9.0,,0.0,0.0
5744,L5744_8101,51706.0,18.0,1126.0,0.0,0.0
5744,L5744_8102,59153.69,24.0,936.0,0.0,0.0
5744,L5744_8103,17719.59,12.0,545.0,0.0,0.0
5746,L5746_8104,56230.41,9.0,830.0,0.0,0.0
5747,L5747_8105,48905.58,36.0,399.0,0.0,0.0
5749,L5749_8106,52169.35,9.0,266.0,1.0,1.0
5750,L5750_8107,53668.39,36.0,723.0,0.0,0.0
5750,L5750_8108,133353.22,3.0,603.0,0.0,0.0
5751,L5751_8109,61245.09,,661.0,1.0,15.0
5751,L5751_8110,37718.24,18.0,1468.0,0.0,0.0
5752,L5752_8111,75907.0,3.0,1221.0,1.0,1.0
5753,L5753_8112,31172.66,3.0,1255.0,0.0,0.0
5753,L5753_8113,48500.19,3.0,1119.0,0.0,0.0
5754,L5754_8114,70339.66,9.0,619.0,0.0,0.0
5754,L5754_8115,73684.5,36.0,1455.0,0.0,0.0
5755,L5755_8116,53649.65,36.0,812.0,0.0,0.0
5756,L5756_8117,130705.67,12.0,592.0,0.0,0.0
5757,L5757_8118,49699.27,12.0,1574.0,0.0,0.0
5758,L5758_8119,53935.49,,473.0,1.0,7.0
5758,L5758_8120,51495.47,9.0,260.0,0.0,0.0
5759,L5759_8121,20255.89,18.0,563.0,0.0,0.0
5759,L5759_8122,46598.02,9.0,1334.0,0.0,0.0
5759,L5759_8123,34496.88,18.0,1117.0,0.0,0.0
5759,L5759_8124,138569.78,18.0,247.0,0.0,0.0
5759,L5759_8125,75800.4,6.0,1374.0,0.0,0.0
5760,L5760_8126,28873.08,24.0,1046.0,0.0,0.0
5760,L5760_8127,16030.48,18.0,865.0,0.0,0.0
5761,L5761_8128,57418.86,18.0,1408.0,0.0,0.0
5761,L5761_8129,63246.08,9.0,1175.0,0.0,0.0
5762,L5762_8130,,6.0,883.0,0.0,0.0
5763,L5763_8131,66347.77,36.0,1577.0,0.0,0.0
5763,L5763_8132,28005.48,9.0,,,0.0
5763,L5763_8133,21886.0,36.0,1475.0,0.0,0.0
5763,L5763_8134,44358.38,36.0,1502.0,0.0,0.0
5764,L5764_8135,104785.68,36.0,813.0,1.0,7.0
5765,L5765_8136,31161.18,18.0,908.0,0.0,0.0
5765,L5765_8137,75589.6,12.0,1301.0,1.0,3.0
5765,L5765_8138,94813.9,3.0,383.0,0.0,0.0
5766,L5766_8139,46295.02,6.0,957.0,1.0,3.0
5766,L5766_8140,62175.46,6.0,1036.0,1.0,7.0
5767,L5767_8141,89611.65,3.0,,1.0,15.0
5768,L5768_8142,58615.41,,459.0,0.0,0.0
5768,L5768_8143,135586.15,12.0,149.0,0.0,0.0
5768,L5768_8144,,6.0,397.0,1.0,1.0
5769,L5769_8145,62559.01,24.0,1466.0,1.0,1.0
5770,L5770_8146,87831.55,36.0,601.0,0.0,0.0
5770,L5770_8147,19992.98,9.0,1105.0,0.0,0.0
5770,L5770_8148,17736.76,24.0,38.0,0.0,0.0
5771,L5771_8149,23271.18,18.0,895.0,0.0,0.0
5771,L5771_8150,56741.07,6.0,1594.0,0.0,0.0
5772,L5772_8151,48089.3,18.0,1444.0,1.0,90.0
5772,L5772_8152,86015.84,36.0,469.0,0.0,0.0
5773,L5773_8153,34980.39,3.0,824.0,0.0,0.0
5773,L5773_8154,48742.49,9.0,45.0,0.0,0.0
5774,L5774_8155,31101.06,18.0,1243.0,0.0,0.0
5774,L5774_8156,41777.32,3.0,398.0,0.0,0.0
5775,L5775_8157,108554.74,12.0,1045.0,0.0,0.0
5776,L5776_8158,15841.73,36.0,628.0,0.0,0.0
5777,L5777_8159,78526.04,3.0,1459.0,1.0,15.0
5781,L5781_8160,38275.15,12.0,1116.0,0.0,0.0
5782,L5782_8161,31831.5,18.0,26.0,0.0,0.0
5782,L5782_8162,95304.54,9.0,917.0,0.0,0.0
5784,L5784_8163,43391.0,24.0,1150.0,0.0,0.0
5786,L5786_8164,111521.47,9.0,1587.0,1.0,3.0
5787,L5787_8165,28581.52,3.0,201.0,1.0,1.0
5787,L5787_8166,15324.63,9.0,548.0,0.0,0.0
5788,L5788_8167,37308.49,18.0,638.0,0.0,0.0
5788,L5788_8168,82108.49,,791.0,0.0,0.0
5788,L5788_8169,27689.49,9.0,579.0,0.0,0.0
5788,L5788_8170,17322.55,9.0,974.0,0.0,0.0
5791,L5791_8171,26049.92,12.0,565.0,0.0,0.0
5791,L5791_8172,76771.21,9.0,266.0,0.0,0.0
5793,L5793_8173,111189.81,3.0,953.0,1.0,1.0
5793,L5793_8174,87876.96,3.0,1473.0,0.0,0.0
5794,L5794_8175,48526.71,12.0,48.0,1.0,3.0
5794,L5794_8176,105270.51,6.0,384.0,0.0,0.0
5795,L5795_8177,44403.23,12.0,1499.0,0.0,0.0
5795,L5795_8178,64492.3,36.0,200.0,0.0,0.0
5795,L5795_8179,19656.26,18.0,281.0,0.0,0.0
5797,L5797_8180,42786.06,12.0,687.0,0.0,0.0
5797,L5797_8181,44733.71,18.0,535.0,0.0,0.0
5798,L5798_8182,65552.37,6.0,413.0,0.0,0.0
5798,L5798_8183,19648.65,9.0,1080.0,0.0,0.0
5799,L5799_8184,29862.06,24.0,519.0,0.0,0.0
5801,L5801_8185,23757.73,3.0,42.0,0.0,0.0
5801,L5801_8186,67044.51,3.0,398.0,0.0,0.0
5802,L5802_8187,47083.59,6.0,1544.0,0.0,0.0
5802,L5802_8188,38176.57,24.0,1326.0,1.0,3.0
5802,L5802_8189,54623.52,24.0,49.0,0.0,0.0
5802,L5802_8190,55112.49,36.0,484.0,0.0,0.0
5803,L5803_8191,56895.74,36.0,807.0,0.0,0.0
5803,L5803_8192,44842.56,3.0,120.0,0.0,0.0
5803,L5803_8193,218003.97,36.0,1370.0,0.0,0.0
5804,L5804_8194,65043.75,3.0,1355.0,0.0,0.0
5805,L5805_8195,123399.37,24.0,66.0,0.0,0.0
5807,L5807_8196,129001.5,3.0,1455.0,1.0,7.0
5809,L5809_8197,74748.1,12.0,995.0,0.0,0.0
5809,L5809_8198,12149.37,3.0,1498.0,0.0,0.0
5810,L5810_8199,38703.25,6.0,983.0,1.0,15.0
5810,L5810_8200,36400.96,18.0,1598.0,0.0,0.0
5810,L5810_8201,30770.51,3.0,525.0,0.0,0.0
5811,L5811_8202,97490.65,24.0,1298.0,0.0,0.0
5812,L5812_8203,123001.81,24.0,747.0,0.0,0.0
5812,L5812_8204,32853.78,3.0,1100.0,0.0,0.0
5812,L5812_8205,11908.42,9.0,1517.0,1.0,30.0
5812,L5812_8206,82478.54,6.0,82.0,0.0,0.0
5812,L5812_8207,18667.06,36.0,1225.0,0.0,0.0
5812,L5812_8208,32508.0,,858.0,0.0,0.0
5814,L5814_8209,44329.02,6.0,752.0,1.0,60.0
5816,L5816_8210,70694.52,12.0,149.0,0.0,0.0
5817,L5817_8211,33191.91,36.0,725.0,0.0,0.0
5817,L5817_8212,146747.17,6.0,1169.0,0.0,0.0
5818,L5818_8213,60918.49,,1185.0,0.0,0.0
5818,L5818_8214,68560.5,9.0,117.0,0.0,0.0
5818,L5818_8215,80582.52,36.0,396.0,0.0,0.0
5818,L5818_8216,46575.01,24.0,,0.0,0.0
5821,L5821_8217,15467.46,6.0,1267.0,0.0,0.0
5821,L5821_8218,22340.84,18.0,844.0,0.0,0.0
5822,L5822_8219,29555.97,24.0,901.0,0.0,0.0
5822,L5822_8220,79308.9,9.0,398.0,1.0,15.0
5823,L5823_8221,60298.46,9.0,991.0,0.0,0.0
5823,L5823_8222,136720.78,12.0,1438.0,0.0,0.0
5824,L5824_8223,19256.81,9.0,665.0,0.0,0.0
5824,L5824_8224,29325.57,3.0,181.0,0.0,0.0
5826,L5826_8225,12531.36,24.0,582.0,0.0,0.0
5827,L5827_8226,50416.67,36.0,271.0,0.0,0.0
5827,L5827_8227,15564.56,3.0,1235.0,0.0,0.0
5827,L5827_8228,95455.61,3.0,1431.0,0.0,0.0
5829,L5829_8229,36958.3,24.0,686.0,0.0,0.0
5829,L5829_8230,56155.85,6.0,807.0,0.0,0.0
5829,L5829_8231,129523.94,3.0,796.0,0.0,
5829,L5829_8232,95027.09,12.0,158.0,0.0,0.0
5829,L5829_8233,54685.48,9.0,1268.0,0.0,0.0
5830,L5830_8234,44420.52,,1266.0,0.0,0.0
5830,L5830_8235,59531.27,12.0,1276.0,0.0,0.0
5831,L5831_8236,25526.36,12.0,1528.0,0.0,0.0
5832,L5832_8237,21776.37,24.0,,1.0,30.0
5832,L5832_8238,67910.05,9.0,1414.0,0.0,0.0
5833,L5833_8239,55704.03,3.0,953.0,1.0,15.0
5833,L5833_8240,165503.22,18.0,958.0,0.0,0.0
5833,L5833_8241,101004.12,3.0,77.0,0.0,0.0
5834,L5834_8242,84770.03,12.0,306.0,0.0,0.0
5834,L5834_8243,36970.51,18.0,987.0,1.0,3.0
5835,L5835_8244,46886.5,,815.0,0.0,
5837,L5837_8245,44612.2,3.0,821.0,,0.0
5838,L5838_8246,70557.5,3.0,1197.0,0.0,0.0
5838,L5838_8247,154648.81,18.0,118.0,0.0,0.0
5838,L5838_8248,14748.07,36.0,62.0,0.0,0.0
5838,L5838_8249,188999.28,18.0,167.0,0.0,0.0
5839,L5839_8250,81968.65,24.0,1105.0,0.0,0.0
5840,L5840_8251,33635.58,36.0,1598.0,0.0,0.0
5841,L5841_8252,51173.65,6.0,951.0,1.0,7.0
5842,L5842_8253,43847.07,12.0,1409.0,0.0,0.0
5844,L5844_8254,77263.88,9.0,1468.0,0.0,0.0
5847,L5847_8255,35523.8,3.0,318.0,0.0,0.0
5850,L5850_8256,76439.35,6.0,1410.0,0.0,0.0
5850,L5850_8257,47088.28,3.0,699.0,0.0,0.0
5851,L5851_8258,64717.48,9.0,1312.0,0.0,0.0
5851,L5851_8259,111189.73,18.0,946.0,0.0,0.0
5851,L5851_8260,21018.5,12.0,980.0,0.0,0.0
5851,L5851_8261,62327.64,36.0,1083.0,1.0,1.0
5852,L5852_8262,52455.09,36.0,660.0,0.0,0.0
5853,L5853_8263,49504.99,6.0,565.0,1.0,7.0
5853,L5853_8264,119793.66,6.0,1104.0,0.0,0.0
5854,L5854_8265,35894.19,18.0,693.0,0.0,0.0
5854,L5854_8266,57884.29,24.0,884.0,0.0,0.0
5855,L5855_8267,107697.91,3.0,1305.0,1.0,3.0
5856,L5856_8268,71434.45,24.0,337.0,0.0,0.0
5856,L5856_8269,86160.72,36.0,67.0,0.0,0.0
5856,L5856_8270,77055.15,12.0,1369.0,0.0,
5857,L5857_8271,40205.67,9.0,,,0.0
5857,L5857_8272,30638.13,3.0,259.0,0.0,0.0
5858,L5858_8273,155032.62,36.0,159.0,0.0,0.0
5860,L5860_8274,37092.67,12.0,1355.0,0.0,0.0
5860,L5860_8275,43969.05,9.0,1178.0,1.0,7.0
5861,L5861_8276,25141.17,6.0,817.0,0.0,
5861,L5861_8277,43403.98,18.0,674.0,0.0,0.0
5863,L5863_8278,48421.21,6.0,1561.0,0.0,0.0
5863,L5863_8279,98031.87,6.0,993.0,0.0,0.0
5865,L5865_8280,50892.72,9.0,313.0,0.0,0.0
5865,L5865_8281,36130.4,9.0,767.0,1.0,1.0
5866,L5866_8282,80133.96,18.0,116.0,0.0,0.0
5866,L5866_8283,26391.64,3.0,1353.0,0.0,0.0
5866,L5866_8284,33465.01,12.0,898.0,0.0,0.0
5867,L5867_8285,40168.74,9.0,981.0,0.0,0.0
5867,L5867_8286,36599.09,24.0,1164.0,0.0,0.0
5868,L5868_8287,57903.32,12.0,134.0,0.0,0.0
5868,L5868_8288,50402.58,12.0,69.0,1.0,15.0
5869,L5869_8289,71897.89,6.0,944.0,0.0,0.0
5869,L5869_8290,54231.01,36.0,242.0,0.0,0.0
5871,L5871_8291,68261.64,18.0,686.0,0.0,0.0
5873,L5873_8292,48830.83,36.0,,0.0,0.0
5873,L5873_8293,64872.71,24.0,1380.0,0.0,0.0
5874,L5874_8294,117027.35,24.0,75.0,0.0,0.0
5874,L5874_8295,31219.45,12.0,,0.0,0.0
5875,L5875_8296,44449.24,6.0,,0.0,0.0
5875,L5875_8297,34493.56,24.0,1002.0,0.0,0.0
5877,L5877_8298,,18.0,1216.0,0.0,0.0
5877,L5877_8299,100016.56,3.0,293.0,0.0,0.0
5877,L5877_8300,36319.01,6.0,1252.0,0.0,0.0
5878,L5878_8301,53227.03,36.0,882.0,1.0,1.0
5880,L5880_8302,79218.01,,286.0,0.0,0.0
5880,L5880_8303,57183.88,9.0,605.0,0.0,0.0
5881,L5881_8304,26949.76,12.0,27.0,0.0,0.0
5882,L5882_8305,121600.16,3.0,462.0,1.0,
5882,L5882_8306,65893.74,9.0,1277.0,0.0,0.0
5882,L5882_8307,61143.23,,964.0,0.0,0.0
5884,L5884_8308,30476.76,,203.0,1.0,15.0
5884,L5884_8309,37711.0,36.0,1281.0,0.0,0.0
5885,L5885_8310,,18.0,1025.0,1.0,1.0
5886,L5886_8311,,6.0,213.0,0.0,
5886,L5886_8312,,18.0,1302.0,0.0,0.0
5887,L5887_8313,36697.64,12.0,811.0,0.0,0.0
5891,L5891_8314,61794.38,9.0,248.0,1.0,30.0
5891,L5891_8315,39131.9,6.0,1498.0,0.0,0.0
5891,L5891_8316,47525.66,24.0,1302.0,0.0,0.0
5892,L5892_8317,26911.11,18.0,1055.0,0.0,0.0
5892,L5892_8318,81700.11,12.0,1323.0,1.0,90.0
5894,L5894_8319,12744.66,3.0,277.0,0.0,0.0
5894,L5894_8320,85383.6,18.0,941.0,0.0,0.0
5894,L5894_8321,60629.41,12.0,392.0,0.0,0.0
5895,L5895_8322,25072.54,12.0,857.0,,0.0
5895,L5895_8323,25299.02,18.0,320.0,1.0,90.0
5895,L5895_8324,19703.81,12.0,726.0,1.0,3.0
5895,L5895_8325,19012.39,36.0,312.0,0.0,0.0
5897,L5897_8326,32732.2,24.0,1130.0,0.0,0.0
5898,L5898_8327,51245.05,3.0,1050.0,0.0,0.0
5899,L5899_8328,39882.64,24.0,891.0,0.0,0.0
5899,L5899_8329,32101.56,6.0,306.0,0.0,0.0
5900,L5900_8330,42535.32,24.0,284.0,0.0,0.0
5900,L5900_8331,114787.84,18.0,1126.0,0.0,0.0
5901,L5901_8332,140611.94,36.0,835.0,0.0,0.0
5901,L5901_8333,37248.29,,154.0,0.0,0.0
5901,L5901_8334,56583.32,18.0,151.0,1.0,7.0
5903,L5903_8335,24003.85,6.0,778.0,0.0,0.0
5904,L5904_8336,48488.52,,904.0,0.0,0.0
5904,L5904_8337,55647.53,12.0,514.0,0.0,0.0
5905,L5905_8338,91851.3,12.0,,1.0,7.0
5906,L5906_8339,63399.96,36.0,1307.0,0.0,0.0
5906,L5906_8340,36849.08,,288.0,1.0,3.0
5907,L5907_8341,,12.0,472.0,0.0,0.0
5908,L5908_8342,66412.12,24.0,1564.0,0.0,0.0
5909,L5909_8343,38614.18,36.0,70.0,0.0,0.0
5909,L5909_8344,24860.27,6.0,1186.0,0.0,0.0
5909,L5909_8345,118628.16,18.0,1107.0,0.0,0.0
5910,L5910_8346,72709.02,3.0,195.0,0.0,
5910,L5910_8347,36999.12,24.0,1407.0,0.0,0.0
5910,L5910_8348,89996.53,3.0,225.0,0.0,0.0
5911,L5911_8349,46649.14,18.0,825.0,0.0,0.0
5911,L5911_8350,112224.64,9.0,284.0,0.0,0.0
5912,L5912_8351,109303.59,6.0,136.0,0.0,0.0
5912,L5912_8352,61801.46,36.0,486.0,0.0,0.0
5913,L5913_8353,95053.47,18.0,182.0,0.0,
5913,L5913_8354,20049.4,24.0,559.0,1.0,3.0
5914,L5914_8355,30354.9,12.0,391.0,0.0,0.0
5915,L5915_8356,18860.23,9.0,1359.0,1.0,90.0
5916,L5916_8357,41325.83,24.0,651.0,0.0,0.0
5916,L5916_8358,25632.19,3.0,,0.0,0.0
5916,L5916_8359,19814.64,,1407.0,0.0,0.0
5916,L5916_8360,52980.21,6.0,1168.0,0.0,0.0
5916,L5916_8361,70869.42,12.0,182.0,0.0,0.0
5916,L5916_8362,100967.64,24.0,1231.0,0.0,
5917,L5917_8363,30713.76,12.0,447.0,0.0,0.0
5918,L5918_8364,78370.84,36.0,694.0,0.0,0.0
5918,L5918_8365,34327.18,24.0,95.0,0.0,0.0
5918,L5918_8366,67403.95,9.0,1121.0,1.0,1.0
5918,L5918_8367,171043.76,3.0,1581.0,1.0,15.0
5922,L5922_8368,249042.01,18.0,1018.0,0.0,0.0
5923,L5923_8369,125992.81,3.0,307.0,0.0,0.0
5924,L5924_8370,49653.01,12.0,466.0,0.0,0.0
5924,L5924_8371,64264.62,,692.0,0.0,0.0
5925,L5925_8372,37563.47,24.0,134.0,1.0,
5925,L5925_8373,45217.66,18.0,995.0,0.0,0.0
5925,L5925_8374,51914.78,18.0,167.0,0.0,0.0
5927,L5927_8375,50124.06,6.0,845.0,0.0,0.0
5929,L5929_8376,98633.76,24.0,575.0,0.0,0.0
5929,L5929_8377,41675.46,,1431.0,0.0,0.0
5929,L5929_8378,232659.01,18.0,361.0,0.0,0.0
5929,L5929_8379,33515.5,18.0,1056.0,0.0,0.0
5929,L5929_8380,61487.37,3.0,341.0,0.0,0.0
5929,L5929_8381,129732.0,9.0,1528.0,0.0,0.0
5930,L5930_8382,40921.4,12.0,961.0,0.0,0.0
5930,L5930_8383,20907.57,3.0,748.0,0.0,0.0
5931,L5931_8384,64890.52,6.0,1382.0,0.0,0.0
5932,L5932_8385,66759.66,9.0,1257.0,1.0,3.0
5933,L5933_8386,86084.55,36.0,800.0,1.0,1.0
5933,L5933_8387,98843.99,36.0,1488.0,1.0,7.0
5933,L5933_8388,39635.91,24.0,857.0,0.0,0.0
5933,L5933_8389,93895.52,24.0,625.0,0.0,0.0
5935,L5935_8390,16377.03,9.0,1057.0,1.0,7.0
5935,L5935_8391,60385.46,,440.0,0.0,0.0
5936,L5936_8392,17300.22,,974.0,1.0,7.0
5937,L5937_8393,,12.0,,0.0,0.0
5938,L5938_8394,129316.09,24.0,,0.0,0.0
5938,L5938_8395,46485.36,,801.0,0.0,0.0
5939,L5939_8396,26563.44,3.0,1240.0,0.0,0.0
5939,L5939_8397,111833.84,,976.0,0.0,0.0
5940,L5940_8398,47786.45,24.0,112.0,0.0,0.0
5941,L5941_8399,103287.53,3.0,443.0,0.0,0.0
5942,L5942_8400,32293.73,6.0,,0.0,0.0
5943,L5943_8401,34949.85,6.0,764.0,0.0,0.0
5945,L5945_8402,31878.49,9.0,1313.0,0.0,0.0
5945,L5945_8403,24320.6,36.0,915.0,0.0,0.0
5946,L5946_8404,83711.9,36.0,831.0,0.0,0.0
5946,L5946_8405,29580.86,18.0,98.0,0.0,0.0
5946,L5946_8406,172009.19,18.0,1495.0,0.0,0.0
5947,L5947_8407,58741.21,3.0,106.0,,15.0
5947,L5947_8408,42805.17,12.0,377.0,0.0,0.0
5948,L5948_8409,43004.86,12.0,858.0,0.0,0.0
5949,L5949_8410,38229.88,12.0,672.0,0.0,0.0
5949,L5949_8411,53463.15,24.0,105.0,0.0,0.0
5951,L5951_8412,82635.19,9.0,82.0,1.0,7.0
5951,L5951_8413,16785.62,18.0,1375.0,0.0,0.0
5951,L5951_8414,53131.95,24.0,563.0,0.0,0.0
5951,L5951_8415,110800.3,,1178.0,1.0,3.0
5953,L5953_8416,40572.76,18.0,891.0,0.0,0.0
5953,L5953_8417,36704.05,3.0,294.0,0.0,0.0
5954,L5954_8418,54189.7,3.0,723.0,0.0,0.0
5954,L5954_8419,24393.84,36.0,456.0,0.0,0.0
5955,L5955_8420,42957.06,24.0,1384.0,0.0,
5956,L5956_8421,30854.53,18.0,889.0,0.0,0.0
5957,L5957_8422,77795.47,12.0,761.0,0.0,0.0
5957,L5957_8423,86284.75,36.0,505.0,0.0,0.0
5957,L5957_8424,35781.67,6.0,861.0,0.0,0.0
5957,L5957_8425,52868.95,3.0,148.0,0.0,0.0
5959,L5959_8426,26657.0,12.0,1236.0,0.0,0.0
5959,L5959_8427,57563.71,9.0,571.0,0.0,0.0
5959,L5959_8428,20306.9,24.0,1126.0,0.0,0.0
5960,L5960_8429,71109.23,9.0,928.0,0.0,0.0
5960,L5960_8430,19034.8,6.0,1144.0,0.0,0.0
5962,L5962_8431,91813.26,9.0,278.0,0.0,0.0
5962,L5962_8432,28111.42,18.0,990.0,1.0,15.0
5965,L5965_8433,24388.98,36.0,,0.0,0.0
5966,L5966_8434,75234.53,36.0,373.0,0.0,0.0
5967,L5967_8435,54798.07,36.0,1471.0,0.0,0.0
5967,L5967_8436,47440.48,18.0,976.0,0.0,0.0
5967,L5967_8437,37653.61,6.0,1263.0,1.0,3.0
5967,L5967_8438,41580.67,3.0,1447.0,1.0,7.0
5967,L5967_8439,39139.62,6.0,433.0,0.0,0.0
5968,L5968_8440,30435.56,3.0,797.0,1.0,7.0
5971,L5971_8441,65272.06,12.0,131.0,1.0,1.0
5972,L5972_8442,85750.33,6.0,730.0,0.0,0.0
5972,L5972_8443,164005.97,24.0,1380.0,0.0,0.0
5972,L5972_8444,30579.69,36.0,1104.0,0.0,0.0
5972,L5972_8445,53083.58,18.0,46.0,0.0,0.0
5973,L5973_8446,88243.28,36.0,1290.0,0.0,0.0
5973,L5973_8447,76773.37,12.0,663.0,0.0,0.0
5975,L5975_8448,30937.23,,97.0,1.0,30.0
5975,L5975_8449,99742.97,9.0,317.0,0.0,0.0
5975,L5975_8450,71017.04,9.0,174.0,0.0,0.0
5975,L5975_8451,44086.46,3.0,755.0,0.0,0.0
5976,L5976_8452,39103.95,12.0,166.0,0.0,0.0
5977,L5977_8453,51433.93,9.0,934.0,0.0,0.0
5978,L5978_8454,66369.9,24.0,1172.0,0.0,0.0
5979,L5979_8455,45857.91,3.0,215.0,1.0,30.0
5979,L5979_8456,148802.89,18.0,823.0,1.0,15.0
5980,L5980_8457,105946.45,36.0,868.0,0.0,0.0
5980,L5980_8458,36737.18,3.0,991.0,1.0,30.0
5982,L5982_8459,60293.29,3.0,1109.0,0.0,0.0
5983,L5983_8460,133758.67,24.0,56.0,0.0,0.0
5983,L5983_8461,93082.76,6.0,1369.0,0.0,0.0
5983,L5983_8462,104200.68,9.0,382.0,,0.0
5983,L5983_8463,135370.6,18.0,603.0,1.0,15.0
5986,L5986_8464,64696.55,9.0,530.0,0.0,0.0
5988,L5988_8465,64732.0,3.0,,0.0,0.0
5989,L5989_8466,17311.38,6.0,1280.0,0.0,0.0
5992,L5992_8467,24591.26,6.0,1056.0,0.0,0.0
5992,L5992_8468,51807.79,12.0,773.0,0.0,0.0
5992,L5992_8469,149551.12,12.0,408.0,0.0,0.0
5993,L5993_8470,49485.24,9.0,286.0,0.0,0.0
5994,L5994_8471,30421.01,18.0,1326.0,1.0,15.0
5994,L5994_8472,128651.5,6.0,210.0,0.0,0.0
5996,L5996_8473,51334.93,36.0,68.0,0.0,0.0
5996,L5996_8474,37365.19,24.0,606.0,0.0,
5996,L5996_8475,67017.9,36.0,1174.0,0.0,0.0
5997,L5997_8476,46067.13,12.0,816.0,0.0,0.0
5998,L5998_8477,40328.2,12.0,155.0,0.0,0.0
5998,L5998_8478,72873.61,18.0,356.0,1.0,15.0
5998,L5998_8479,88899.46,6.0,399.0,0.0,0.0
5998,L5998_8480,78198.86,24.0,259.0,0.0,0.0
5998,L5998_8481,30695.06,9.0,171.0,0.0,0.0
5999,L5999_8482,40216.59,6.0,1466.0,1.0,3.0
6000,L6000_8483,52344.61,12.0,378.0,1.0,
6000,L6000_8484,45102.54,9.0,967.0,0.0,0.0
6001,L6001_8485,40294.02,24.0,1563.0,0.0,0.0
6001,L6001_8486,56523.45,24.0,314.0,0.0,0.0
6001,L6001_8487,57443.03,12.0,727.0,0.0,0.0
6001,L6001_8488,26725.18,3.0,579.0,0.0,0.0
6001,L6001_8489,92879.76,36.0,364.0,0.0,0.0
6001,L6001_8490,170675.23,6.0,54.0,0.0,0.0
6002,L6002_8491,25590.71,3.0,200.0,,0.0
6002,L6002_8492,41670.58,18.0,870.0,0.0,0.0
6002,L6002_8493,33383.92,3.0,1436.0,0.0,0.0
6003,L6003_8494,44994.3,36.0,933.0,0.0,0.0
6003,L6003_8495,86416.52,9.0,1440.0,0.0,0.0
6005,L6005_8496,35719.95,12.0,1395.0,0.0,0.0
6005,L6005_8497,78756.92,12.0,433.0,1.0,60.0
6006,L6006_8498,,18.0,662.0,0.0,0.0
6007,L6007_8499,30666.17,9.0,1314.0,0.0,0.0
6009,L6009_8500,40257.76,24.0,293.0,0.0,0.0
6009,L6009_8501,27714.2,9.0,27.0,0.0,0.0
6009,L6009_8502,91655.83,36.0,932.0,0.0,0.0
6009,L6009_8503,29341.18,9.0,1428.0,1.0,7.0
6012,L6012_8504,87334.88,12.0,259.0,1.0,3.0
6013,L6013_8505,64520.74,36.0,115.0,0.0,0.0
6013,L6013_8506,22543.14,3.0,106.0,0.0,0.0
6013,L6013_8507,25110.77,3.0,725.0,0.0,0.0
6013,L6013_8508,43982.8,12.0,37.0,0.0,0.0
6015,L6015_8509,34118.67,3.0,1163.0,1.0,1.0
6015,L6015_8510,55251.18,6.0,648.0,0.0,0.0
6015,L6015_8511,28370.22,18.0,911.0,0.0,0.0
6016,L6016_8512,39256.8,9.0,258.0,0.0,0.0
6016,L6016_8513,25139.79,3.0,347.0,0.0,0.0
6016,L6016_8514,71756.69,3.0,101.0,0.0,0.0
6017,L6017_8515,41632.76,24.0,1440.0,1.0,60.0
6017,L6017_8516,45755.01,3.0,264.0,0.0,0.0
6017,L6017_8517,64633.16,36.0,882.0,0.0,0.0
6018,L6018_8518,25035.98,9.0,1481.0,0.0,0.0
6020,L6020_8519,49350.81,12.0,,0.0,0.0
6020,L6020_8520,32966.04,9.0,826.0,0.0,0.0
6021,L6021_8521,34806.53,24.0,1472.0,0.0,0.0
6021,L6021_8522,63569.26,9.0,227.0,0.0,0.0
6023,L6023_8523,95566.38,6.0,1468.0,0.0,0.0
6023,L6023_8524,73079.91,36.0,1437.0,0.0,0.0
6023,L6023_8525,171277.04,24.0,493.0,1.0,30.0
6026,L6026_8526,54729.39,18.0,241.0,1.0,
6026,L6026_8527,40706.94,18.0,1357.0,0.0,0.0
6026,L6026_8528,89887.01,3.0,1260.0,1.0,3.0
6027,L6027_8529,27693.7,24.0,355.0,0.0,0.0
6027,L6027_8530,37330.6,12.0,368.0,0.0,0.0
6032,L6032_8531,113068.24,6.0,25.0,0.0,0.0
6032,L6032_8532,71888.32,3.0,1198.0,0.0,0.0
6033,L6033_8533,40525.23,12.0,1371.0,1.0,90.0
6034,L6034_8534,77920.22,9.0,950.0,0.0,0.0
6034,L6034_8535,42272.67,18.0,151.0,0.0,0.0
6034,L6034_8536,66662.99,9.0,1056.0,0.0,0.0
6035,L6035_8537,113254.59,9.0,59.0,1.0,1.0
6036,L6036_8538,85996.62,24.0,1391.0,0.0,0.0
6038,L6038_8539,35593.7,6.0,563.0,1.0,60.0
6038,L6038_8540,65354.55,3.0,1188.0,0.0,0.0
6039,L6039_8541,27807.17,18.0,1408.0,1.0,1.0
6039,L6039_8542,55587.07,9.0,204.0,0.0,0.0
6040,L6040_8543,52666.49,3.0,1558.0,0.0,0.0
6040,L6040_8544,23581.86,,893.0,1.0,7.0
6040,L6040_8545,71375.48,36.0,744.0,1.0,3.0
6040,L6040_8546,39867.63,24.0,642.0,0.0,0.0
6042,L6042_8547,16601.5,18.0,944.0,1.0,7.0
6046,L6046_8548,28540.87,12.0,935.0,0.0,
6046,L6046_8549,56663.29,24.0,809.0,0.0,0.0
6047,L6047_8550,107086.93,12.0,208.0,0.0,
6048,L6048_8551,50656.35,12.0,,1.0,15.0
6048,L6048_8552,53409.02,12.0,1528.0,0.0,0.0
6048,L6048_8553,45948.61,3.0,1518.0,0.0,0.0
6048,L6048_8554,63705.2,3.0,464.0,1.0,1.0
6048,L6048_8555,52132.27,9.0,204.0,0.0,0.0
6048,L6048_8556,48347.22,36.0,239.0,0.0,0.0
6050,L6050_8557,81000.44,36.0,1320.0,0.0,0.0
6050,L6050_8558,38929.74,3.0,814.0,0.0,0.0
6050,L6050_8559,95181.39,3.0,1379.0,0.0,0.0
6051,L6051_8560,53188.3,3.0,698.0,0.0,0.0
6051,L6051_8561,119571.38,6.0,1197.0,0.0,0.0
6052,L6052_8562,23976.34,24.0,449.0,0.0,0.0
6055,L6055_8563,73090.2,6.0,1575.0,0.0,0.0
6057,L6057_8564,58805.86,24.0,973.0,0.0,0.0
6058,L6058_8565,40327.7,36.0,145.0,1.0,3.0
6059,L6059_8566,43777.17,9.0,1492.0,0.0,0.0
6059,L6059_8567,82147.89,9.0,138.0,0.0,0.0
6060,L6060_8568,31906.23,6.0,798.0,0.0,0.0
6060,L6060_8569,109115.97,3.0,,0.0,0.0
6061,L6061_8570,,9.0,585.0,0.0,
6064,L6064_8571,59703.89,12.0,354.0,0.0,0.0
6065,L6065_8572,21271.98,36.0,565.0,0.0,0.0
6067,L6067_8573,21183.03,6.0,525.0,0.0,0.0
6067,L6067_8574,46663.04,36.0,960.0,1.0,15.0
6067,L6067_8575,94083.11,36.0,754.0,0.0,0.0
6067,L6067_8576,81265.75,24.0,186.0,0.0,0.0
6067,L6067_8577,43638.22,9.0,1539.0,1.0,7.0
6067,L6067_8578,61017.0,12.0,593.0,0.0,0.0
6068,L6068_8579,18192.48,18.0,944.0,0.0,0.0
6068,L6068_8580,190806.5,18.0,1384.0,0.0,0.0
6069,L6069_8581,256442.98,,66.0,0.0,0.0
6070,L6070_8582,59684.62,,1137.0,0.0,0.0
6070,L6070_8583,46423.4,12.0,1483.0,1.0,7.0
6071,L6071_8584,42970.23,36.0,441.0,0.0,0.0
6072,L6072_8585,32791.48,6.0,342.0,0.0,0.0
6072,L6072_8586,105763.43,3.0,937.0,0.0,
6072,L6072_8587,98770.1,9.0,1017.0,1.0,90.0
6072,L6072_8588,49080.11,12.0,322.0,0.0,0.0
6073,L6073_8589,21173.66,24.0,1123.0,0.0,0.0
6074,L6074_8590,98311.56,9.0,192.0,0.0,0.0
6074,L6074_8591,45920.55,9.0,1215.0,0.0,0.0
6074,L6074_8592,31425.8,9.0,1497.0,0.0,0.0
6075,L6075_8593,70427.22,3.0,1532.0,1.0,1.0
6077,L6077_8594,26792.98,36.0,230.0,0.0,0.0
6077,L6077_8595,20712.79,3.0,662.0,0.0,0.0
6079,L6079_8596,108330.85,3.0,1036.0,0.0,
6079,L6079_8597,36627.07,9.0,1330.0,0.0,0.0
6080,L6080_8598,80605.39,9.0,1310.0,1.0,30.0
6080,L6080_8599,20842.35,3.0,825.0,1.0,1.0
6081,L6081_8600,78684.63,6.0,445.0,0.0,0.0
6081,L6081_8601,104994.11,6.0,692.0,0.0,0.0
6082,L6082_8602,136223.9,9.0,1160.0,0.0,0.0
6083,L6083_8603,83129.97,12.0,,0.0,0.0
6085,L6085_8604,170030.33,36.0,1299.0,1.0,7.0
6085,L6085_8605,26922.35,24.0,204.0,0.0,0.0
6086,L6086_8606,61935.56,3.0,774.0,1.0,3.0
6086,L6086_8607,12390.8,24.0,1370.0,1.0,30.0
6087,L6087_8608,33200.34,36.0,1033.0,0.0,0.0
6087,L6087_8609,53641.22,6.0,1398.0,0.0,0.0
6087,L6087_8610,136297.85,18.0,288.0,0.0,0.0
6088,L6088_8611,42070.44,36.0,979.0,0.0,0.0
6089,L6089_8612,81671.48,6.0,1121.0,1.0,1.0
6089,L6089_8613,32785.9,9.0,492.0,0.0,0.0
6089,L6089_8614,56396.7,12.0,248.0,1.0,3.0
6089,L6089_8615,39180.27,12.0,899.0,0.0,0.0
6090,L6090_8616,73536.11,,1416.0,0.0,0.0
6090,L6090_8617,122221.42,3.0,1289.0,0.0,0.0
6092,L6092_8618,,18.0,258.0,0.0,0.0
6093,L6093_8619,85729.04,9.0,590.0,0.0,0.0
6094,L6094_8620,115964.74,3.0,,0.0,0.0
6095,L6095_8621,80630.4,6.0,251.0,1.0,1.0
6095,L6095_8622,47965.71,,1567.0,1.0,1.0
6096,L6096_8623,53125.97,24.0,,0.0,0.0
6097,L6097_8624,75922.7,36.0,201.0,1.0,1.0
6097,L6097_8625,51079.41,6.0,1407.0,0.0,0.0
6098,L6098_8626,57517.99,12.0,1572.0,0.0,0.0
6098,L6098_8627,43908.84,6.0,586.0,1.0,30.0
6100,L6100_8628,27824.87,36.0,81.0,0.0,0.0
6102,L6102_8629,31518.31,6.0,313.0,0.0,0.0
6103,L6103_8630,40054.44,3.0,1041.0,0.0,0.0
6103,L6103_8631,59942.9,3.0,1355.0,0.0,0.0
6104,L6104_8632,44042.11,36.0,643.0,0.0,0.0
6106,L6106_8633,49902.07,9.0,950.0,1.0,1.0
6107,L6107_8634,47114.95,3.0,1520.0,0.0,
6108,L6108_8635,25057.68,12.0,1351.0,0.0,0.0
6108,L6108_8636,58570.47,9.0,1101.0,0.0,0.0
6109,L6109_8637,30217.38,9.0,130.0,0.0,0.0
6110,L6110_8638,25563.85,6.0,906.0,1.0,3.0
6110,L6110_8639,104221.67,9.0,1123.0,1.0,30.0
6110,L6110_8640,45788.78,24.0,954.0,1.0,15.0
6110,L6110_8641,78779.82,9.0,543.0,0.0,0.0
6110,L6110_8642,50602.9,9.0,805.0,0.0,0.0
6110,L6110_8643,22806.15,12.0,,0.0,0.0
6111,L6111_8644,69210.75,12.0,1133.0,0.0,0.0
6111,L6111_8645,25613.78,18.0,1315.0,1.0,3.0
6113,L6113_8646,14422.08,12.0,957.0,,0.0
6114,L6114_8647,30301.22,,1590.0,0.0,0.0
6114,L6114_8648,50483.15,9.0,148.0,1.0,3.0
6115,L6115_8649,54360.04,36.0,189.0,1.0,7.0
6116,L6116_8650,19155.21,18.0,101.0,0.0,0.0
6117,L6117_8651,24329.48,36.0,924.0,0.0,0.0
6118,L6118_8652,97173.92,24.0,1475.0,1.0,1.0
6120,L6120_8653,44758.61,9.0,80.0,0.0,0.0
6121,L6121_8654,176758.07,18.0,768.0,0.0,0.0
6121,L6121_8655,40339.63,36.0,1000.0,1.0,3.0
6122,L6122_8656,25811.49,9.0,1034.0,0.0,0.0
6122,L6122_8657,31136.33,36.0,1040.0,0.0,0.0
6122,L6122_8658,65369.7,3.0,674.0,0.0,0.0
6124,L6124_8659,41567.59,6.0,421.0,0.0,0.0
6125,L6125_8660,60862.48,36.0,1541.0,0.0,0.0
6126,L6126_8661,36912.33,9.0,1343.0,0.0,0.0
6127,L6127_8662,44447.56,24.0,1095.0,0.0,0.0
6129,L6129_8663,38700.57,24.0,1587.0,0.0,0.0
6129,L6129_8664,78335.41,18.0,1377.0,0.0,0.0
6129,L6129_8665,37559.09,24.0,539.0,0.0,0.0
6133,L6133_8666,53942.05,3.0,268.0,0.0,0.0
6133,L6133_8667,127967.02,24.0,452.0,0.0,0.0
6133,L6133_8668,48830.72,12.0,578.0,0.0,0.0
6133,L6133_8669,33371.62,3.0,237.0,0.0,0.0
6134,L6134_8670,90459.05,24.0,233.0,1.0,60.0
6134,L6134_8671,50079.94,24.0,,1.0,30.0
6135,L6135_8672,45201.71,12.0,1187.0,0.0,0.0
6135,L6135_8673,54000.35,12.0,246.0,0.0,0.0
6139,L6139_8674,74654.55,6.0,95.0,0.0,0.0
6140,L6140_8675,113947.47,24.0,945.0,0.0,0.0
6140,L6140_8676,20688.83,12.0,1364.0,0.0,0.0
6141,L6141_8677,23420.96,9.0,946.0,0.0,0.0
6143,L6143_8678,10810.77,3.0,371.0,0.0,0.0
6144,L6144_8679,249059.49,24.0,1320.0,1.0,15.0
6144,L6144_8680,70800.76,24.0,168.0,1.0,3.0
6144,L6144_8681,50061.8,6.0,1070.0,0.0,0.0
6144,L6144_8682,23739.18,18.0,508.0,1.0,1.0
6145,L6145_8683,51531.16,9.0,639.0,0.0,0.0
6145,L6145_8684,76080.41,9.0,1377.0,0.0,0.0
6145,L6145_8685,62751.34,24.0,251.0,1.0,3.0
6145,L6145_8686,70020.5,12.0,519.0,0.0,0.0
6146,L6146_8687,52561.43,9.0,177.0,0.0,0.0
6146,L6146_8688,58796.67,18.0,623.0,0.0,0.0
6146,L6146_8689,142702.46,9.0,678.0,0.0,0.0
6147,L6147_8690,26674.02,,694.0,0.0,0.0
6148,L6148_8691,60030.41,9.0,425.0,0.0,0.0
6150,L6150_8692,55851.09,3.0,859.0,0.0,0.0
6150,L6150_8693,81803.56,3.0,66.0,0.0,0.0
6151,L6151_8694,45573.31,12.0,38.0,0.0,0.0
6151,L6151_8695,21584.92,12.0,23.0,0.0,0.0
6152,L6152_8696,98604.44,6.0,591.0,0.0,0.0
6153,L6153_8697,32617.37,9.0,1110.0,0.0,0.0
6153,L6153_8698,22342.94,9.0,866.0,0.0,0.0
6154,L6154_8699,55934.05,24.0,1501.0,0.0,0.0
6154,L6154_8700,,12.0,740.0,0.0,0.0
6155,L6155_8701,85606.42,18.0,593.0,0.0,0.0
6156,L6156_8702,83225.19,9.0,67.0,0.0,0.0
6156,L6156_8703,38049.21,18.0,,1.0,3.0
6156,L6156_8704,50230.13,12.0,1402.0,0.0,0.0
6157,L6157_8705,42950.84,9.0,441.0,0.0,
6158,L6158_8706,60514.1,6.0,974.0,0.0,0.0
6161,L6161_8707,51710.15,18.0,1279.0,1.0,15.0
6162,L6162_8708,42994.13,36.0,1374.0,1.0,60.0
6163,L6163_8709,46069.23,9.0,434.0,0.0,0.0
6164,L6164_8710,43525.24,12.0,1426.0,1.0,30.0
6164,L6164_8711,104505.44,9.0,40.0,0.0,0.0
6165,L6165_8712,112712.14,3.0,1095.0,0.0,0.0
6168,L6168_8713,55208.0,12.0,528.0,0.0,0.0
6168,L6168_8714,90185.05,12.0,1060.0,0.0,0.0
6168,L6168_8715,38725.5,12.0,1100.0,0.0,0.0
6169,L6169_8716,46068.5,3.0,1181.0,0.0,0.0
6170,L6170_8717,36846.71,12.0,,1.0,1.0
6170,L6170_8718,99040.8,18.0,50.0,1.0,60.0
6171,L6171_8719,123297.26,36.0,495.0,,0.0
6171,L6171_8720,61256.87,24.0,1151.0,0.0,0.0
6172,L6172_8721,67658.79,6.0,220.0,0.0,0.0
6173,L6173_8722,41734.63,36.0,381.0,0.0,0.0
6174,L6174_8723,36499.54,36.0,1460.0,0.0,0.0
6175,L6175_8724,96631.99,36.0,767.0,0.0,0.0
6175,L6175_8725,85590.1,12.0,1598.0,0.0,0.0
6176,L6176_8726,83790.35,3.0,771.0,1.0,15.0
6176,L6176_8727,96786.68,24.0,547.0,0.0,0.0
6177,L6177_8728,81230.38,36.0,584.0,0.0,0.0
6178,L6178_8729,34454.93,6.0,517.0,0.0,
6179,L6179_8730,53758.76,12.0,64.0,0.0,0.0
6180,L6180_8731,32743.54,24.0,560.0,0.0,0.0
6180,L6180_8732,49689.79,36.0,1027.0,1.0,15.0
6180,L6180_8733,66965.85,36.0,735.0,0.0,0.0
6181,L6181_8734,,24.0,1060.0,0.0,0.0
6182,L6182_8735,51381.9,18.0,415.0,1.0,7.0
6182,L6182_8736,37277.02,36.0,364.0,0.0,0.0
6182,L6182_8737,24303.0,6.0,1337.0,0.0,0.0
6182,L6182_8738,92629.51,24.0,1441.0,0.0,0.0
6182,L6182_8739,38548.01,24.0,261.0,0.0,0.0
6184,L6184_8740,52321.22,9.0,459.0,0.0,0.0
6185,L6185_8741,35248.21,18.0,1217.0,1.0,7.0
6186,L6186_8742,61160.8,24.0,150.0,0.0,0.0
6186,L6186_8743,49074.9,,1177.0,0.0,0.0
6186,L6186_8744,39501.58,24.0,1297.0,0.0,0.0
6187,L6187_8745,77648.98,24.0,191.0,0.0,0.0
6187,L6187_8746,36782.65,3.0,1392.0,1.0,30.0
6188,L6188_8747,40912.4,18.0,322.0,1.0,3.0
6188,L6188_8748,120699.31,6.0,278.0,0.0,0.0
6189,L6189_8749,62475.49,24.0,941.0,0.0,0.0
6189,L6189_8750,22473.72,6.0,1562.0,0.0,0.0
6189,L6189_8751,46350.69,6.0,1361.0,0.0,0.0
6189,L6189_8752,35379.89,6.0,753.0,1.0,90.0
6190,L6190_8753,100092.06,6.0,458.0,0.0,0.0
6191,L6191_8754,37996.73,6.0,649.0,1.0,15.0
6191,L6191_8755,52277.6,36.0,605.0,0.0,0.0
6194,L6194_8756,41120.71,18.0,1080.0,0.0,0.0
6195,L6195_8757,18559.93,3.0,1155.0,0.0,0.0
6196,L6196_8758,33996.76,3.0,188.0,0.0,0.0
6196,L6196_8759,27080.86,3.0,634.0,0.0,0.0
6196,L6196_8760,81643.2,18.0,1253.0,1.0,1.0
6197,L6197_8761,35505.11,24.0,1477.0,,0.0
6197,L6197_8762,37403.89,18.0,566.0,0.0,0.0
6198,L6198_8763,46421.75,6.0,,0.0,0.0
6198,L6198_8764,85764.75,24.0,1216.0,0.0,0.0
6198,L6198_8765,50450.53,3.0,1161.0,0.0,0.0
6200,L6200_8766,71809.09,,1083.0,0.0,0.0
6200,L6200_8767,87642.62,9.0,545.0,0.0,0.0
6200,L6200_8768,28020.91,6.0,230.0,0.0,0.0
6201,L6201_8769,20297.75,24.0,,0.0,0.0
6201,L6201_8770,33162.3,24.0,,0.0,0.0
6202,L6202_8771,121399.68,36.0,,0.0,0.0
6204,L6204_8772,206453.75,36.0,1424.0,0.0,0.0
6204,L6204_8773,52873.15,,349.0,1.0,30.0
6205,L6205_8774,63365.31,24.0,195.0,0.0,0.0
6207,L6207_8775,56094.18,9.0,1554.0,0.0,0.0
6208,L6208_8776,28158.14,6.0,239.0,0.0,0.0
6209,L6209_8777,30617.72,9.0,1552.0,0.0,0.0
6210,L6210_8778,25732.1,9.0,1024.0,0.0,0.0
6211,L6211_8779,113453.89,9.0,357.0,0.0,0.0
6211,L6211_8780,105579.7,24.0,745.0,0.0,0.0
6211,L6211_8781,26420.87,36.0,743.0,0.0,0.0
6211,L6211_8782,150451.85,6.0,670.0,0.0,0.0
6211,L6211_8783,63360.05,12.0,491.0,0.0,0.0
6212,L6212_8784,86637.22,12.0,268.0,0.0,0.0
6214,L6214_8785,72330.09,6.0,529.0,1.0,7.0
6215,L6215_8786,42524.82,36.0,863.0,0.0,0.0
6215,L6215_8787,42733.83,18.0,1174.0,0.0,0.0
6215,L6215_8788,31339.76,18.0,466.0,0.0,0.0
6219,L6219_8789,39690.48,9.0,755.0,0.0,0.0
6220,L6220_8790,44216.53,36.0,791.0,0.0,0.0
6221,L6221_8791,94521.89,3.0,1049.0,0.0,0.0
6222,L6222_8792,44499.17,36.0,332.0,0.0,0.0
6223,L6223_8793,33168.47,3.0,392.0,0.0,0.0
6223,L6223_8794,45538.21,12.0,,0.0,0.0
6223,L6223_8795,33696.66,36.0,349.0,0.0,0.0
6223,L6223_8796,20175.65,12.0,1245.0,0.0,0.0
6225,L6225_8797,36612.64,12.0,224.0,0.0,0.0
6225,L6225_8798,33991.29,18.0,153.0,0.0,0.0
6225,L6225_8799,71877.72,12.0,1229.0,0.0,0.0
6226,L6226_8800,20204.67,18.0,244.0,0.0,0.0
6226,L6226_8801,34673.01,24.0,771.0,1.0,15.0
6227,L6227_8802,26525.8,9.0,884.0,0.0,0.0
6227,L6227_8803,48388.98,24.0,471.0,0.0,
6227,L6227_8804,55631.92,9.0,1561.0,0.0,0.0
6228,L6228_8805,44037.53,18.0,1494.0,0.0,0.0
6228,L6228_8806,32604.05,12.0,1357.0,1.0,60.0
6228,L6228_8807,45618.16,18.0,656.0,1.0,60.0
6229,L6229_8808,68947.74,12.0,715.0,1.0,15.0
6230,L6230_8809,64942.19,24.0,432.0,1.0,
6230,L6230_8810,19248.35,9.0,590.0,1.0,30.0
6232,L6232_8811,68380.32,9.0,852.0,0.0,0.0
6233,L6233_8812,49463.23,12.0,109.0,0.0,0.0
6233,L6233_8813,51903.75,36.0,168.0,1.0,15.0
6235,L6235_8814,55285.04,36.0,1536.0,0.0,0.0
6236,L6236_8815,55316.04,9.0,801.0,1.0,90.0
6237,L6237_8816,80565.29,12.0,463.0,0.0,0.0
6238,L6238_8817,18468.63,24.0,935.0,0.0,0.0
6238,L6238_8818,49023.32,6.0,507.0,0.0,0.0
6239,L6239_8819,15763.16,24.0,80.0,0.0,0.0
6240,L6240_8820,,24.0,1151.0,0.0,0.0
6240,L6240_8821,50892.64,12.0,343.0,0.0,0.0
6241,L6241_8822,43664.66,24.0,1036.0,0.0,0.0
6242,L6242_8823,21694.78,3.0,266.0,0.0,0.0
6242,L6242_8824,51338.74,9.0,1071.0,0.0,
6242,L6242_8825,62805.4,9.0,486.0,0.0,0.0
6242,L6242_8826,67649.7,9.0,649.0,0.0,0.0
6242,L6242_8827,103965.45,18.0,1579.0,0.0,0.0
6243,L6243_8828,38041.63,9.0,257.0,0.0,0.0
6244,L6244_8829,17383.98,9.0,39.0,0.0,0.0
6245,L6245_8830,36052.25,,208.0,1.0,60.0
6245,L6245_8831,52408.91,12.0,944.0,0.0,0.0
6246,L6246_8832,78619.54,9.0,1209.0,0.0,0.0
6247,L6247_8833,60251.98,36.0,1487.0,0.0,0.0
6247,L6247_8834,44740.8,36.0,272.0,0.0,0.0
6249,L6249_8835,54279.09,24.0,130.0,0.0,0.0
6249,L6249_8836,36508.73,18.0,216.0,0.0,
6250,L6250_8837,44272.13,6.0,728.0,0.0,
6250,L6250_8838,39048.67,3.0,702.0,0.0,0.0
6250,L6250_8839,46204.37,3.0,720.0,0.0,0.0
6251,L6251_8840,33055.8,6.0,,0.0,0.0
6251,L6251_8841,67452.31,24.0,431.0,0.0,0.0
6251,L6251_8842,24275.57,18.0,1175.0,0.0,0.0
6252,L6252_8843,41844.23,3.0,1515.0,0.0,0.0
6252,L6252_8844,40223.42,24.0,,0.0,0.0
6253,L6253_8845,49388.09,36.0,1476.0,,0.0
6255,L6255_8846,151528.7,24.0,1289.0,1.0,15.0
6255,L6255_8847,86142.23,24.0,521.0,0.0,0.0
6256,L6256_8848,38784.57,6.0,246.0,0.0,0.0
6258,L6258_8849,52435.81,12.0,1460.0,0.0,0.0
6258,L6258_8850,35336.32,18.0,243.0,1.0,15.0
6259,L6259_8851,71986.86,18.0,307.0,0.0,0.0
6259,L6259_8852,95085.51,12.0,1366.0,0.0,0.0
6259,L6259_8853,32682.64,18.0,620.0,0.0,0.0
6261,L6261_8854,53817.04,36.0,942.0,0.0,0.0
6261,L6261_8855,33988.17,36.0,1086.0,1.0,30.0
6261,L6261_8856,22153.97,12.0,480.0,1.0,1.0
6263,L6263_8857,115390.66,24.0,855.0,0.0,0.0
6263,L6263_8858,60085.3,6.0,139.0,0.0,0.0
6264,L6264_8859,34887.56,9.0,488.0,0.0,0.0
6265,L6265_8860,108611.9,3.0,1104.0,0.0,0.0
6265,L6265_8861,23230.64,36.0,1282.0,0.0,0.0
6266,L6266_8862,54763.26,6.0,658.0,0.0,0.0
6266,L6266_8863,26257.86,3.0,1307.0,0.0,0.0
6267,L6267_8864,61092.51,6.0,,0.0,0.0
6268,L6268_8865,82119.21,36.0,,1.0,15.0
6269,L6269_8866,133742.06,9.0,827.0,0.0,0.0
6269,L6269_8867,43361.27,24.0,952.0,0.0,0.0
6269,L6269_8868,62365.05,12.0,370.0,1.0,15.0
6269,L6269_8869,61136.82,24.0,1309.0,0.0,0.0
6269,L6269_8870,27447.45,24.0,1116.0,0.0,0.0
6270,L6270_8871,79964.07,24.0,883.0,1.0,3.0
6270,L6270_8872,28147.26,18.0,176.0,0.0,0.0
6270,L6270_8873,48483.34,12.0,1016.0,0.0,0.0
6270,L6270_8874,67988.4,12.0,593.0,0.0,0.0
6271,L6271_8875,60204.41,6.0,1514.0,1.0,30.0
6271,L6271_8876,32302.69,6.0,1365.0,0.0,0.0
6271,L6271_8877,163744.6,9.0,1445.0,0.0,0.0
6271,L6271_8878,23459.76,3.0,391.0,0.0,0.0
6271,L6271_8879,39163.6,6.0,1526.0,0.0,0.0
6272,L6272_8880,,3.0,574.0,0.0,0.0
6272,L6272_8881,90507.5,9.0,1140.0,0.0,0.0
6272,L6272_8882,31520.3,24.0,1369.0,0.0,0.0
6272,L6272_8883,47050.24,24.0,,,0.0
6273,L6273_8884,122433.66,3.0,70.0,0.0,0.0
6274,L6274_8885,26103.49,3.0,1148.0,0.0,0.0
6274,L6274_8886,29920.21,36.0,1485.0,0.0,0.0
6275,L6275_8887,34146.56,3.0,168.0,0.0,0.0
6275,L6275_8888,41559.01,9.0,904.0,0.0,0.0
6278,L6278_8889,29890.23,18.0,1430.0,0.0,0.0
6278,L6278_8890,60150.02,9.0,173.0,0.0,0.0
6278,L6278_8891,51211.64,24.0,1068.0,0.0,0.0
6279,L6279_8892,19042.16,12.0,1511.0,1.0,15.0
6279,L6279_8893,107259.57,6.0,1414.0,0.0,0.0
6280,L6280_8894,116950.57,18.0,634.0,0.0,0.0
6281,L6281_8895,113412.87,3.0,755.0,1.0,15.0
6282,L6282_8896,18962.5,9.0,1589.0,0.0,0.0
6282,L6282_8897,68118.98,6.0,1383.0,1.0,1.0
6283,L6283_8898,34828.99,12.0,176.0,0.0,0.0
6283,L6283_8899,67716.17,24.0,764.0,0.0,0.0
6284,L6284_8900,42773.22,36.0,1294.0,0.0,0.0
6284,L6284_8901,19669.62,24.0,1510.0,0.0,0.0
6284,L6284_8902,29970.06,3.0,1577.0,0.0,0.0
6286,L6286_8903,15805.69,,196.0,1.0,7.0
6286,L6286_8904,34565.84,18.0,756.0,1.0,15.0
6286,L6286_8905,114369.58,6.0,1210.0,0.0,0.0
6287,L6287_8906,34262.5,,209.0,0.0,0.0
6289,L6289_8907,70704.43,24.0,773.0,0.0,0.0
6289,L6289_8908,107031.16,6.0,797.0,0.0,0.0
6290,L6290_8909,30473.73,3.0,963.0,1.0,90.0
6291,L6291_8910,47370.93,9.0,534.0,0.0,0.0
6291,L6291_8911,53185.45,,1357.0,0.0,0.0
6292,L6292_8912,60065.22,,512.0,0.0,0.0
6292,L6292_8913,67759.48,18.0,209.0,0.0,0.0
6294,L6294_8914,72454.11,24.0,1156.0,1.0,1.0
6294,L6294_8915,84107.19,36.0,1027.0,0.0,0.0
6294,L6294_8916,61425.42,3.0,927.0,0.0,0.0
6294,L6294_8917,43008.47,6.0,37.0,,0.0
6295,L6295_8918,51062.93,12.0,1126.0,0.0,0.0
6295,L6295_8919,74273.41,18.0,533.0,0.0,0.0
6296,L6296_8920,33071.85,12.0,238.0,1.0,15.0
6296,L6296_8921,21774.36,9.0,767.0,0.0,0.0
6296,L6296_8922,103868.65,12.0,716.0,0.0,0.0
6298,L6298_8923,33181.22,36.0,1028.0,0.0,0.0
6299,L6299_8924,64850.04,18.0,22.0,0.0,0.0
6299,L6299_8925,40479.3,3.0,1554.0,0.0,0.0
6299,L6299_8926,36811.19,12.0,172.0,0.0,0.0
6300,L6300_8927,80548.11,18.0,1030.0,1.0,7.0
6300,L6300_8928,35249.11,3.0,1344.0,0.0,0.0
6300,L6300_8929,36270.18,6.0,570.0,0.0,0.0
6301,L6301_8930,72875.78,24.0,1208.0,1.0,30.0
6301,L6301_8931,51596.92,6.0,1198.0,0.0,0.0
6302,L6302_8932,20104.59,12.0,324.0,0.0,0.0
6303,L6303_8933,141466.23,9.0,,0.0,0.0
6304,L6304_8934,28627.34,9.0,,0.0,0.0
6304,L6304_8935,93021.71,18.0,825.0,0.0,0.0
6304,L6304_8936,73875.94,18.0,26.0,0.0,
6304,L6304_8937,65615.58,9.0,1576.0,1.0,
6304,L6304_8938,31016.3,24.0,,,0.0
6306,L6306_8939,75768.26,18.0,840.0,0.0,0.0
6308,L6308_8940,45117.92,18.0,148.0,1.0,1.0
6308,L6308_8941,33035.94,12.0,1439.0,0.0,0.0
6310,L6310_8942,32763.32,9.0,,1.0,90.0
6311,L6311_8943,57826.13,3.0,1251.0,1.0,15.0
6311,L6311_8944,67222.81,24.0,630.0,0.0,0.0
6311,L6311_8945,69671.33,36.0,1256.0,0.0,0.0
6313,L6313_8946,17439.22,9.0,1590.0,0.0,0.0
6313,L6313_8947,53460.32,9.0,240.0,0.0,0.0
6313,L6313_8948,66410.54,12.0,626.0,0.0,0.0
6315,L6315_8949,51900.69,6.0,448.0,0.0,0.0
6315,L6315_8950,74369.5,3.0,196.0,0.0,0.0
6315,L6315_8951,40153.94,6.0,461.0,0.0,0.0
6316,L6316_8952,45688.44,36.0,978.0,0.0,0.0
6317,L6317_8953,128426.82,3.0,1526.0,1.0,3.0
6317,L6317_8954,19769.79,6.0,1442.0,0.0,
6318,L6318_8955,74594.47,36.0,491.0,0.0,0.0
6323,L6323_8956,95735.1,36.0,253.0,1.0,7.0
6323,L6323_8957,57633.22,36.0,1415.0,0.0,0.0
6325,L6325_8958,41481.37,6.0,35.0,1.0,3.0
6326,L6326_8959,28967.77,18.0,,0.0,0.0
6326,L6326_8960,39935.36,9.0,352.0,0.0,0.0
6327,L6327_8961,53261.53,36.0,409.0,0.0,0.0
6327,L6327_8962,37566.16,12.0,462.0,0.0,0.0
6327,L6327_8963,40423.26,12.0,70.0,0.0,0.0
6327,L6327_8964,73400.33,9.0,1273.0,0.0,0.0
6328,L6328_8965,91558.09,6.0,1432.0,0.0,0.0
6328,L6328_8966,38355.48,9.0,1182.0,0.0,0.0
6328,L6328_8967,69132.83,,140.0,1.0,1.0
6330,L6330_8968,28886.43,6.0,1125.0,0.0,0.0
6332,L6332_8969,72054.26,24.0,561.0,,0.0
6332,L6332_8970,41652.59,36.0,207.0,0.0,0.0
6332,L6332_8971,42244.03,24.0,658.0,0.0,0.0
6333,L6333_8972,64466.58,36.0,957.0,1.0,7.0
6334,L6334_8973,64005.35,6.0,793.0,0.0,0.0
6334,L6334_8974,56504.9,9.0,978.0,0.0,0.0
6335,L6335_8975,69542.92,6.0,305.0,0.0,0.0
6336,L6336_8976,72257.73,24.0,217.0,0.0,0.0
6336,L6336_8977,180225.94,18.0,1008.0,0.0,0.0
6337,L6337_8978,35996.54,3.0,819.0,1.0,1.0
6338,L6338_8979,33517.31,24.0,62.0,0.0,0.0
6339,L6339_8980,24083.6,3.0,902.0,0.0,0.0
6340,L6340_8981,32156.78,12.0,1246.0,0.0,0.0
6340,L6340_8982,26226.47,36.0,141.0,0.0,0.0
6343,L6343_8983,,6.0,1501.0,0.0,0.0
6343,L6343_8984,42111.93,,388.0,0.0,0.0
6343,L6343_8985,28652.92,,469.0,0.0,0.0
6344,L6344_8986,32343.65,6.0,1577.0,0.0,0.0
6345,L6345_8987,71873.53,9.0,1401.0,0.0,0.0
6345,L6345_8988,68916.49,18.0,432.0,1.0,7.0
6346,L6346_8989,104457.77,36.0,1133.0,0.0,0.0
6346,L6346_8990,33077.78,24.0,1255.0,0.0,0.0
6346,L6346_8991,52351.16,6.0,,0.0,0.0
6346,L6346_8992,84450.42,3.0,242.0,1.0,30.0
6347,L6347_8993,36997.6,12.0,153.0,0.0,0.0
6347,L6347_8994,34865.23,9.0,724.0,0.0,0.0
6347,L6347_8995,87042.2,9.0,,1.0,1.0
6347,L6347_8996,85768.56,9.0,1234.0,1.0,90.0
6348,L6348_8997,48132.17,12.0,1479.0,0.0,0.0
6348,L6348_8998,43689.99,18.0,1398.0,1.0,15.0
6350,L6350_8999,83653.16,9.0,1073.0,1.0,30.0
6350,L6350_9000,51508.29,,1134.0,0.0,0.0
6350,L6350_9001,28185.14,3.0,499.0,0.0,0.0
6351,L6351_9002,57974.09,36.0,439.0,0.0,0.0
6351,L6351_9003,15655.75,18.0,845.0,0.0,0.0
6352,L6352_9004,69855.58,3.0,1207.0,1.0,1.0
6352,L6352_9005,54516.62,6.0,132.0,0.0,0.0
6352,L6352_9006,73695.36,36.0,60.0,1.0,7.0
6353,L6353_9007,89096.88,24.0,567.0,1.0,15.0
6353,L6353_9008,69894.78,24.0,268.0,0.0,0.0
6353,L6353_9009,56227.46,12.0,116.0,0.0,0.0
6353,L6353_9010,29525.21,36.0,1271.0,0.0,0.0
6354,L6354_9011,41148.97,6.0,1260.0,0.0,0.0
6354,L6354_9012,55855.55,9.0,1061.0,0.0,0.0
6355,L6355_9013,53037.4,18.0,,1.0,15.0
6356,L6356_9014,50744.54,36.0,600.0,0.0,0.0
6356,L6356_9015,63698.13,3.0,843.0,0.0,0.0
6356,L6356_9016,35136.89,3.0,1344.0,0.0,0.0
6356,L6356_9017,73530.59,6.0,540.0,0.0,0.0
6360,L6360_9018,46176.34,6.0,258.0,0.0,0.0
6360,L6360_9019,21804.63,12.0,65.0,1.0,3.0
6360,L6360_9020,40996.3,24.0,927.0,0.0,0.0
6360,L6360_9021,26325.17,6.0,690.0,0.0,0.0
6361,L6361_9022,249891.25,6.0,248.0,0.0,0.0
6362,L6362_9023,45131.77,9.0,514.0,1.0,15.0
6364,L6364_9024,45432.26,24.0,1529.0,0.0,0.0
6364,L6364_9025,50024.92,18.0,563.0,0.0,0.0
6365,L6365_9026,58297.5,36.0,1164.0,0.0,0.0
6365,L6365_9027,52228.73,36.0,341.0,1.0,3.0
6366,L6366_9028,13869.21,24.0,749.0,0.0,0.0
6367,L6367_9029,126193.82,12.0,1359.0,0.0,0.0
6367,L6367_9030,51062.28,9.0,1103.0,0.0,0.0
6368,L6368_9031,21519.75,3.0,666.0,0.0,0.0
6368,L6368_9032,22690.7,9.0,92.0,0.0,0.0
6370,L6370_9033,58188.68,3.0,137.0,0.0,
6373,L6373_9034,64888.73,,156.0,0.0,0.0
6374,L6374_9035,20151.83,6.0,1246.0,0.0,0.0
6375,L6375_9036,49624.1,24.0,695.0,0.0,
6375,L6375_9037,68298.45,6.0,409.0,0.0,0.0
6375,L6375_9038,46317.88,12.0,1373.0,0.0,0.0
6375,L6375_9039,39348.78,12.0,548.0,0.0,0.0
6377,L6377_9040,48110.49,12.0,592.0,1.0,30.0
6377,L6377_9041,36086.35,3.0,628.0,0.0,
6379,L6379_9042,,9.0,1524.0,0.0,0.0
6379,L6379_9043,48866.55,9.0,969.0,0.0,0.0
6379,L6379_9044,133979.86,6.0,1238.0,0.0,0.0
6380,L6380_9045,95223.26,3.0,1520.0,,60.0
6380,L6380_9046,15227.35,9.0,1007.0,1.0,30.0
6381,L6381_9047,76089.59,9.0,879.0,0.0,0.0
6381,L6381_9048,31346.61,12.0,672.0,0.0,0.0
6382,L6382_9049,43355.34,18.0,735.0,0.0,0.0
6383,L6383_9050,76582.64,9.0,1419.0,0.0,0.0
6383,L6383_9051,44267.52,,770.0,0.0,0.0
6384,L6384_9052,21792.69,3.0,,1.0,7.0
6384,L6384_9053,25054.97,24.0,1320.0,0.0,0.0
6385,L6385_9054,18510.75,3.0,778.0,1.0,15.0
6386,L6386_9055,49065.06,12.0,1255.0,0.0,0.0
6386,L6386_9056,47745.39,36.0,977.0,1.0,3.0
6387,L6387_9057,46801.61,6.0,1230.0,0.0,0.0
6388,L6388_9058,32418.1,3.0,1518.0,0.0,0.0
6390,L6390_9059,52316.56,6.0,127.0,0.0,0.0
6390,L6390_9060,30506.97,3.0,703.0,0.0,0.0
6391,L6391_9061,34713.45,6.0,794.0,1.0,3.0
6391,L6391_9062,53005.2,3.0,814.0,0.0,0.0
6392,L6392_9063,42445.63,12.0,218.0,0.0,0.0
6392,L6392_9064,18491.42,36.0,232.0,0.0,0.0
6393,L6393_9065,38648.56,36.0,503.0,0.0,0.0
6395,L6395_9066,,9.0,1494.0,0.0,0.0
6396,L6396_9067,65012.5,6.0,50.0,0.0,0.0
6396,L6396_9068,54856.89,12.0,264.0,0.0,0.0
6396,L6396_9069,79198.77,36.0,528.0,1.0,7.0
6397,L6397_9070,42397.5,12.0,1373.0,1.0,30.0
6398,L6398_9071,107538.81,24.0,568.0,0.0,0.0
6398,L6398_9072,32970.81,9.0,413.0,0.0,0.0
6398,L6398_9073,48899.29,3.0,950.0,0.0,0.0
6398,L6398_9074,61736.3,36.0,214.0,0.0,0.0
6399,L6399_9075,70358.38,3.0,1343.0,0.0,0.0
6400,L6400_9076,91598.62,24.0,564.0,0.0,0.0
6400,L6400_9077,95299.6,12.0,768.0,0.0,0.0
6401,L6401_9078,50406.88,9.0,805.0,0.0,0.0
6401,L6401_9079,52747.62,24.0,711.0,0.0,0.0
6403,L6403_9080,32216.31,9.0,995.0,0.0,0.0
6403,L6403_9081,110086.62,,811.0,0.0,0.0
6404,L6404_9082,30897.24,3.0,,1.0,1.0
6406,L6406_9083,31151.31,36.0,140.0,0.0,0.0
6408,L6408_9084,87175.08,18.0,270.0,0.0,0.0
6409,L6409_9085,89665.95,3.0,733.0,0.0,0.0
6409,L6409_9086,16024.78,3.0,1383.0,0.0,0.0
6410,L6410_9087,102601.43,36.0,604.0,0.0,0.0
6411,L6411_9088,63960.52,,46.0,0.0,0.0
6411,L6411_9089,36596.87,3.0,230.0,0.0,0.0
6412,L6412_9090,57374.93,9.0,1429.0,1.0,7.0
6412,L6412_9091,36349.8,6.0,607.0,0.0,0.0
6412,L6412_9092,45279.09,6.0,1063.0,0.0,0.0
6412,L6412_9093,33732.84,6.0,1024.0,1.0,3.0
6413,L6413_9094,63936.16,3.0,89.0,0.0,0.0
6413,L6413_9095,25652.04,3.0,1015.0,1.0,7.0
6414,L6414_9096,,24.0,1030.0,1.0,1.0
6414,L6414_9097,36985.68,,214.0,0.0,0.0
6414,L6414_9098,17521.75,6.0,464.0,0.0,0.0
6415,L6415_9099,37728.99,36.0,306.0,1.0,7.0
6415,L6415_9100,48189.54,3.0,252.0,0.0,0.0
6416,L6416_9101,66818.48,12.0,1457.0,1.0,7.0
6417,L6417_9102,104163.96,9.0,1004.0,1.0,1.0
6418,L6418_9103,39334.27,6.0,559.0,0.0,0.0
6418,L6418_9104,22935.14,12.0,1421.0,0.0,0.0
6418,L6418_9105,53275.99,18.0,749.0,1.0,15.0
6418,L6418_9106,56885.79,18.0,250.0,0.0,0.0
6419,L6419_9107,155642.45,24.0,222.0,0.0,0.0
6419,L6419_9108,27122.79,6.0,689.0,0.0,0.0
6420,L6420_9109,32394.13,12.0,799.0,0.0,0.0
6420,L6420_9110,50602.42,3.0,1565.0,0.0,
6421,L6421_9111,32706.93,3.0,,0.0,0.0
6421,L6421_9112,37564.74,24.0,764.0,1.0,7.0
6422,L6422_9113,22220.53,36.0,1553.0,0.0,0.0
6422,L6422_9114,51909.58,9.0,331.0,0.0,0.0
6423,L6423_9115,28263.73,3.0,,0.0,0.0
6424,L6424_9116,141625.14,18.0,449.0,0.0,0.0
6425,L6425_9117,38855.73,12.0,1529.0,1.0,30.0
6425,L6425_9118,20492.24,12.0,1359.0,0.0,0.0
6426,L6426_9119,106664.83,18.0,1232.0,,0.0
6427,L6427_9120,92495.42,3.0,1449.0,0.0,0.0
6427,L6427_9121,65236.5,3.0,1441.0,0.0,0.0
6428,L6428_9122,38310.81,9.0,556.0,0.0,0.0
6428,L6428_9123,79389.08,,1358.0,0.0,0.0
6429,L6429_9124,,24.0,495.0,1.0,
6429,L6429_9125,28887.5,24.0,1127.0,0.0,0.0
6432,L6432_9126,107741.13,36.0,91.0,0.0,0.0
6434,L6434_9127,75925.42,6.0,423.0,1.0,7.0
6437,L6437_9128,38263.68,9.0,787.0,1.0,60.0
6438,L6438_9129,61659.54,9.0,,0.0,0.0
6438,L6438_9130,39914.34,12.0,461.0,0.0,0.0
6442,L6442_9131,84121.44,18.0,235.0,0.0,0.0
6442,L6442_9132,42134.64,12.0,867.0,0.0,0.0
6443,L6443_9133,76741.9,,1539.0,0.0,0.0
6443,L6443_9134,45385.03,9.0,382.0,0.0,0.0
6444,L6444_9135,96682.68,,86.0,0.0,0.0
6444,L6444_9136,84718.05,3.0,359.0,1.0,30.0
6445,L6445_9137,74936.39,3.0,238.0,0.0,0.0
6445,L6445_9138,77797.1,36.0,1012.0,0.0,0.0
6445,L6445_9139,66214.96,36.0,1388.0,0.0,0.0
6446,L6446_9140,105600.94,9.0,1041.0,0.0,0.0
6446,L6446_9141,72526.7,9.0,1140.0,0.0,0.0
6446,L6446_9142,42020.36,18.0,1289.0,0.0,0.0
6449,L6449_9143,24230.03,12.0,849.0,0.0,0.0
6450,L6450_9144,,24.0,1523.0,0.0,0.0
6450,L6450_9145,50911.89,18.0,590.0,0.0,0.0
6450,L6450_9146,,12.0,433.0,0.0,0.0
6450,L6450_9147,54488.28,24.0,104.0,0.0,0.0
6451,L6451_9148,27294.99,24.0,1229.0,0.0,0.0
6451,L6451_9149,54719.11,12.0,249.0,0.0,
6451,L6451_9150,33151.95,12.0,341.0,0.0,0.0
6453,L6453_9151,44197.18,36.0,30.0,0.0,0.0
6453,L6453_9152,38684.88,3.0,761.0,0.0,0.0
6455,L6455_9153,25276.36,18.0,882.0,0.0,0.0
6457,L6457_9154,27912.85,3.0,680.0,0.0,0.0
6457,L6457_9155,40584.07,36.0,870.0,1.0,30.0
6459,L6459_9156,51773.77,,906.0,0.0,0.0
6461,L6461_9157,77598.26,36.0,696.0,0.0,0.0
6461,L6461_9158,118835.38,6.0,,0.0,0.0
6462,L6462_9159,40553.22,24.0,1113.0,0.0,0.0
6462,L6462_9160,83301.4,24.0,659.0,0.0,0.0
6464,L6464_9161,70569.69,3.0,1435.0,0.0,0.0
6464,L6464_9162,39122.26,24.0,942.0,0.0,0.0
6465,L6465_9163,74566.11,3.0,171.0,0.0,0.0
6465,L6465_9164,38635.74,36.0,748.0,0.0,0.0
6465,L6465_9165,39440.72,18.0,510.0,1.0,1.0
6466,L6466_9166,44931.85,18.0,1562.0,0.0,0.0
6466,L6466_9167,34130.3,9.0,800.0,0.0,0.0
6466,L6466_9168,54146.81,36.0,363.0,0.0,0.0
6467,L6467_9169,93790.31,,857.0,0.0,0.0
6468,L6468_9170,89023.34,12.0,912.0,0.0,0.0
6471,L6471_9171,114023.0,12.0,1490.0,0.0,0.0
6471,L6471_9172,85041.54,3.0,,1.0,3.0
6471,L6471_9173,42884.83,24.0,678.0,0.0,0.0
6472,L6472_9174,136152.55,18.0,1218.0,0.0,0.0
6473,L6473_9175,52359.08,3.0,909.0,0.0,0.0
6474,L6474_9176,68260.42,9.0,1153.0,0.0,0.0
6474,L6474_9177,41036.02,3.0,636.0,1.0,7.0
6476,L6476_9178,68190.54,12.0,933.0,0.0,0.0
6476,L6476_9179,47716.88,,62.0,0.0,0.0
6477,L6477_9180,154844.89,24.0,1393.0,0.0,0.0
6477,L6477_9181,129942.92,3.0,213.0,0.0,0.0
6477,L6477_9182,93831.77,24.0,1195.0,0.0,0.0
6477,L6477_9183,29534.94,24.0,1040.0,0.0,0.0
6478,L6478_9184,56351.85,24.0,288.0,0.0,0.0
6479,L6479_9185,9156.27,18.0,406.0,0.0,0.0
6480,L6480_9186,57850.62,3.0,896.0,0.0,0.0
6480,L6480_9187,59287.31,9.0,40.0,0.0,0.0
6480,L6480_9188,31173.34,3.0,1111.0,0.0,0.0
6481,L6481_9189,79269.44,6.0,655.0,0.0,0.0
6481,L6481_9190,76888.12,3.0,196.0,1.0,15.0
6483,L6483_9191,34416.45,18.0,1485.0,1.0,7.0
6483,L6483_9192,38390.59,18.0,1317.0,0.0,0.0
6483,L6483_9193,50746.62,18.0,621.0,1.0,90.0
6484,L6484_9194,21183.71,6.0,989.0,0.0,
6484,L6484_9195,46639.2,18.0,573.0,0.0,0.0
6484,L6484_9196,25002.83,6.0,664.0,0.0,0.0
6485,L6485_9197,72639.6,9.0,1524.0,0.0,
6485,L6485_9198,22938.67,6.0,154.0,0.0,0.0
6485,L6485_9199,144332.71,24.0,97.0,0.0,0.0
6486,L6486_9200,54266.13,3.0,1523.0,0.0,0.0
6489,L6489_9201,19381.64,3.0,852.0,1.0,7.0
6490,L6490_9202,25564.5,12.0,329.0,0.0,0.0
6490,L6490_9203,53609.27,18.0,576.0,0.0,0.0
6490,L6490_9204,63352.96,18.0,1165.0,0.0,
6490,L6490_9205,50760.9,3.0,784.0,0.0,0.0
6491,L6491_9206,37723.19,6.0,482.0,0.0,0.0
6492,L6492_9207,46102.16,9.0,958.0,0.0,0.0
6492,L6492_9208,146994.84,,1488.0,,3.0
6493,L6493_9209,127648.6,9.0,684.0,0.0,0.0
6494,L6494_9210,27562.12,3.0,977.0,0.0,0.0
6495,L6495_9211,31264.51,9.0,709.0,1.0,
6495,L6495_9212,14147.77,6.0,30.0,0.0,0.0
6496,L6496_9213,24523.94,12.0,1332.0,0.0,0.0
6497,L6497_9214,46901.17,12.0,641.0,0.0,0.0
6499,L6499_9215,13769.9,24.0,1495.0,0.0,0.0
6500,L6500_9216,53112.89,6.0,1192.0,0.0,0.0
6501,L6501_9217,22704.32,12.0,131.0,0.0,0.0
6502,L6502_9218,21922.2,18.0,1147.0,0.0,0.0
6502,L6502_9219,52689.45,24.0,44.0,1.0,7.0
6503,L6503_9220,125931.82,36.0,1252.0,1.0,60.0
6503,L6503_9221,60724.17,24.0,1009.0,1.0,3.0
6505,L6505_9222,62032.25,36.0,528.0,1.0,15.0
6505,L6505_9223,98036.35,36.0,852.0,0.0,0.0
6505,L6505_9224,33853.69,24.0,224.0,0.0,0.0
6507,L6507_9225,111654.23,3.0,603.0,0.0,0.0
6507,L6507_9226,78271.88,9.0,1069.0,1.0,30.0
6508,L6508_9227,41821.14,18.0,534.0,0.0,0.0
6508,L6508_9228,50748.36,12.0,321.0,0.0,0.0
6509,L6509_9229,45012.37,36.0,610.0,0.0,0.0
6510,L6510_9230,42160.2,3.0,1292.0,0.0,0.0
6510,L6510_9231,31053.15,36.0,936.0,0.0,0.0
6511,L6511_9232,72662.24,18.0,1585.0,0.0,0.0
6511,L6511_9233,25165.2,6.0,1316.0,0.0,0.0
6512,L6512_9234,21507.75,9.0,872.0,0.0,0.0
6514,L6514_9235,30059.27,3.0,1219.0,0.0,0.0
6514,L6514_9236,35095.13,9.0,832.0,0.0,0.0
6515,L6515_9237,168073.65,18.0,393.0,1.0,15.0
6515,L6515_9238,158899.37,24.0,1304.0,0.0,0.0
6515,L6515_9239,75451.2,9.0,473.0,1.0,90.0
6516,L6516_9240,173123.11,,550.0,0.0,0.0
6517,L6517_9241,13371.49,6.0,770.0,1.0,
6518,L6518_9242,52196.23,18.0,760.0,0.0,0.0
6519,L6519_9243,74639.69,12.0,1206.0,0.0,0.0
6519,L6519_9244,20606.93,36.0,259.0,0.0,0.0
6520,L6520_9245,27724.77,36.0,408.0,0.0,0.0
6520,L6520_9246,88139.19,3.0,1571.0,0.0,0.0
6521,L6521_9247,54664.01,18.0,545.0,0.0,0.0
6521,L6521_9248,73412.65,24.0,289.0,0.0,0.0
6521,L6521_9249,62792.85,12.0,103.0,1.0,1.0
6522,L6522_9250,36707.44,3.0,365.0,0.0,0.0
6522,L6522_9251,72045.44,36.0,289.0,0.0,0.0
6522,L6522_9252,33648.74,12.0,1061.0,0.0,0.0
6523,L6523_9253,36264.81,6.0,154.0,0.0,0.0
6523,L6523_9254,32943.07,9.0,1598.0,1.0,30.0
6523,L6523_9255,45069.87,12.0,366.0,1.0,30.0
6523,L6523_9256,98827.3,36.0,367.0,0.0,0.0
6526,L6526_9257,19967.09,6.0,1521.0,1.0,3.0
6527,L6527_9258,53858.65,6.0,641.0,0.0,0.0
6528,L6528_9259,63092.61,24.0,184.0,0.0,0.0
6528,L6528_9260,21734.25,9.0,718.0,0.0,0.0
6530,L6530_9261,22471.09,3.0,,0.0,
6530,L6530_9262,56081.49,3.0,975.0,0.0,0.0
6531,L6531_9263,65641.31,12.0,1188.0,0.0,0.0
6531,L6531_9264,82402.73,24.0,489.0,0.0,0.0
6532,L6532_9265,26564.94,12.0,485.0,1.0,15.0
6532,L6532_9266,21812.16,3.0,1504.0,0.0,
6532,L6532_9267,95538.04,3.0,510.0,1.0,30.0
6532,L6532_9268,49704.79,18.0,1176.0,0.0,0.0
6533,L6533_9269,46506.56,,842.0,0.0,0.0
6533,L6533_9270,42118.06,18.0,1103.0,1.0,1.0
6533,L6533_9271,74449.01,12.0,941.0,0.0,0.0
6534,L6534_9272,61130.58,3.0,418.0,0.0,0.0
6538,L6538_9273,17145.49,36.0,262.0,0.0,0.0
6538,L6538_9274,19402.32,12.0,736.0,0.0,0.0
6538,L6538_9275,72219.42,36.0,207.0,0.0,0.0
6540,L6540_9276,42021.21,,1048.0,0.0,0.0
6540,L6540_9277,57428.68,9.0,951.0,1.0,1.0
6541,L6541_9278,37607.71,24.0,427.0,1.0,1.0
6541,L6541_9279,75542.08,3.0,795.0,0.0,0.0
6541,L6541_9280,46355.67,12.0,354.0,0.0,0.0
6543,L6543_9281,41539.38,36.0,468.0,1.0,7.0
6543,L6543_9282,29701.32,24.0,627.0,0.0,0.0
6543,L6543_9283,39734.41,3.0,745.0,0.0,0.0
6544,L6544_9284,79404.39,9.0,1057.0,0.0,
6546,L6546_9285,25796.39,18.0,1275.0,1.0,3.0
6546,L6546_9286,30492.42,18.0,1546.0,0.0,0.0
6546,L6546_9287,51164.11,6.0,194.0,1.0,90.0
6547,L6547_9288,44697.34,9.0,54.0,0.0,0.0
6547,L6547_9289,30220.36,36.0,1412.0,1.0,60.0
6547,L6547_9290,86637.0,9.0,516.0,0.0,0.0
6547,L6547_9291,41089.66,36.0,56.0,0.0,0.0
6548,L6548_9292,77364.65,12.0,725.0,0.0,0.0
6548,L6548_9293,27459.64,,963.0,1.0,60.0
6549,L6549_9294,97104.47,6.0,1254.0,0.0,0.0
6549,L6549_9295,59698.66,24.0,1147.0,0.0,0.0
6549,L6549_9296,77621.85,9.0,745.0,0.0,0.0
6549,L6549_9297,87579.26,18.0,1398.0,0.0,0.0
6550,L6550_9298,64763.37,36.0,564.0,0.0,0.0
6553,L6553_9299,33861.64,18.0,,1.0,1.0
6554,L6554_9300,75678.08,6.0,1368.0,0.0,
6555,L6555_9301,65208.99,36.0,1182.0,0.0,0.0
6556,L6556_9302,57024.49,9.0,250.0,1.0,30.0
6556,L6556_9303,95969.07,6.0,962.0,0.0,0.0
6557,L6557_9304,15735.29,36.0,1065.0,0.0,0.0
6557,L6557_9305,29235.06,24.0,,0.0,0.0
6558,L6558_9306,25141.82,12.0,257.0,0.0,0.0
6559,L6559_9307,31073.8,9.0,1219.0,0.0,0.0
6559,L6559_9308,20864.24,18.0,110.0,,7.0
6560,L6560_9309,78602.25,6.0,130.0,1.0,
6560,L6560_9310,44036.8,6.0,247.0,0.0,0.0
6560,L6560_9311,92974.36,9.0,1511.0,1.0,1.0
6560,L6560_9312,22297.3,12.0,262.0,0.0,0.0
6561,L6561_9313,38212.69,3.0,641.0,0.0,0.0
6563,L6563_9314,32999.01,,1546.0,0.0,0.0
6564,L6564_9315,29537.28,18.0,,0.0,0.0
6565,L6565_9316,39970.41,6.0,646.0,0.0,0.0
6566,L6566_9317,53005.74,9.0,316.0,0.0,0.0
6566,L6566_9318,28838.14,9.0,245.0,0.0,
6567,L6567_9319,72290.45,24.0,573.0,0.0,0.0
6567,L6567_9320,46015.0,,1338.0,0.0,0.0
6567,L6567_9321,38963.47,36.0,84.0,0.0,0.0
6570,L6570_9322,62178.43,12.0,1326.0,1.0,7.0
6570,L6570_9323,71761.4,9.0,402.0,0.0,0.0
6572,L6572_9324,73677.86,9.0,725.0,0.0,0.0
6572,L6572_9325,14193.36,9.0,414.0,0.0,0.0
6574,L6574_9326,12590.51,3.0,1390.0,0.0,0.0
6574,L6574_9327,46226.55,6.0,1111.0,0.0,0.0
6575,L6575_9328,120652.74,6.0,429.0,0.0,0.0
6578,L6578_9329,97136.17,6.0,159.0,0.0,0.0
6579,L6579_9330,37385.88,18.0,984.0,1.0,3.0
6579,L6579_9331,86491.43,3.0,1432.0,1.0,7.0
6580,L6580_9332,105246.22,12.0,1037.0,0.0,0.0
6581,L6581_9333,163936.66,24.0,534.0,0.0,0.0
6582,L6582_9334,66786.74,18.0,1535.0,0.0,0.0
6583,L6583_9335,16386.07,24.0,1026.0,0.0,0.0
6583,L6583_9336,59933.7,9.0,744.0,0.0,0.0
6584,L6584_9337,108667.8,12.0,1278.0,0.0,0.0
6585,L6585_9338,40615.37,3.0,410.0,0.0,0.0
6586,L6586_9339,37544.91,36.0,1001.0,0.0,0.0
6587,L6587_9340,48240.66,12.0,1591.0,1.0,90.0
6587,L6587_9341,,18.0,185.0,1.0,90.0
6588,L6588_9342,,9.0,69.0,1.0,90.0
6588,L6588_9343,243461.62,18.0,348.0,1.0,15.0
6589,L6589_9344,28258.62,12.0,148.0,0.0,0.0
6590,L6590_9345,30740.73,24.0,566.0,1.0,1.0
6591,L6591_9346,64988.37,24.0,960.0,0.0,0.0
6591,L6591_9347,56201.64,6.0,384.0,0.0,0.0
6591,L6591_9348,37440.09,9.0,739.0,1.0,60.0
6591,L6591_9349,21173.74,3.0,697.0,0.0,0.0
6592,L6592_9350,54396.35,9.0,558.0,0.0,0.0
6593,L6593_9351,37657.22,12.0,1265.0,0.0,0.0
6593,L6593_9352,138927.07,12.0,93.0,0.0,0.0
6593,L6593_9353,164310.67,36.0,1096.0,1.0,15.0
6593,L6593_9354,95014.47,9.0,1135.0,,0.0
6594,L6594_9355,212921.57,9.0,,0.0,0.0
6594,L6594_9356,110327.02,24.0,1531.0,1.0,90.0
6594,L6594_9357,,3.0,1014.0,1.0,1.0
6595,L6595_9358,40489.22,36.0,1176.0,0.0,0.0
6597,L6597_9359,84624.67,9.0,272.0,0.0,0.0
6597,L6597_9360,48563.57,9.0,570.0,1.0,15.0
6598,L6598_9361,61757.69,6.0,787.0,0.0,0.0
6598,L6598_9362,59003.58,3.0,1517.0,0.0,0.0
6599,L6599_9363,38196.08,36.0,197.0,0.0,0.0
6600,L6600_9364,35952.97,24.0,1445.0,0.0,0.0
6600,L6600_9365,55052.38,36.0,810.0,0.0,0.0
6601,L6601_9366,127411.49,36.0,220.0,0.0,0.0
6601,L6601_9367,128760.05,3.0,966.0,1.0,7.0
6603,L6603_9368,53211.81,36.0,1082.0,1.0,7.0
6603,L6603_9369,64881.56,,1010.0,1.0,3.0
6604,L6604_9370,47714.51,18.0,178.0,0.0,0.0
6604,L6604_9371,80441.6,3.0,1123.0,0.0,0.0
6606,L6606_9372,52392.0,9.0,609.0,1.0,7.0
6606,L6606_9373,21781.56,3.0,48.0,0.0,0.0
6607,L6607_9374,41918.72,9.0,320.0,1.0,60.0
6608,L6608_9375,86264.44,9.0,359.0,0.0,0.0
6610,L6610_9376,68424.1,12.0,743.0,0.0,0.0
6610,L6610_9377,22794.46,24.0,752.0,0.0,0.0
6610,L6610_9378,33066.25,24.0,446.0,0.0,0.0
6611,L6611_9379,101752.71,18.0,664.0,0.0,0.0
6611,L6611_9380,37101.89,,128.0,0.0,0.0
6613,L6613_9381,36027.49,3.0,45.0,0.0,0.0
6614,L6614_9382,75222.29,9.0,611.0,1.0,60.0
6615,L6615_9383,38774.13,9.0,1097.0,0.0,0.0
6615,L6615_9384,63169.94,24.0,1045.0,0.0,0.0
6616,L6616_9385,106014.12,9.0,139.0,0.0,0.0
6616,L6616_9386,130776.29,12.0,657.0,0.0,0.0
6617,L6617_9387,39646.38,3.0,632.0,1.0,7.0
6618,L6618_9388,113631.01,3.0,1104.0,1.0,1.0
6618,L6618_9389,23004.27,3.0,1029.0,0.0,0.0
6619,L6619_9390,50017.66,12.0,277.0,1.0,3.0
6619,L6619_9391,33979.2,12.0,550.0,1.0,7.0
6621,L6621_9392,73804.33,6.0,924.0,0.0,0.0
6622,L6622_9393,32989.41,24.0,780.0,0.0,0.0
6624,L6624_9394,63828.3,3.0,172.0,1.0,15.0
6625,L6625_9395,58818.59,18.0,709.0,0.0,0.0
6625,L6625_9396,79802.75,36.0,1132.0,0.0,0.0
6626,L6626_9397,48214.01,18.0,283.0,0.0,0.0
6627,L6627_9398,187327.3,18.0,949.0,0.0,0.0
6628,L6628_9399,23095.7,9.0,757.0,0.0,0.0
6630,L6630_9400,37166.23,6.0,,0.0,0.0
6630,L6630_9401,88763.93,3.0,596.0,0.0,0.0
6631,L6631_9402,41879.06,36.0,704.0,0.0,0.0
6632,L6632_9403,54192.01,6.0,541.0,0.0,0.0
6633,L6633_9404,135972.03,36.0,1343.0,0.0,0.0
6634,L6634_9405,116714.52,3.0,496.0,0.0,0.0
6634,L6634_9406,27928.29,24.0,253.0,0.0,0.0
6637,L6637_9407,25003.1,12.0,1405.0,0.0,0.0
6639,L6639_9408,71332.07,36.0,447.0,1.0,15.0
6640,L6640_9409,69077.02,36.0,840.0,0.0,0.0
6640,L6640_9410,26638.44,24.0,203.0,1.0,15.0
6641,L6641_9411,36163.51,9.0,526.0,0.0,0.0
6641,L6641_9412,55710.3,36.0,1591.0,0.0,0.0
6641,L6641_9413,51363.7,18.0,989.0,0.0,0.0
6642,L6642_9414,71961.86,9.0,403.0,0.0,0.0
6642,L6642_9415,29198.01,3.0,754.0,0.0,
6643,L6643_9416,21153.27,24.0,978.0,0.0,0.0
6643,L6643_9417,94645.61,18.0,500.0,0.0,0.0
6643,L6643_9418,57081.67,3.0,778.0,0.0,0.0
6643,L6643_9419,58319.73,12.0,1294.0,0.0,0.0
6644,L6644_9420,,18.0,1561.0,0.0,0.0
6644,L6644_9421,40146.75,36.0,247.0,0.0,0.0
6645,L6645_9422,94878.19,3.0,845.0,0.0,0.0
6645,L6645_9423,71603.55,24.0,1468.0,1.0,30.0
6645,L6645_9424,43175.74,9.0,77.0,0.0,0.0
6646,L6646_9425,31411.19,,589.0,1.0,7.0
6646,L6646_9426,78540.64,18.0,1413.0,0.0,0.0
6646,L6646_9427,28413.2,18.0,300.0,0.0,0.0
6647,L6647_9428,23229.34,24.0,1115.0,0.0,0.0
6647,L6647_9429,68200.46,3.0,1356.0,0.0,0.0
6648,L6648_9430,75740.6,6.0,610.0,0.0,0.0
6648,L6648_9431,,12.0,923.0,0.0,0.0
6649,L6649_9432,30959.93,18.0,1538.0,0.0,0.0
6651,L6651_9433,29137.97,18.0,,0.0,0.0
6652,L6652_9434,47639.73,36.0,1420.0,0.0,0.0
6652,L6652_9435,68926.4,12.0,1485.0,0.0,0.0
6652,L6652_9436,45823.4,3.0,562.0,1.0,3.0
6653,L6653_9437,69004.14,24.0,1514.0,0.0,0.0
6654,L6654_9438,72261.15,24.0,1367.0,1.0,30.0
6654,L6654_9439,17092.61,6.0,778.0,0.0,0.0
6656,L6656_9440,105395.17,18.0,1538.0,0.0,0.0
6656,L6656_9441,33808.72,24.0,1085.0,1.0,3.0
6657,L6657_9442,49656.24,6.0,810.0,0.0,0.0
6658,L6658_9443,80536.34,36.0,385.0,0.0,0.0
6658,L6658_9444,85803.79,3.0,544.0,0.0,0.0
6659,L6659_9445,131147.52,,91.0,1.0,7.0
6660,L6660_9446,24479.07,18.0,1416.0,1.0,30.0
6660,L6660_9447,59854.36,9.0,251.0,1.0,30.0
6661,L6661_9448,24718.76,3.0,143.0,0.0,0.0
6661,L6661_9449,49871.46,3.0,978.0,0.0,0.0
6662,L6662_9450,29650.75,3.0,235.0,0.0,0.0
6662,L6662_9451,94649.2,36.0,1145.0,,0.0
6662,L6662_9452,45458.73,12.0,1163.0,0.0,0.0
6663,L6663_9453,60390.76,3.0,368.0,0.0,0.0
6663,L6663_9454,68653.25,36.0,,,0.0
6663,L6663_9455,88839.0,9.0,63.0,0.0,0.0
6663,L6663_9456,36444.18,6.0,792.0,0.0,0.0
6663,L6663_9457,52331.8,12.0,1524.0,1.0,1.0
6663,L6663_9458,,9.0,1268.0,0.0,0.0
6664,L6664_9459,107361.83,24.0,145.0,1.0,7.0
6664,L6664_9460,39191.66,6.0,1257.0,0.0,0.0
6665,L6665_9461,36016.03,36.0,1377.0,0.0,0.0
6666,L6666_9462,75517.04,6.0,988.0,0.0,0.0
6668,L6668_9463,124692.13,9.0,1463.0,0.0,
6669,L6669_9464,22587.7,9.0,104.0,0.0,0.0
6669,L6669_9465,11604.04,6.0,805.0,0.0,0.0
6669,L6669_9466,52400.06,6.0,227.0,0.0,0.0
6669,L6669_9467,62765.91,6.0,383.0,0.0,0.0
6670,L6670_9468,44039.8,6.0,1151.0,0.0,0.0
6671,L6671_9469,24807.29,24.0,227.0,0.0,0.0
6671,L6671_9470,33465.54,,1015.0,1.0,30.0
6671,L6671_9471,50561.25,18.0,1079.0,0.0,0.0
6672,L6672_9472,44400.59,,774.0,0.0,0.0
6674,L6674_9473,29467.67,12.0,1236.0,0.0,0.0
6674,L6674_9474,48599.51,9.0,427.0,,0.0
6674,L6674_9475,49328.72,36.0,595.0,0.0,0.0
6674,L6674_9476,51366.52,6.0,,1.0,30.0
6674,L6674_9477,31966.08,12.0,765.0,1.0,7.0
6676,L6676_9478,63968.2,6.0,192.0,0.0,0.0
6676,L6676_9479,35785.64,6.0,480.0,0.0,0.0
6676,L6676_9480,86111.18,36.0,25.0,0.0,0.0
6677,L6677_9481,35295.01,18.0,1306.0,0.0,0.0
6680,L6680_9482,61040.48,36.0,1336.0,0.0,0.0
6682,L6682_9483,19285.63,24.0,1186.0,1.0,
6683,L6683_9484,82606.41,24.0,1321.0,0.0,0.0
6683,L6683_9485,95485.57,24.0,388.0,1.0,7.0
6683,L6683_9486,15873.29,9.0,1063.0,0.0,0.0
6683,L6683_9487,64381.54,24.0,1257.0,,0.0
6684,L6684_9488,105174.76,6.0,1449.0,0.0,0.0
6684,L6684_9489,37549.12,9.0,66.0,0.0,0.0
6684,L6684_9490,29152.84,3.0,1501.0,0.0,0.0
6684,L6684_9491,40739.19,9.0,1512.0,1.0,15.0
6685,L6685_9492,38520.03,6.0,1062.0,0.0,0.0
6685,L6685_9493,93594.85,3.0,887.0,1.0,90.0
6686,L6686_9494,89467.15,24.0,98.0,0.0,0.0
6687,L6687_9495,42614.73,24.0,1488.0,,0.0
6687,L6687_9496,51052.77,24.0,868.0,0.0,0.0
6687,L6687_9497,28684.17,36.0,1312.0,0.0,0.0
6687,L6687_9498,45209.5,9.0,384.0,0.0,0.0
6687,L6687_9499,57294.0,24.0,1053.0,0.0,0.0
6687,L6687_9500,66551.47,6.0,330.0,0.0,0.0
6689,L6689_9501,103757.65,,1263.0,0.0,0.0
6689,L6689_9502,86760.23,36.0,1469.0,0.0,0.0
6690,L6690_9503,28259.85,18.0,152.0,0.0,0.0
6692,L6692_9504,26122.56,36.0,1362.0,0.0,0.0
6693,L6693_9505,102324.24,18.0,287.0,0.0,0.0
6694,L6694_9506,31806.84,9.0,823.0,0.0,0.0
6694,L6694_9507,88921.1,36.0,1300.0,0.0,0.0
6694,L6694_9508,112418.6,9.0,598.0,1.0,3.0
6695,L6695_9509,102064.99,9.0,928.0,0.0,0.0
6696,L6696_9510,31571.53,,1296.0,1.0,1.0
6696,L6696_9511,56050.89,24.0,925.0,1.0,30.0
6697,L6697_9512,28761.08,3.0,994.0,0.0,0.0
6699,L6699_9513,21242.08,6.0,532.0,0.0,0.0
6699,L6699_9514,27444.43,24.0,557.0,1.0,7.0
6699,L6699_9515,64026.28,9.0,757.0,0.0,0.0
6699,L6699_9516,53265.86,3.0,1449.0,1.0,7.0
6700,L6700_9517,53236.88,9.0,367.0,0.0,0.0
6700,L6700_9518,40886.65,12.0,292.0,0.0,0.0
6700,L6700_9519,50433.11,18.0,575.0,1.0,7.0
6701,L6701_9520,20550.61,3.0,775.0,0.0,0.0
6702,L6702_9521,173065.53,6.0,1565.0,0.0,0.0
6702,L6702_9522,43198.69,9.0,352.0,0.0,0.0
6703,L6703_9523,18437.93,9.0,1151.0,0.0,0.0
6703,L6703_9524,38678.25,24.0,1274.0,1.0,60.0
6704,L6704_9525,28016.06,9.0,503.0,1.0,1.0
6704,L6704_9526,70816.53,3.0,1401.0,0.0,0.0
6706,L6706_9527,65995.12,12.0,171.0,1.0,7.0
6707,L6707_9528,79943.6,3.0,610.0,0.0,0.0
6707,L6707_9529,33285.64,6.0,400.0,0.0,0.0
6707,L6707_9530,62299.63,18.0,877.0,1.0,3.0
6707,L6707_9531,,6.0,1134.0,0.0,0.0
6707,L6707_9532,161547.5,6.0,1374.0,0.0,0.0
6709,L6709_9533,50510.35,,888.0,0.0,
6711,L6711_9534,25317.48,6.0,156.0,0.0,0.0
6712,L6712_9535,124725.36,24.0,437.0,0.0,0.0
6713,L6713_9536,43415.4,18.0,,0.0,0.0
6713,L6713_9537,68828.9,9.0,706.0,1.0,7.0
6715,L6715_9538,28448.78,24.0,929.0,1.0,3.0
6715,L6715_9539,46407.8,12.0,925.0,0.0,0.0
6715,L6715_9540,65094.91,9.0,1335.0,0.0,0.0
6716,L6716_9541,63161.57,3.0,1505.0,0.0,0.0
6716,L6716_9542,,36.0,1544.0,0.0,0.0
6718,L6718_9543,168113.41,36.0,1054.0,1.0,7.0
6719,L6719_9544,70908.31,18.0,1042.0,0.0,0.0
6722,L6722_9545,64988.66,12.0,1523.0,0.0,0.0
6723,L6723_9546,67882.27,3.0,1452.0,0.0,0.0
6723,L6723_9547,80345.23,18.0,,0.0,0.0
6724,L6724_9548,38696.81,18.0,1455.0,0.0,
6725,L6725_9549,59429.06,36.0,1281.0,0.0,0.0
6728,L6728_9550,46289.65,6.0,1290.0,0.0,0.0
6729,L6729_9551,57195.59,24.0,706.0,0.0,0.0
6729,L6729_9552,88586.77,3.0,557.0,1.0,7.0
6729,L6729_9553,113693.34,18.0,1117.0,1.0,1.0
6731,L6731_9554,60241.0,18.0,1599.0,0.0,0.0
6733,L6733_9555,120199.74,6.0,751.0,0.0,0.0
6733,L6733_9556,35498.93,18.0,1336.0,0.0,
6734,L6734_9557,13317.03,9.0,139.0,0.0,0.0
6735,L6735_9558,64041.18,3.0,196.0,1.0,60.0
6735,L6735_9559,69664.09,9.0,1282.0,0.0,0.0
6736,L6736_9560,47256.77,18.0,1416.0,0.0,0.0
6736,L6736_9561,24883.59,6.0,,1.0,3.0
6736,L6736_9562,54758.74,18.0,1556.0,0.0,0.0
6737,L6737_9563,50182.69,9.0,1234.0,0.0,0.0
6739,L6739_9564,45190.6,9.0,242.0,0.0,0.0
6739,L6739_9565,34025.12,18.0,114.0,1.0,1.0
6739,L6739_9566,61788.55,24.0,,0.0,0.0
6740,L6740_9567,45822.41,9.0,35.0,0.0,0.0
6740,L6740_9568,28164.66,18.0,,0.0,0.0
6740,L6740_9569,42408.5,3.0,306.0,0.0,0.0
6744,L6744_9570,22806.69,24.0,1015.0,0.0,0.0
6744,L6744_9571,69090.54,9.0,365.0,0.0,0.0
6747,L6747_9572,23673.05,6.0,1468.0,0.0,0.0
6747,L6747_9573,37689.11,6.0,1595.0,1.0,15.0
6748,L6748_9574,51243.14,3.0,691.0,1.0,3.0
6748,L6748_9575,40762.47,9.0,1317.0,0.0,0.0
6750,L6750_9576,53620.36,9.0,156.0,0.0,0.0
6750,L6750_9577,64382.38,36.0,1032.0,0.0,0.0
6751,L6751_9578,38691.42,24.0,1501.0,0.0,0.0
6751,L6751_9579,48567.36,6.0,596.0,0.0,0.0
6751,L6751_9580,69065.84,6.0,65.0,0.0,0.0
6753,L6753_9581,81061.12,24.0,636.0,0.0,0.0
6753,L6753_9582,20929.35,6.0,222.0,0.0,0.0
6754,L6754_9583,35545.05,24.0,1115.0,0.0,0.0
6755,L6755_9584,19597.37,12.0,1466.0,0.0,0.0
6756,L6756_9585,87738.06,6.0,1331.0,0.0,0.0
6758,L6758_9586,57689.37,36.0,402.0,0.0,0.0
6758,L6758_9587,42236.99,3.0,529.0,1.0,15.0
6758,L6758_9588,,12.0,413.0,0.0,0.0
6759,L6759_9589,85135.65,6.0,,0.0,0.0
6759,L6759_9590,51103.74,12.0,219.0,0.0,0.0
6760,L6760_9591,28291.26,18.0,1166.0,0.0,0.0
6760,L6760_9592,58742.47,24.0,,1.0,3.0
6761,L6761_9593,53378.25,24.0,571.0,0.0,0.0
6762,L6762_9594,33517.75,12.0,589.0,1.0,7.0
6762,L6762_9595,21584.24,3.0,134.0,0.0,0.0
6763,L6763_9596,31515.96,3.0,172.0,0.0,0.0
6763,L6763_9597,71654.0,3.0,1262.0,0.0,0.0
6764,L6764_9598,28176.84,9.0,1278.0,0.0,0.0
6765,L6765_9599,40058.7,,678.0,0.0,0.0
6765,L6765_9600,49105.96,18.0,1468.0,0.0,0.0
6766,L6766_9601,49359.39,12.0,649.0,0.0,0.0
6767,L6767_9602,70613.13,9.0,409.0,0.0,0.0
6768,L6768_9603,29059.03,3.0,643.0,0.0,0.0
6768,L6768_9604,24503.55,24.0,,0.0,0.0
6771,L6771_9605,34057.95,3.0,122.0,0.0,0.0
6771,L6771_9606,43643.66,3.0,709.0,0.0,0.0
6771,L6771_9607,113624.71,36.0,1423.0,1.0,15.0
6771,L6771_9608,39947.1,24.0,177.0,0.0,0.0
6773,L6773_9609,210497.35,36.0,531.0,1.0,1.0
6773,L6773_9610,48385.36,3.0,1336.0,0.0,0.0
6773,L6773_9611,52288.84,6.0,1227.0,1.0,7.0
6774,L6774_9612,40892.73,36.0,,0.0,
6775,L6775_9613,37652.0,12.0,587.0,1.0,15.0
6775,L6775_9614,28247.79,12.0,954.0,0.0,0.0
6776,L6776_9615,61591.71,9.0,824.0,1.0,30.0
6776,L6776_9616,70939.01,9.0,,0.0,0.0
6777,L6777_9617,30844.76,6.0,702.0,0.0,0.0
6777,L6777_9618,66603.69,18.0,897.0,1.0,60.0
6778,L6778_9619,78753.87,36.0,869.0,0.0,0.0
6780,L6780_9620,30948.07,36.0,487.0,1.0,1.0
6780,L6780_9621,18123.15,18.0,1253.0,1.0,15.0
6780,L6780_9622,22181.34,24.0,1468.0,0.0,0.0
6781,L6781_9623,51772.46,9.0,1328.0,1.0,
6781,L6781_9624,41261.46,24.0,989.0,0.0,
6781,L6781_9625,95143.24,9.0,1405.0,1.0,30.0
6782,L6782_9626,34811.51,3.0,244.0,0.0,0.0
6783,L6783_9627,43754.35,18.0,292.0,1.0,3.0
6784,L6784_9628,54962.77,3.0,1143.0,0.0,0.0
6784,L6784_9629,51855.53,9.0,1372.0,0.0,0.0
6785,L6785_9630,70071.59,12.0,1348.0,0.0,0.0
6785,L6785_9631,22453.24,18.0,818.0,0.0,0.0
6787,L6787_9632,26722.29,24.0,1125.0,0.0,0.0
6787,L6787_9633,69821.63,6.0,179.0,1.0,7.0
6788,L6788_9634,26863.72,18.0,937.0,0.0,0.0
6788,L6788_9635,77503.73,36.0,931.0,0.0,0.0
6788,L6788_9636,55783.31,18.0,880.0,0.0,0.0
6789,L6789_9637,23416.36,18.0,581.0,0.0,0.0
6790,L6790_9638,117036.37,24.0,416.0,0.0,0.0
6791,L6791_9639,63604.1,18.0,711.0,0.0,0.0
6791,L6791_9640,45720.55,12.0,861.0,0.0,0.0
6792,L6792_9641,118785.21,3.0,1226.0,0.0,0.0
6793,L6793_9642,53216.8,36.0,397.0,0.0,0.0
6794,L6794_9643,,36.0,1211.0,0.0,0.0
6794,L6794_9644,16954.95,18.0,663.0,0.0,0.0
6795,L6795_9645,84359.2,24.0,1255.0,1.0,3.0
6796,L6796_9646,22885.98,12.0,440.0,0.0,0.0
6797,L6797_9647,69924.57,3.0,66.0,0.0,0.0
6799,L6799_9648,51545.29,12.0,866.0,0.0,0.0
6802,L6802_9649,40376.3,36.0,992.0,0.0,0.0
6803,L6803_9650,45454.51,9.0,1115.0,1.0,7.0
6804,L6804_9651,28923.41,9.0,763.0,0.0,0.0
6804,L6804_9652,25715.97,24.0,974.0,0.0,0.0
6805,L6805_9653,59460.51,6.0,1494.0,1.0,3.0
6805,L6805_9654,38786.15,24.0,412.0,0.0,0.0
6806,L6806_9655,11770.97,6.0,213.0,1.0,1.0
6807,L6807_9656,33108.62,,544.0,0.0,0.0
6807,L6807_9657,36956.61,,67.0,0.0,0.0
6807,L6807_9658,30365.71,3.0,230.0,1.0,7.0
6808,L6808_9659,77128.35,24.0,632.0,1.0,3.0
6809,L6809_9660,76467.28,24.0,1046.0,0.0,0.0
6809,L6809_9661,100682.29,12.0,825.0,0.0,0.0
6810,L6810_9662,,9.0,436.0,0.0,0.0
6810,L6810_9663,107029.77,9.0,1361.0,1.0,1.0
6810,L6810_9664,35069.03,9.0,1303.0,1.0,60.0
6811,L6811_9665,41823.68,6.0,428.0,0.0,0.0
6811,L6811_9666,75496.44,3.0,1194.0,0.0,0.0
6811,L6811_9667,127350.27,9.0,348.0,0.0,0.0
6812,L6812_9668,29879.13,18.0,1397.0,0.0,0.0
6812,L6812_9669,72638.46,18.0,1198.0,0.0,0.0
6814,L6814_9670,69812.59,18.0,238.0,0.0,0.0
6815,L6815_9671,52280.54,18.0,110.0,0.0,0.0
6816,L6816_9672,57910.1,,993.0,1.0,7.0
6816,L6816_9673,77342.06,36.0,329.0,0.0,0.0
6816,L6816_9674,33643.0,9.0,428.0,1.0,60.0
6817,L6817_9675,234917.55,9.0,217.0,1.0,7.0
6817,L6817_9676,43450.78,6.0,817.0,0.0,0.0
6820,L6820_9677,77709.41,12.0,1398.0,0.0,0.0
6820,L6820_9678,28042.05,18.0,899.0,1.0,1.0
6820,L6820_9679,73913.63,36.0,119.0,0.0,0.0
6822,L6822_9680,59058.87,18.0,450.0,0.0,0.0
6823,L6823_9681,46789.63,24.0,1059.0,0.0,0.0
6823,L6823_9682,79895.31,36.0,537.0,,0.0
6824,L6824_9683,38572.96,24.0,1228.0,0.0,0.0
6824,L6824_9684,80053.32,6.0,1061.0,0.0,0.0
6824,L6824_9685,23735.46,24.0,635.0,0.0,0.0
6825,L6825_9686,42098.37,24.0,49.0,0.0,0.0
6826,L6826_9687,86965.32,24.0,935.0,0.0,0.0
6826,L6826_9688,174445.05,36.0,412.0,1.0,3.0
6827,L6827_9689,25482.95,12.0,1552.0,0.0,0.0
6828,L6828_9690,15755.4,9.0,1493.0,0.0,
6828,L6828_9691,36139.33,24.0,1071.0,0.0,0.0
6828,L6828_9692,101515.35,9.0,275.0,0.0,0.0
6829,L6829_9693,61837.81,6.0,1191.0,0.0,0.0
6830,L6830_9694,64605.15,18.0,101.0,0.0,0.0
6831,L6831_9695,140064.35,6.0,678.0,1.0,3.0
6834,L6834_9696,32514.15,24.0,212.0,0.0,0.0
6834,L6834_9697,50122.06,6.0,576.0,1.0,30.0
6835,L6835_9698,54788.46,3.0,781.0,1.0,3.0
6835,L6835_9699,56115.95,9.0,662.0,0.0,0.0
6836,L6836_9700,58983.88,6.0,410.0,1.0,3.0
6836,L6836_9701,105724.95,36.0,637.0,0.0,0.0
6837,L6837_9702,55503.53,24.0,1554.0,0.0,0.0
6839,L6839_9703,83948.66,12.0,1445.0,0.0,0.0
6839,L6839_9704,,24.0,955.0,1.0,30.0
6840,L6840_9705,20452.44,18.0,1474.0,0.0,0.0
6840,L6840_9706,,3.0,1095.0,0.0,0.0
6842,L6842_9707,123622.64,3.0,837.0,0.0,0.0
6842,L6842_9708,55614.16,18.0,304.0,0.0,0.0
6842,L6842_9709,83969.8,12.0,1144.0,0.0,
6844,L6844_9710,70313.62,18.0,815.0,0.0,0.0
6845,L6845_9711,79853.75,3.0,459.0,1.0,
6845,L6845_9712,39428.94,24.0,1313.0,0.0,0.0
6846,L6846_9713,43408.07,6.0,1509.0,0.0,0.0
6846,L6846_9714,68764.58,18.0,365.0,0.0,0.0
6847,L6847_9715,84904.98,6.0,916.0,0.0,0.0
6847,L6847_9716,72971.54,9.0,859.0,0.0,0.0
6848,L6848_9717,43379.11,36.0,370.0,1.0,15.0
6848,L6848_9718,60336.72,9.0,451.0,0.0,0.0
6849,L6849_9719,53540.35,6.0,1274.0,0.0,0.0
6851,L6851_9720,18017.1,24.0,1090.0,1.0,30.0
6851,L6851_9721,37459.14,36.0,909.0,0.0,0.0
6851,L6851_9722,67602.99,12.0,610.0,0.0,0.0
6852,L6852_9723,108453.69,12.0,528.0,0.0,0.0
6852,L6852_9724,,9.0,844.0,1.0,3.0
6853,L6853_9725,40514.83,6.0,634.0,1.0,7.0
6853,L6853_9726,85697.38,18.0,,0.0,0.0
6855,L6855_9727,52468.82,9.0,1137.0,0.0,0.0
6855,L6855_9728,46265.33,36.0,34.0,0.0,0.0
6856,L6856_9729,35361.4,3.0,1131.0,,0.0
6857,L6857_9730,99725.5,,326.0,0.0,0.0
6858,L6858_9731,79081.47,18.0,946.0,0.0,0.0
6858,L6858_9732,60135.23,12.0,224.0,0.0,0.0
6858,L6858_9733,26615.78,9.0,595.0,1.0,7.0
6858,L6858_9734,21306.67,6.0,804.0,1.0,30.0
6860,L6860_9735,75019.32,18.0,572.0,0.0,0.0
6860,L6860_9736,38523.37,24.0,1451.0,0.0,0.0
6861,L6861_9737,64527.11,3.0,1457.0,0.0,0.0
6862,L6862_9738,18045.88,12.0,376.0,0.0,0.0
6863,L6863_9739,24998.88,12.0,810.0,0.0,0.0
6864,L6864_9740,64938.21,3.0,926.0,0.0,0.0
6864,L6864_9741,64762.36,3.0,,0.0,0.0
6865,L6865_9742,69448.19,6.0,283.0,0.0,0.0
6865,L6865_9743,54810.52,12.0,372.0,0.0,0.0
6867,L6867_9744,82227.29,24.0,155.0,0.0,0.0
6867,L6867_9745,94237.94,,1591.0,0.0,0.0
6869,L6869_9746,21925.85,6.0,1038.0,0.0,0.0
6870,L6870_9747,77262.06,18.0,,0.0,0.0
6870,L6870_9748,19970.11,24.0,319.0,0.0,0.0
6871,L6871_9749,64313.19,18.0,1405.0,0.0,0.0
6871,L6871_9750,21569.28,12.0,1229.0,1.0,60.0
6871,L6871_9751,23749.27,18.0,502.0,1.0,3.0
6872,L6872_9752,40334.33,,385.0,0.0,0.0
6872,L6872_9753,33260.92,9.0,485.0,0.0,0.0
6873,L6873_9754,39836.22,36.0,758.0,0.0,0.0
6873,L6873_9755,51313.02,3.0,496.0,1.0,90.0
6874,L6874_9756,92808.64,18.0,288.0,1.0,3.0
6875,L6875_9757,67688.73,3.0,1343.0,1.0,3.0
6876,L6876_9758,27641.57,6.0,1122.0,0.0,0.0
6878,L6878_9759,33851.48,12.0,,0.0,0.0
6878,L6878_9760,52281.6,24.0,1098.0,1.0,1.0
6879,L6879_9761,43499.11,36.0,913.0,0.0,0.0
6879,L6879_9762,17089.6,3.0,414.0,0.0,0.0
6879,L6879_9763,37059.99,,269.0,1.0,15.0
6882,L6882_9764,141964.72,,795.0,0.0,0.0
6883,L6883_9765,61631.67,36.0,36.0,0.0,0.0
6884,L6884_9766,40999.14,9.0,1107.0,1.0,15.0
6885,L6885_9767,28156.96,6.0,130.0,0.0,0.0
6885,L6885_9768,38368.11,6.0,713.0,0.0,0.0
6887,L6887_9769,69021.98,12.0,995.0,1.0,1.0
6887,L6887_9770,96431.18,18.0,888.0,0.0,0.0
6889,L6889_9771,60412.32,24.0,209.0,0.0,0.0
6889,L6889_9772,41314.59,36.0,1572.0,1.0,3.0
6890,L6890_9773,71147.59,36.0,609.0,0.0,0.0
6892,L6892_9774,181804.82,36.0,504.0,0.0,0.0
6892,L6892_9775,47340.42,6.0,1270.0,0.0,0.0
6892,L6892_9776,50266.27,18.0,490.0,0.0,0.0
6893,L6893_9777,75530.6,24.0,1237.0,0.0,0.0
6893,L6893_9778,131260.68,3.0,1243.0,0.0,0.0
6894,L6894_9779,100612.38,12.0,955.0,0.0,0.0
6895,L6895_9780,31019.79,3.0,46.0,1.0,60.0
6895,L6895_9781,40911.21,6.0,1161.0,0.0,0.0
6895,L6895_9782,63673.56,6.0,622.0,1.0,7.0
6897,L6897_9783,44183.16,3.0,1588.0,1.0,3.0
6898,L6898_9784,52234.36,6.0,855.0,0.0,0.0
6898,L6898_9785,19562.19,6.0,572.0,,0.0
6900,L6900_9786,79885.71,24.0,373.0,0.0,0.0
6901,L6901_9787,14721.81,3.0,739.0,0.0,0.0
6901,L6901_9788,58089.99,3.0,646.0,0.0,0.0
6902,L6902_9789,13470.57,18.0,324.0,0.0,0.0
6903,L6903_9790,54238.56,6.0,84.0,0.0,0.0
6903,L6903_9791,102100.38,3.0,1228.0,0.0,0.0
6904,L6904_9792,31165.16,12.0,1050.0,0.0,0.0
6904,L6904_9793,69478.06,9.0,1459.0,0.0,0.0
6904,L6904_9794,85322.07,18.0,1303.0,1.0,15.0
6904,L6904_9795,27764.74,36.0,325.0,1.0,3.0
6905,L6905_9796,41021.88,18.0,285.0,0.0,0.0
6905,L6905_9797,155999.47,36.0,304.0,0.0,0.0
6906,L6906_9798,58776.54,9.0,330.0,0.0,0.0
6907,L6907_9799,49358.07,36.0,857.0,0.0,
6910,L6910_9800,45323.59,9.0,868.0,0.0,0.0
6911,L6911_9801,44859.02,18.0,254.0,0.0,0.0
6911,L6911_9802,57536.58,6.0,188.0,0.0,
6912,L6912_9803,44408.15,9.0,897.0,0.0,0.0
6912,L6912_9804,56441.0,24.0,784.0,0.0,0.0
6912,L6912_9805,66792.86,3.0,697.0,1.0,3.0
6913,L6913_9806,97303.25,12.0,289.0,0.0,0.0
6913,L6913_9807,45740.01,18.0,1087.0,1.0,30.0
6914,L6914_9808,39209.59,24.0,1031.0,0.0,0.0
6914,L6914_9809,40146.71,36.0,1327.0,0.0,0.0
6920,L6920_9810,43397.78,36.0,1474.0,0.0,0.0
6920,L6920_9811,16879.84,3.0,1093.0,0.0,0.0
6922,L6922_9812,27390.41,9.0,1411.0,0.0,0.0
6923,L6923_9813,41038.14,24.0,1549.0,1.0,1.0
6923,L6923_9814,39845.02,6.0,478.0,1.0,1.0
6924,L6924_9815,72090.17,9.0,1094.0,1.0,60.0
6927,L6927_9816,60479.02,12.0,1073.0,0.0,
6927,L6927_9817,31191.03,36.0,1391.0,0.0,0.0
6928,L6928_9818,38326.48,36.0,189.0,1.0,1.0
6928,L6928_9819,62707.87,12.0,495.0,0.0,0.0
6929,L6929_9820,63276.46,,1309.0,0.0,0.0
6929,L6929_9821,70644.27,3.0,753.0,0.0,0.0
6931,L6931_9822,50582.28,6.0,,0.0,0.0
6932,L6932_9823,54270.86,18.0,868.0,0.0,0.0
6932,L6932_9824,42210.18,6.0,685.0,0.0,0.0
6932,L6932_9825,52817.11,3.0,1281.0,0.0,0.0
6933,L6933_9826,93241.53,36.0,1569.0,0.0,0.0
6933,L6933_9827,12066.85,9.0,317.0,0.0,0.0
6933,L6933_9828,35933.28,,720.0,0.0,0.0
6937,L6937_9829,24490.13,6.0,608.0,0.0,0.0
6938,L6938_9830,,24.0,621.0,0.0,0.0
6941,L6941_9831,86093.05,12.0,969.0,0.0,0.0
6942,L6942_9832,25693.43,12.0,602.0,0.0,0.0
6943,L6943_9833,69171.17,18.0,1270.0,0.0,0.0
6945,L6945_9834,36123.71,36.0,1420.0,0.0,0.0
6945,L6945_9835,100141.02,,1067.0,1.0,7.0
6946,L6946_9836,52760.14,12.0,495.0,,0.0
6948,L6948_9837,32560.29,9.0,1037.0,0.0,0.0
6948,L6948_9838,44344.88,18.0,996.0,0.0,0.0
6949,L6949_9839,40880.14,3.0,853.0,1.0,60.0
6949,L6949_9840,52833.05,9.0,1162.0,0.0,0.0
6950,L6950_9841,198445.93,6.0,809.0,1.0,15.0
6951,L6951_9842,41091.13,24.0,30.0,0.0,0.0
6952,L6952_9843,27737.43,9.0,424.0,0.0,0.0
6953,L6953_9844,53340.09,3.0,465.0,0.0,0.0
6953,L6953_9845,78966.6,18.0,838.0,0.0,0.0
6954,L6954_9846,28479.44,6.0,446.0,0.0,0.0
6956,L6956_9847,29528.76,3.0,502.0,0.0,0.0
6956,L6956_9848,28808.54,12.0,855.0,1.0,3.0
6956,L6956_9849,44152.26,36.0,1435.0,0.0,0.0
6956,L6956_9850,58615.39,18.0,966.0,1.0,30.0
6958,L6958_9851,20790.49,36.0,370.0,0.0,0.0
6958,L6958_9852,7143.84,6.0,,0.0,0.0
6959,L6959_9853,8826.36,3.0,1319.0,0.0,0.0
6959,L6959_9854,38366.36,9.0,957.0,1.0,15.0
6960,L6960_9855,58037.33,36.0,187.0,0.0,0.0
6960,L6960_9856,19859.92,3.0,519.0,0.0,0.0
6960,L6960_9857,99095.38,24.0,751.0,0.0,0.0
6961,L6961_9858,114944.15,12.0,68.0,0.0,
6961,L6961_9859,110873.91,6.0,686.0,0.0,0.0
6963,L6963_9860,28154.0,12.0,962.0,0.0,0.0
6963,L6963_9861,51459.95,6.0,535.0,1.0,30.0
6964,L6964_9862,58644.31,18.0,904.0,0.0,0.0
6964,L6964_9863,48567.66,3.0,368.0,0.0,0.0
6964,L6964_9864,34635.2,3.0,564.0,0.0,0.0
6966,L6966_9865,29770.89,6.0,605.0,1.0,90.0
6966,L6966_9866,,3.0,1342.0,1.0,7.0
6967,L6967_9867,48039.02,36.0,1359.0,0.0,0.0
6967,L6967_9868,64336.32,24.0,1019.0,0.0,0.0
6967,L6967_9869,54578.91,24.0,313.0,1.0,3.0
6968,L6968_9870,43252.02,12.0,739.0,0.0,
6968,L6968_9871,76128.32,36.0,1445.0,0.0,0.0
6969,L6969_9872,27272.95,18.0,127.0,1.0,60.0
6969,L6969_9873,54707.75,24.0,,0.0,0.0
6970,L6970_9874,34361.79,6.0,759.0,0.0,0.0
6970,L6970_9875,35065.77,18.0,418.0,0.0,0.0
6971,L6971_9876,43135.36,18.0,68.0,0.0,0.0
6971,L6971_9877,60198.57,6.0,324.0,0.0,0.0
6972,L6972_9878,20345.82,24.0,293.0,0.0,0.0
6973,L6973_9879,75856.73,3.0,986.0,0.0,0.0
6973,L6973_9880,39378.8,18.0,433.0,,3.0
6973,L6973_9881,40644.34,9.0,640.0,1.0,3.0
6973,L6973_9882,30985.5,6.0,68.0,0.0,0.0
6974,L6974_9883,75508.31,6.0,931.0,1.0,7.0
6974,L6974_9884,115734.44,12.0,24.0,1.0,30.0
6976,L6976_9885,55381.61,9.0,354.0,0.0,0.0
6976,L6976_9886,39750.22,6.0,1435.0,0.0,0.0
6976,L6976_9887,25715.64,6.0,1073.0,0.0,0.0
6977,L6977_9888,84117.93,,305.0,1.0,7.0
6977,L6977_9889,58885.9,12.0,821.0,0.0,0.0
6978,L6978_9890,80794.03,9.0,444.0,0.0,0.0
6979,L6979_9891,98757.43,,734.0,1.0,3.0
6980,L6980_9892,84654.35,9.0,1419.0,1.0,30.0
6981,L6981_9893,27707.82,9.0,176.0,0.0,0.0
6981,L6981_9894,48542.18,3.0,444.0,0.0,0.0
6982,L6982_9895,127514.96,24.0,1096.0,0.0,0.0
6982,L6982_9896,28059.19,6.0,1573.0,0.0,0.0
6985,L6985_9897,38932.79,36.0,617.0,0.0,0.0
6985,L6985_9898,88467.58,12.0,698.0,1.0,1.0
6985,L6985_9899,,18.0,698.0,0.0,0.0
6986,L6986_9900,76814.55,18.0,438.0,0.0,0.0
6987,L6987_9901,23440.85,6.0,900.0,1.0,3.0
6987,L6987_9902,106038.49,6.0,526.0,0.0,
6987,L6987_9903,68662.42,24.0,1202.0,0.0,0.0
6989,L6989_9904,29955.54,9.0,406.0,1.0,15.0
6989,L6989_9905,74653.24,18.0,1104.0,1.0,7.0
6990,L6990_9906,52698.93,24.0,217.0,1.0,15.0
6990,L6990_9907,47345.52,24.0,720.0,0.0,0.0
6991,L6991_9908,53928.27,24.0,1367.0,0.0,0.0
6993,L6993_9909,54935.23,,1018.0,0.0,0.0
6995,L6995_9910,42856.39,3.0,575.0,0.0,0.0
6995,L6995_9911,31688.74,3.0,257.0,1.0,15.0
6995,L6995_9912,56918.68,3.0,538.0,1.0,15.0
6996,L6996_9913,25551.7,6.0,665.0,0.0,0.0
6996,L6996_9914,30299.43,12.0,1278.0,0.0,0.0
6997,L6997_9915,47632.11,18.0,335.0,0.0,0.0
6998,L6998_9916,13465.36,24.0,443.0,0.0,0.0
6998,L6998_9917,44372.35,,629.0,0.0,0.0
6998,L6998_9918,41583.69,24.0,1288.0,1.0,3.0
6999,L6999_9919,36362.56,24.0,1415.0,0.0,0.0
7000,L7000_9920,56714.13,24.0,,1.0,60.0
7001,L7001_9921,80151.84,3.0,57.0,0.0,0.0
7001,L7001_9922,31488.38,12.0,763.0,0.0,0.0
7001,L7001_9923,40504.05,36.0,946.0,0.0,0.0
7003,L7003_9924,20837.36,36.0,1343.0,0.0,0.0
7004,L7004_9925,71287.27,24.0,1044.0,1.0,15.0
7004,L7004_9926,116622.52,18.0,122.0,0.0,0.0
7004,L7004_9927,27765.42,,566.0,0.0,0.0
7004,L7004_9928,44368.71,12.0,186.0,0.0,0.0
7005,L7005_9929,22361.5,36.0,1471.0,0.0,0.0
7005,L7005_9930,36062.19,24.0,1336.0,0.0,0.0
7005,L7005_9931,53828.92,12.0,1455.0,0.0,0.0
7006,L7006_9932,52051.43,6.0,998.0,0.0,0.0
7006,L7006_9933,68987.29,18.0,1385.0,0.0,0.0
7006,L7006_9934,49037.17,36.0,698.0,0.0,0.0
7007,L7007_9935,103818.64,12.0,1125.0,0.0,0.0
7007,L7007_9936,28262.52,12.0,733.0,1.0,30.0
7007,L7007_9937,31213.28,18.0,888.0,0.0,0.0
7008,L7008_9938,34927.2,24.0,732.0,0.0,0.0
7008,L7008_9939,18468.34,3.0,1578.0,,3.0
7009,L7009_9940,22001.31,12.0,1259.0,0.0,0.0
7013,L7013_9941,42093.43,9.0,1341.0,0.0,0.0
7014,L7014_9942,67867.92,9.0,1573.0,0.0,0.0
7015,L7015_9943,76199.18,36.0,1531.0,0.0,0.0
7015,L7015_9944,38560.68,24.0,642.0,,0.0
7016,L7016_9945,68868.0,3.0,1571.0,0.0,0.0
7017,L7017_9946,34682.52,6.0,1095.0,0.0,0.0
7017,L7017_9947,48689.8,36.0,1212.0,0.0,0.0
7018,L7018_9948,32565.11,24.0,1371.0,1.0,30.0
7018,L7018_9949,29753.59,6.0,1211.0,0.0,0.0
7019,L7019_9950,42430.95,36.0,,0.0,0.0
7020,L7020_9951,33180.02,36.0,1219.0,0.0,0.0
7022,L7022_9952,60329.45,9.0,634.0,0.0,0.0
7022,L7022_9953,28454.2,36.0,1218.0,0.0,0.0
7022,L7022_9954,40048.54,36.0,688.0,0.0,0.0
7023,L7023_9955,71251.36,9.0,603.0,0.0,0.0
7024,L7024_9956,115892.02,9.0,90.0,0.0,0.0
7025,L7025_9957,37641.61,24.0,1477.0,0.0,0.0
7026,L7026_9958,74918.63,6.0,997.0,0.0,0.0
7027,L7027_9959,99601.41,12.0,424.0,0.0,0.0
7028,L7028_9960,53581.96,18.0,99.0,1.0,60.0
7028,L7028_9961,86988.93,18.0,1379.0,1.0,30.0
7032,L7032_9962,40434.22,24.0,1041.0,0.0,0.0
7032,L7032_9963,98907.63,24.0,191.0,0.0,0.0
7033,L7033_9964,28795.63,9.0,1421.0,0.0,0.0
7035,L7035_9965,50191.63,12.0,1340.0,0.0,0.0
7035,L7035_9966,43816.67,18.0,473.0,0.0,0.0
7036,L7036_9967,,12.0,347.0,0.0,0.0
7036,L7036_9968,13472.37,6.0,728.0,0.0,0.0
7036,L7036_9969,36582.95,12.0,,,0.0
7036,L7036_9970,23903.91,6.0,895.0,0.0,0.0
7037,L7037_9971,39783.7,6.0,151.0,1.0,3.0
7037,L7037_9972,63021.09,24.0,195.0,0.0,0.0
7037,L7037_9973,53586.94,24.0,1338.0,0.0,0.0
7038,L7038_9974,48076.63,3.0,942.0,0.0,0.0
7039,L7039_9975,32753.57,9.0,1395.0,0.0,0.0
7042,L7042_9976,61636.16,36.0,964.0,0.0,0.0
7043,L7043_9977,,,1298.0,0.0,
7043,L7043_9978,79328.12,6.0,921.0,0.0,0.0
7045,L7045_9979,57856.84,3.0,518.0,0.0,0.0
7047,L7047_9980,103557.86,9.0,1462.0,0.0,0.0
7047,L7047_9981,32806.49,9.0,700.0,0.0,0.0
7049,L7049_9982,66272.99,24.0,571.0,0.0,0.0
7049,L7049_9983,21791.76,3.0,774.0,1.0,3.0
7049,L7049_9984,18539.76,6.0,1176.0,0.0,0.0
7050,L7050_9985,14184.4,24.0,771.0,0.0,0.0
7051,L7051_9986,100526.36,36.0,1549.0,0.0,0.0
7051,L7051_9987,,3.0,442.0,0.0,0.0
7051,L7051_9988,37833.16,9.0,793.0,0.0,0.0
7051,L7051_9989,,,833.0,0.0,0.0
7051,L7051_9990,36858.26,18.0,705.0,0.0,0.0
7052,L7052_9991,51066.01,24.0,1005.0,1.0,15.0
7053,L7053_9992,15937.49,6.0,1592.0,0.0,0.0
7053,L7053_9993,19140.8,36.0,767.0,0.0,0.0
7053,L7053_9994,76288.38,9.0,427.0,0.0,0.0
7054,L7054_9995,12122.56,12.0,1367.0,0.0,0.0
7054,L7054_9996,109400.52,9.0,1379.0,0.0,0.0
7055,L7055_9997,84727.21,24.0,335.0,0.0,
7057,L7057_9998,22440.05,12.0,790.0,0.0,0.0
7059,L7059_9999,59893.74,18.0,1568.0,,7.0
7061,L7061_10000,16226.21,9.0,1307.0,0.0,0.0
7062,L7062_10001,69318.99,12.0,1150.0,0.0,0.0
7063,L7063_10002,36505.8,3.0,78.0,0.0,0.0
7063,L7063_10003,29555.83,6.0,585.0,0.0,0.0
7064,L7064_10004,27107.54,24.0,1367.0,0.0,0.0
7064,L7064_10005,79281.66,12.0,1470.0,0.0,0.0
7065,L7065_10006,15120.39,18.0,1139.0,0.0,0.0
7065,L7065_10007,38917.15,6.0,589.0,0.0,0.0
7065,L7065_10008,,9.0,992.0,0.0,0.0
7065,L7065_10009,,9.0,,0.0,0.0
7067,L7067_10010,23989.91,18.0,1285.0,0.0,0.0
7067,L7067_10011,52586.81,6.0,774.0,0.0,0.0
7068,L7068_10012,47956.03,6.0,1001.0,0.0,0.0
7068,L7068_10013,31238.91,,173.0,1.0,60.0
7069,L7069_10014,19748.47,12.0,1354.0,0.0,0.0
7069,L7069_10015,29751.2,12.0,1537.0,0.0,0.0
7070,L7070_10016,27290.09,24.0,766.0,0.0,0.0
7070,L7070_10017,44523.36,36.0,1054.0,0.0,0.0
7070,L7070_10018,119226.27,18.0,440.0,0.0,0.0
7072,L7072_10019,39944.01,,897.0,0.0,0.0
7073,L7073_10020,63973.95,36.0,962.0,0.0,0.0
7075,L7075_10021,71689.31,9.0,37.0,0.0,0.0
7076,L7076_10022,24282.57,18.0,1480.0,0.0,0.0
7076,L7076_10023,27864.46,,1183.0,0.0,0.0
7078,L7078_10024,36532.53,36.0,673.0,0.0,0.0
7081,L7081_10025,24773.83,6.0,1493.0,0.0,0.0
7081,L7081_10026,36785.94,24.0,1215.0,0.0,0.0
7082,L7082_10027,31773.96,24.0,1410.0,0.0,0.0
7083,L7083_10028,100738.37,9.0,562.0,0.0,0.0
7083,L7083_10029,47515.02,9.0,1592.0,0.0,0.0
7085,L7085_10030,39131.03,12.0,496.0,0.0,0.0
7086,L7086_10031,34776.41,3.0,459.0,0.0,0.0
7087,L7087_10032,51097.18,6.0,488.0,0.0,0.0
7087,L7087_10033,32277.32,12.0,1268.0,0.0,0.0
7088,L7088_10034,46240.04,18.0,1228.0,1.0,3.0
7088,L7088_10035,50984.29,36.0,1520.0,0.0,0.0
7089,L7089_10036,23158.4,6.0,56.0,0.0,0.0
7090,L7090_10037,46757.78,36.0,73.0,1.0,7.0
7091,L7091_10038,,,683.0,0.0,0.0
7091,L7091_10039,32937.41,12.0,1268.0,0.0,0.0
7091,L7091_10040,63041.77,6.0,316.0,0.0,0.0
7092,L7092_10041,87252.37,12.0,213.0,1.0,7.0
7092,L7092_10042,61802.06,6.0,1109.0,0.0,0.0
7094,L7094_10043,34648.11,9.0,630.0,0.0,0.0
7095,L7095_10044,99684.14,6.0,813.0,1.0,3.0
7096,L7096_10045,40498.18,36.0,512.0,0.0,0.0
7097,L7097_10046,13774.77,12.0,607.0,1.0,7.0
7098,L7098_10047,35591.85,36.0,508.0,1.0,90.0
7100,L7100_10048,83022.73,,479.0,0.0,0.0
7100,L7100_10049,28698.73,24.0,,1.0,1.0
7101,L7101_10050,79995.83,36.0,353.0,0.0,0.0
7103,L7103_10051,85733.8,12.0,637.0,0.0,
7105,L7105_10052,105986.81,9.0,976.0,0.0,0.0
7105,L7105_10053,86015.99,6.0,625.0,0.0,0.0
7108,L7108_10054,53270.61,24.0,63.0,0.0,0.0
7108,L7108_10055,78787.05,9.0,681.0,0.0,0.0
7109,L7109_10056,30951.95,12.0,444.0,0.0,0.0
7109,L7109_10057,49127.64,3.0,,0.0,0.0
7110,L7110_10058,40872.11,12.0,995.0,1.0,15.0
7111,L7111_10059,60755.36,36.0,1010.0,0.0,0.0
7111,L7111_10060,23218.21,3.0,638.0,0.0,0.0
7112,L7112_10061,130400.57,18.0,430.0,0.0,0.0
7114,L7114_10062,39705.93,24.0,1001.0,0.0,0.0
7116,L7116_10063,27219.81,6.0,114.0,0.0,0.0
7116,L7116_10064,84860.13,36.0,798.0,0.0,0.0
7116,L7116_10065,49742.67,9.0,617.0,1.0,60.0
7118,L7118_10066,34456.45,12.0,1149.0,0.0,0.0
7118,L7118_10067,28045.58,18.0,612.0,0.0,
7118,L7118_10068,93260.95,3.0,1222.0,0.0,0.0
7120,L7120_10069,66013.05,12.0,1590.0,1.0,7.0
7120,L7120_10070,33503.19,18.0,1176.0,0.0,0.0
7120,L7120_10071,55325.48,36.0,211.0,0.0,0.0
7121,L7121_10072,61207.88,24.0,,0.0,0.0
7121,L7121_10073,42225.4,6.0,466.0,1.0,15.0
7122,L7122_10074,19611.56,9.0,502.0,0.0,0.0
7123,L7123_10075,65462.72,12.0,325.0,0.0,0.0
7123,L7123_10076,16391.96,6.0,1414.0,0.0,0.0
7123,L7123_10077,32604.91,3.0,370.0,1.0,15.0
7123,L7123_10078,41907.32,24.0,146.0,0.0,0.0
7123,L7123_10079,100040.65,6.0,521.0,0.0,0.0
7124,L7124_10080,20299.57,3.0,194.0,0.0,0.0
7125,L7125_10081,53731.9,9.0,1408.0,1.0,7.0
7126,L7126_10082,25602.2,36.0,,0.0,0.0
7127,L7127_10083,68728.69,9.0,328.0,0.0,0.0
7127,L7127_10084,33441.45,24.0,1169.0,0.0,0.0
7127,L7127_10085,45483.45,9.0,1057.0,1.0,90.0
7127,L7127_10086,79370.28,3.0,1288.0,0.0,0.0
7127,L7127_10087,45953.83,9.0,488.0,1.0,7.0
7128,L7128_10088,62172.03,24.0,890.0,1.0,1.0
7129,L7129_10089,37967.16,6.0,1274.0,,0.0
7129,L7129_10090,35406.0,18.0,1034.0,0.0,0.0
7131,L7131_10091,65047.55,18.0,470.0,0.0,
7133,L7133_10092,54952.48,,321.0,0.0,0.0
7134,L7134_10093,39282.49,24.0,449.0,1.0,3.0
7134,L7134_10094,43670.92,,292.0,1.0,1.0
7134,L7134_10095,35356.49,3.0,664.0,0.0,0.0
7134,L7134_10096,57820.69,36.0,668.0,1.0,15.0
7134,L7134_10097,89456.46,9.0,862.0,1.0,3.0
7134,L7134_10098,64298.71,18.0,1195.0,0.0,0.0
7137,L7137_10099,17397.33,18.0,235.0,0.0,0.0
7137,L7137_10100,59808.95,6.0,1158.0,0.0,0.0
7138,L7138_10101,54689.87,36.0,821.0,0.0,0.0
7139,L7139_10102,32813.32,6.0,320.0,0.0,0.0
7139,L7139_10103,39898.48,12.0,1035.0,0.0,0.0
7140,L7140_10104,59425.12,3.0,1016.0,1.0,1.0
7140,L7140_10105,,6.0,209.0,0.0,0.0
7143,L7143_10106,52967.8,36.0,1161.0,0.0,0.0
7143,L7143_10107,69562.48,3.0,114.0,0.0,0.0
7144,L7144_10108,42163.76,24.0,85.0,0.0,0.0
7146,L7146_10109,81909.19,12.0,1026.0,0.0,0.0
7146,L7146_10110,35199.35,9.0,818.0,0.0,0.0
7149,L7149_10111,74154.09,,1551.0,0.0,0.0
7149,L7149_10112,63921.64,12.0,1451.0,0.0,0.0
7149,L7149_10113,58269.42,24.0,794.0,0.0,0.0
7150,L7150_10114,66766.27,6.0,1320.0,0.0,0.0
7151,L7151_10115,63600.18,9.0,906.0,0.0,0.0
7151,L7151_10116,82513.14,18.0,240.0,0.0,0.0
7152,L7152_10117,44552.07,12.0,247.0,0.0,0.0
7152,L7152_10118,75524.56,36.0,461.0,1.0,1.0
7152,L7152_10119,69945.09,18.0,1100.0,1.0,7.0
7153,L7153_10120,33574.98,24.0,1200.0,1.0,7.0
7154,L7154_10121,62625.95,12.0,1496.0,0.0,0.0
7154,L7154_10122,50248.61,12.0,974.0,0.0,0.0
7154,L7154_10123,57318.24,6.0,1317.0,1.0,1.0
7155,L7155_10124,67079.9,18.0,550.0,0.0,0.0
7155,L7155_10125,82972.33,18.0,552.0,0.0,0.0
7159,L7159_10126,51171.66,9.0,1399.0,1.0,
7159,L7159_10127,20135.78,6.0,1063.0,0.0,0.0
7159,L7159_10128,32637.91,6.0,267.0,1.0,60.0
7160,L7160_10129,72968.83,6.0,1543.0,0.0,0.0
7161,L7161_10130,22097.07,3.0,678.0,0.0,0.0
7161,L7161_10131,78092.6,18.0,1232.0,1.0,7.0
7161,L7161_10132,214972.55,,494.0,0.0,0.0
7162,L7162_10133,,24.0,930.0,1.0,60.0
7162,L7162_10134,25197.73,36.0,975.0,1.0,3.0
7163,L7163_10135,45232.16,36.0,252.0,,0.0
7166,L7166_10136,38484.15,36.0,290.0,0.0,0.0
7167,L7167_10137,35139.34,3.0,418.0,0.0,0.0
7168,L7168_10138,56474.63,12.0,1515.0,0.0,0.0
7168,L7168_10139,71465.02,12.0,102.0,1.0,1.0
7169,L7169_10140,47697.81,6.0,1558.0,0.0,
7170,L7170_10141,9919.59,36.0,1222.0,0.0,0.0
7171,L7171_10142,108338.0,6.0,1293.0,1.0,60.0
7171,L7171_10143,45465.25,36.0,1568.0,1.0,7.0
7171,L7171_10144,37635.31,12.0,1178.0,0.0,
7173,L7173_10145,50876.83,3.0,634.0,1.0,3.0
7173,L7173_10146,57386.97,9.0,839.0,1.0,1.0
7174,L7174_10147,55407.88,12.0,1553.0,0.0,0.0
7174,L7174_10148,95008.72,24.0,1018.0,0.0,0.0
7174,L7174_10149,37186.01,3.0,805.0,0.0,0.0
7175,L7175_10150,26538.78,,208.0,0.0,0.0
7176,L7176_10151,22224.11,6.0,659.0,1.0,7.0
7176,L7176_10152,106389.41,24.0,1483.0,0.0,0.0
7178,L7178_10153,31257.15,9.0,849.0,0.0,0.0
7178,L7178_10154,43964.29,9.0,129.0,0.0,0.0
7178,L7178_10155,25697.82,18.0,188.0,1.0,30.0
7180,L7180_10156,43965.95,24.0,1125.0,1.0,7.0
7181,L7181_10157,141459.19,3.0,1023.0,1.0,7.0
7182,L7182_10158,26271.3,6.0,705.0,,0.0
7182,L7182_10159,26522.61,36.0,1366.0,1.0,7.0
7187,L7187_10160,34676.79,36.0,1103.0,1.0,90.0
7188,L7188_10161,152496.46,3.0,1441.0,1.0,3.0
7188,L7188_10162,,18.0,468.0,1.0,15.0
7190,L7190_10163,78588.08,18.0,1332.0,0.0,0.0
7190,L7190_10164,56484.43,9.0,1063.0,0.0,0.0
7190,L7190_10165,38900.79,,78.0,0.0,
7192,L7192_10166,31606.56,24.0,1391.0,0.0,0.0
7193,L7193_10167,106888.23,18.0,,0.0,0.0
7194,L7194_10168,48741.88,24.0,1252.0,0.0,0.0
7194,L7194_10169,65756.75,18.0,,1.0,7.0
7195,L7195_10170,17523.77,3.0,762.0,0.0,0.0
7196,L7196_10171,79636.54,9.0,241.0,0.0,0.0
7196,L7196_10172,42963.82,36.0,695.0,1.0,90.0
7196,L7196_10173,22542.99,6.0,193.0,0.0,0.0
7197,L7197_10174,68368.06,9.0,1276.0,0.0,0.0
7198,L7198_10175,37585.0,36.0,929.0,0.0,0.0
7198,L7198_10176,38011.28,12.0,192.0,1.0,15.0
7199,L7199_10177,,9.0,255.0,1.0,30.0
7199,L7199_10178,100407.7,24.0,508.0,0.0,
7199,L7199_10179,39088.87,18.0,1281.0,0.0,0.0
7200,L7200_10180,93974.39,18.0,1221.0,1.0,3.0
7201,L7201_10181,23972.52,36.0,1232.0,1.0,60.0
7201,L7201_10182,107609.56,12.0,737.0,1.0,3.0
7201,L7201_10183,99928.74,9.0,683.0,1.0,7.0
7203,L7203_10184,33634.55,9.0,923.0,0.0,0.0
7204,L7204_10185,145443.36,6.0,778.0,1.0,60.0
7204,L7204_10186,34655.94,12.0,1060.0,0.0,0.0
7205,L7205_10187,71454.46,12.0,1525.0,0.0,0.0
7205,L7205_10188,73634.98,6.0,322.0,0.0,0.0
7205,L7205_10189,24638.22,36.0,95.0,,0.0
7206,L7206_10190,56769.38,3.0,1438.0,0.0,0.0
7207,L7207_10191,44001.53,12.0,303.0,0.0,0.0
7208,L7208_10192,57901.77,3.0,92.0,0.0,0.0
7209,L7209_10193,35962.85,,281.0,0.0,0.0
7211,L7211_10194,59966.41,9.0,1497.0,0.0,0.0
7213,L7213_10195,65240.54,24.0,911.0,0.0,0.0
7213,L7213_10196,86034.04,9.0,753.0,0.0,0.0
7214,L7214_10197,47842.03,24.0,618.0,0.0,0.0
7214,L7214_10198,19339.36,6.0,427.0,0.0,
7215,L7215_10199,40869.59,3.0,1104.0,0.0,0.0
7215,L7215_10200,39825.52,36.0,752.0,0.0,0.0
7215,L7215_10201,83066.03,6.0,1123.0,0.0,0.0
7215,L7215_10202,25075.98,9.0,778.0,0.0,0.0
7216,L7216_10203,141725.89,36.0,645.0,0.0,0.0
7216,L7216_10204,26419.14,3.0,1468.0,0.0,0.0
7218,L7218_10205,17097.68,36.0,1490.0,0.0,0.0
7220,L7220_10206,69393.82,12.0,1014.0,0.0,0.0
7222,L7222_10207,131295.97,12.0,694.0,1.0,15.0
7223,L7223_10208,19346.1,24.0,837.0,1.0,7.0
7223,L7223_10209,10301.56,24.0,204.0,0.0,0.0
7224,L7224_10210,14100.59,24.0,724.0,0.0,0.0
7225,L7225_10211,58860.26,36.0,978.0,1.0,3.0
7226,L7226_10212,53875.32,6.0,1366.0,0.0,0.0
7228,L7228_10213,113919.15,24.0,98.0,0.0,0.0
7228,L7228_10214,243600.66,,1382.0,0.0,0.0
7228,L7228_10215,49234.46,,475.0,1.0,15.0
7229,L7229_10216,63050.32,18.0,935.0,0.0,0.0
7229,L7229_10217,28429.79,36.0,23.0,0.0,0.0
7230,L7230_10218,74028.27,9.0,591.0,0.0,0.0
7230,L7230_10219,97231.52,24.0,1414.0,1.0,3.0
7232,L7232_10220,115706.71,12.0,1230.0,0.0,0.0
7234,L7234_10221,27310.64,24.0,1573.0,0.0,0.0
7234,L7234_10222,62677.74,6.0,750.0,0.0,0.0
7234,L7234_10223,46089.0,9.0,818.0,0.0,0.0
7235,L7235_10224,41760.27,3.0,1485.0,0.0,0.0
7236,L7236_10225,59691.25,12.0,711.0,0.0,0.0
7237,L7237_10226,39765.96,12.0,717.0,1.0,7.0
7238,L7238_10227,88077.95,18.0,35.0,0.0,0.0
7239,L7239_10228,87456.66,36.0,922.0,0.0,0.0
7239,L7239_10229,26781.92,36.0,1103.0,0.0,0.0
7240,L7240_10230,31845.82,12.0,346.0,1.0,
7240,L7240_10231,33720.87,24.0,1590.0,0.0,0.0
7241,L7241_10232,18131.02,3.0,424.0,1.0,7.0
7242,L7242_10233,84506.69,6.0,993.0,0.0,0.0
7243,L7243_10234,84916.74,24.0,623.0,0.0,0.0
7244,L7244_10235,57115.01,24.0,1504.0,1.0,30.0
7244,L7244_10236,46159.6,36.0,,1.0,3.0
7244,L7244_10237,16646.1,12.0,486.0,0.0,0.0
7244,L7244_10238,35739.95,3.0,225.0,0.0,0.0
7246,L7246_10239,39680.18,24.0,1337.0,,0.0
7247,L7247_10240,66207.16,36.0,301.0,0.0,0.0
7248,L7248_10241,58054.99,12.0,1596.0,0.0,0.0
7249,L7249_10242,36043.12,18.0,964.0,0.0,0.0
7249,L7249_10243,38436.44,6.0,965.0,0.0,0.0
7249,L7249_10244,31225.76,36.0,1115.0,0.0,0.0
7250,L7250_10245,63348.95,36.0,362.0,0.0,0.0
7250,L7250_10246,78947.66,12.0,1589.0,0.0,0.0
7250,L7250_10247,46647.43,12.0,776.0,0.0,0.0
7250,L7250_10248,34725.64,3.0,1422.0,1.0,30.0
7251,L7251_10249,32778.1,24.0,1118.0,0.0,0.0
7251,L7251_10250,227227.81,,190.0,0.0,0.0
7252,L7252_10251,36251.08,3.0,1469.0,1.0,15.0
7252,L7252_10252,63905.81,12.0,1164.0,,1.0
7256,L7256_10253,149422.89,18.0,565.0,1.0,15.0
7256,L7256_10254,37819.75,36.0,1483.0,1.0,3.0
7256,L7256_10255,30481.64,9.0,1366.0,0.0,0.0
7257,L7257_10256,24043.13,6.0,948.0,1.0,15.0
7260,L7260_10257,58709.42,12.0,456.0,0.0,0.0
7260,L7260_10258,49231.62,9.0,1232.0,1.0,7.0
7261,L7261_10259,12111.33,18.0,719.0,0.0,0.0
7262,L7262_10260,89422.02,9.0,1330.0,0.0,0.0
7264,L7264_10261,59146.64,12.0,424.0,1.0,30.0
7265,L7265_10262,78131.95,3.0,665.0,0.0,0.0
7265,L7265_10263,34444.69,24.0,622.0,0.0,0.0
7265,L7265_10264,78346.72,3.0,194.0,0.0,0.0
7266,L7266_10265,46538.79,36.0,1418.0,0.0,0.0
7266,L7266_10266,71116.58,18.0,390.0,,0.0
7266,L7266_10267,42368.42,6.0,,1.0,7.0
7266,L7266_10268,50008.22,36.0,467.0,0.0,0.0
7267,L7267_10269,28537.84,9.0,537.0,0.0,0.0
7268,L7268_10270,35612.45,3.0,384.0,0.0,0.0
7270,L7270_10271,31894.76,36.0,770.0,1.0,3.0
7271,L7271_10272,27367.55,3.0,530.0,0.0,0.0
7271,L7271_10273,26098.91,18.0,251.0,0.0,0.0
7271,L7271_10274,46650.92,18.0,837.0,1.0,90.0
7271,L7271_10275,66887.6,3.0,1369.0,0.0,0.0
7272,L7272_10276,35852.44,6.0,744.0,0.0,0.0
7273,L7273_10277,125835.95,3.0,1370.0,1.0,30.0
7275,L7275_10278,41635.48,12.0,1524.0,0.0,0.0
7276,L7276_10279,58982.91,24.0,846.0,0.0,0.0
7276,L7276_10280,74575.26,3.0,1193.0,0.0,0.0
7277,L7277_10281,21643.46,6.0,1419.0,0.0,0.0
7277,L7277_10282,40901.47,36.0,371.0,1.0,7.0
7279,L7279_10283,45445.36,9.0,375.0,1.0,90.0
7280,L7280_10284,51870.13,3.0,992.0,0.0,0.0
7281,L7281_10285,30278.98,,1520.0,0.0,0.0
7282,L7282_10286,73290.62,12.0,1335.0,0.0,0.0
7283,L7283_10287,74541.81,12.0,1013.0,0.0,0.0
7283,L7283_10288,53564.49,,1507.0,0.0,0.0
7286,L7286_10289,42792.64,9.0,596.0,0.0,
7288,L7288_10290,243817.41,24.0,908.0,0.0,0.0
7288,L7288_10291,29403.38,18.0,103.0,0.0,0.0
7288,L7288_10292,64203.54,9.0,700.0,,7.0
7288,L7288_10293,39745.56,12.0,381.0,0.0,0.0
7289,L7289_10294,23568.59,6.0,696.0,0.0,0.0
7290,L7290_10295,66703.99,18.0,890.0,0.0,0.0
7291,L7291_10296,114295.25,18.0,475.0,0.0,0.0
7292,L7292_10297,91149.28,9.0,1366.0,0.0,0.0
7293,L7293_10298,71265.35,6.0,1372.0,0.0,0.0
7294,L7294_10299,,18.0,389.0,0.0,0.0
7295,L7295_10300,73158.59,6.0,1128.0,0.0,0.0
7295,L7295_10301,44767.12,3.0,537.0,0.0,0.0
7295,L7295_10302,18212.77,18.0,1368.0,1.0,
7297,L7297_10303,124798.2,6.0,1190.0,0.0,0.0
7297,L7297_10304,35895.2,18.0,908.0,0.0,0.0
7297,L7297_10305,197666.67,,1465.0,0.0,0.0
7297,L7297_10306,222389.38,6.0,380.0,0.0,0.0
7298,L7298_10307,35951.42,3.0,427.0,0.0,0.0
7298,L7298_10308,24610.28,3.0,961.0,0.0,0.0
7299,L7299_10309,80604.12,3.0,806.0,0.0,0.0
7299,L7299_10310,52824.43,6.0,820.0,0.0,0.0
7300,L7300_10311,139342.0,18.0,425.0,0.0,0.0
7300,L7300_10312,39998.04,3.0,309.0,0.0,0.0
7300,L7300_10313,31289.49,18.0,904.0,0.0,0.0
7300,L7300_10314,24585.7,18.0,361.0,0.0,0.0
7301,L7301_10315,43376.64,12.0,88.0,0.0,0.0
7303,L7303_10316,30745.9,9.0,1215.0,0.0,0.0
7304,L7304_10317,72138.17,36.0,596.0,0.0,0.0
7305,L7305_10318,25437.01,36.0,1389.0,1.0,3.0
7305,L7305_10319,32484.64,18.0,687.0,0.0,0.0
7305,L7305_10320,33694.55,36.0,863.0,0.0,0.0
7306,L7306_10321,41361.26,9.0,683.0,0.0,0.0
7306,L7306_10322,46311.65,18.0,108.0,1.0,7.0
7306,L7306_10323,15293.75,9.0,1566.0,0.0,0.0
7307,L7307_10324,55265.97,3.0,1274.0,1.0,30.0
7310,L7310_10325,46723.04,18.0,420.0,0.0,0.0
7312,L7312_10326,21124.0,18.0,560.0,0.0,0.0
7312,L7312_10327,51232.72,9.0,,0.0,0.0
7313,L7313_10328,74002.71,3.0,1509.0,0.0,0.0
7313,L7313_10329,33002.45,12.0,1496.0,1.0,90.0
7314,L7314_10330,34512.42,3.0,1394.0,1.0,1.0
7314,L7314_10331,31908.48,,1196.0,0.0,0.0
7314,L7314_10332,45252.36,12.0,1310.0,0.0,0.0
7315,L7315_10333,34040.64,24.0,1579.0,0.0,0.0
7316,L7316_10334,,24.0,1262.0,0.0,0.0
7317,L7317_10335,79714.28,6.0,336.0,0.0,0.0
7317,L7317_10336,86692.61,12.0,1321.0,0.0,0.0
7317,L7317_10337,229342.61,6.0,59.0,0.0,0.0
7318,L7318_10338,41064.45,6.0,944.0,1.0,7.0
7318,L7318_10339,41351.42,,1552.0,1.0,7.0
7318,L7318_10340,35642.38,9.0,21.0,0.0,0.0
7319,L7319_10341,26750.48,18.0,638.0,0.0,0.0
7319,L7319_10342,50330.35,,1167.0,0.0,0.0
7319,L7319_10343,28099.76,3.0,951.0,0.0,0.0
7320,L7320_10344,33575.98,3.0,,0.0,0.0
7320,L7320_10345,12316.43,36.0,392.0,0.0,0.0
7322,L7322_10346,52637.82,18.0,407.0,0.0,0.0
7322,L7322_10347,58182.28,9.0,1241.0,0.0,0.0
7323,L7323_10348,59641.98,18.0,98.0,0.0,0.0
7323,L7323_10349,18764.12,24.0,1429.0,1.0,7.0
7324,L7324_10350,94598.07,24.0,1591.0,0.0,0.0
7324,L7324_10351,47518.43,3.0,,1.0,3.0
7325,L7325_10352,104260.21,6.0,876.0,0.0,0.0
7326,L7326_10353,86004.9,6.0,769.0,1.0,
7326,L7326_10354,120105.55,12.0,775.0,1.0,7.0
7326,L7326_10355,30587.66,36.0,1057.0,1.0,7.0
7326,L7326_10356,66036.87,24.0,912.0,0.0,0.0
7327,L7327_10357,22155.59,24.0,1530.0,0.0,0.0
7327,L7327_10358,36703.21,36.0,722.0,0.0,0.0
7327,L7327_10359,55557.11,3.0,137.0,0.0,
7327,L7327_10360,36358.03,6.0,,0.0,0.0
7328,L7328_10361,55601.86,12.0,1242.0,0.0,0.0
7328,L7328_10362,49664.62,18.0,1331.0,0.0,0.0
7329,L7329_10363,182186.47,9.0,836.0,0.0,0.0
7330,L7330_10364,54947.07,6.0,271.0,0.0,0.0
7331,L7331_10365,71339.61,,350.0,1.0,7.0
7331,L7331_10366,108360.03,24.0,1055.0,0.0,0.0
7332,L7332_10367,29738.08,18.0,800.0,0.0,0.0
7333,L7333_10368,64952.35,36.0,349.0,0.0,0.0
7334,L7334_10369,95828.48,9.0,998.0,1.0,
7334,L7334_10370,56086.14,36.0,963.0,1.0,7.0
7334,L7334_10371,11603.01,36.0,563.0,1.0,3.0
7334,L7334_10372,34555.34,3.0,1219.0,0.0,0.0
7334,L7334_10373,95556.07,6.0,1076.0,0.0,0.0
7334,L7334_10374,60493.51,12.0,404.0,0.0,0.0
7335,L7335_10375,28329.2,3.0,235.0,0.0,0.0
7336,L7336_10376,45048.83,9.0,1136.0,0.0,0.0
7336,L7336_10377,82205.99,18.0,1438.0,0.0,0.0
7337,L7337_10378,20449.62,24.0,1096.0,0.0,0.0
7337,L7337_10379,40009.91,12.0,1339.0,1.0,3.0
7338,L7338_10380,13576.45,6.0,1553.0,0.0,0.0
7339,L7339_10381,36260.71,24.0,1547.0,0.0,
7339,L7339_10382,30561.03,18.0,122.0,0.0,0.0
7341,L7341_10383,51510.29,24.0,849.0,0.0,0.0
7341,L7341_10384,37948.58,18.0,45.0,0.0,0.0
7341,L7341_10385,54991.98,9.0,919.0,0.0,0.0
7342,L7342_10386,46122.55,3.0,88.0,1.0,1.0
7342,L7342_10387,38441.89,9.0,1152.0,0.0,0.0
7343,L7343_10388,64236.95,36.0,1289.0,0.0,0.0
7343,L7343_10389,107322.53,6.0,1087.0,1.0,1.0
7343,L7343_10390,17018.89,36.0,406.0,0.0,0.0
7343,L7343_10391,42720.46,,113.0,0.0,0.0
7344,L7344_10392,77943.03,36.0,1335.0,0.0,0.0
7344,L7344_10393,21895.55,36.0,137.0,0.0,0.0
7344,L7344_10394,133916.64,9.0,1206.0,,0.0
7344,L7344_10395,57634.29,36.0,1477.0,1.0,30.0
7344,L7344_10396,34106.55,24.0,971.0,0.0,0.0
7345,L7345_10397,46337.66,6.0,150.0,0.0,0.0
7345,L7345_10398,29237.52,36.0,876.0,0.0,0.0
7345,L7345_10399,36305.91,6.0,919.0,0.0,0.0
7346,L7346_10400,38920.15,6.0,998.0,0.0,0.0
7346,L7346_10401,37617.12,3.0,1033.0,0.0,0.0
7346,L7346_10402,60511.37,6.0,584.0,0.0,0.0
7347,L7347_10403,31577.08,24.0,173.0,0.0,0.0
7347,L7347_10404,82933.74,36.0,281.0,,0.0
7349,L7349_10405,25530.66,36.0,906.0,0.0,0.0
7349,L7349_10406,34271.89,6.0,226.0,1.0,7.0
7350,L7350_10407,27705.8,36.0,1446.0,1.0,7.0
7350,L7350_10408,34455.87,12.0,1474.0,0.0,0.0
7351,L7351_10409,49027.86,24.0,1565.0,0.0,0.0
7351,L7351_10410,26157.31,6.0,220.0,1.0,30.0
7352,L7352_10411,68484.96,18.0,1440.0,0.0,0.0
7352,L7352_10412,26937.32,18.0,1180.0,1.0,
7352,L7352_10413,,9.0,352.0,0.0,0.0
7354,L7354_10414,31934.72,18.0,1293.0,0.0,0.0
7354,L7354_10415,69984.75,9.0,584.0,0.0,0.0
7355,L7355_10416,42043.53,6.0,113.0,0.0,0.0
7356,L7356_10417,47118.24,24.0,814.0,1.0,3.0
7359,L7359_10418,46515.61,24.0,655.0,0.0,0.0
7360,L7360_10419,32571.14,36.0,1380.0,1.0,30.0
7360,L7360_10420,78145.79,12.0,772.0,0.0,0.0
7360,L7360_10421,57515.75,12.0,154.0,1.0,7.0
7362,L7362_10422,,12.0,409.0,0.0,0.0
7362,L7362_10423,34677.51,18.0,626.0,1.0,7.0
7363,L7363_10424,26488.58,12.0,1001.0,0.0,0.0
7364,L7364_10425,98717.53,3.0,1540.0,0.0,
7364,L7364_10426,35157.47,12.0,570.0,0.0,0.0
7365,L7365_10427,37828.19,12.0,459.0,0.0,0.0
7367,L7367_10428,28475.9,36.0,382.0,0.0,0.0
7368,L7368_10429,32033.17,12.0,494.0,0.0,0.0
7368,L7368_10430,15195.35,9.0,449.0,,0.0
7369,L7369_10431,57127.3,3.0,832.0,0.0,0.0
7369,L7369_10432,89055.08,9.0,479.0,0.0,0.0
7369,L7369_10433,46572.13,12.0,842.0,0.0,0.0
7370,L7370_10434,20468.1,36.0,515.0,1.0,3.0
7371,L7371_10435,92520.86,24.0,695.0,0.0,0.0
7371,L7371_10436,22796.21,36.0,401.0,0.0,0.0
7373,L7373_10437,108151.2,6.0,712.0,0.0,0.0
7374,L7374_10438,38163.92,,1114.0,0.0,0.0
7374,L7374_10439,14038.51,6.0,984.0,0.0,0.0
7377,L7377_10440,53264.31,9.0,1527.0,0.0,0.0
7377,L7377_10441,22466.37,18.0,345.0,0.0,0.0
7378,L7378_10442,60876.85,18.0,1464.0,0.0,0.0
7378,L7378_10443,48467.97,6.0,777.0,0.0,0.0
7379,L7379_10444,69953.23,18.0,791.0,0.0,0.0
7379,L7379_10445,102454.86,,,0.0,0.0
7380,L7380_10446,35880.63,,642.0,0.0,0.0
7380,L7380_10447,31685.46,3.0,168.0,0.0,0.0
7380,L7380_10448,30101.39,12.0,823.0,1.0,3.0
7380,L7380_10449,66185.56,,688.0,0.0,0.0
7381,L7381_10450,19483.28,36.0,388.0,0.0,0.0
7381,L7381_10451,36077.12,9.0,47.0,0.0,0.0
7382,L7382_10452,26137.43,9.0,820.0,0.0,0.0
7382,L7382_10453,62002.39,9.0,134.0,1.0,60.0
7383,L7383_10454,20359.87,9.0,320.0,0.0,0.0
7383,L7383_10455,38084.27,6.0,314.0,0.0,0.0
7383,L7383_10456,79421.94,36.0,343.0,0.0,0.0
7383,L7383_10457,38972.8,18.0,440.0,0.0,0.0
7384,L7384_10458,57089.59,24.0,68.0,0.0,0.0
7386,L7386_10459,42239.59,24.0,784.0,0.0,0.0
7388,L7388_10460,32182.12,36.0,1214.0,0.0,0.0
7388,L7388_10461,65768.76,6.0,1127.0,1.0,15.0
7388,L7388_10462,62967.98,24.0,437.0,1.0,
7391,L7391_10463,61665.96,36.0,1119.0,1.0,3.0
7393,L7393_10464,,18.0,161.0,0.0,0.0
7393,L7393_10465,91831.23,9.0,1125.0,1.0,
7393,L7393_10466,53725.04,3.0,261.0,0.0,0.0
7394,L7394_10467,71927.27,9.0,1291.0,0.0,0.0
7394,L7394_10468,75031.77,24.0,1177.0,0.0,
7395,L7395_10469,50630.94,18.0,775.0,0.0,0.0
7396,L7396_10470,94918.78,3.0,289.0,0.0,0.0
7399,L7399_10471,26822.05,24.0,762.0,1.0,7.0
7399,L7399_10472,76901.78,,195.0,0.0,0.0
7400,L7400_10473,28755.52,24.0,1542.0,0.0,
7401,L7401_10474,31015.38,12.0,1328.0,0.0,0.0
7402,L7402_10475,,9.0,851.0,1.0,15.0
7402,L7402_10476,104541.64,12.0,1443.0,0.0,0.0
7402,L7402_10477,38953.74,18.0,183.0,0.0,0.0
7403,L7403_10478,68836.76,24.0,1049.0,0.0,0.0
7404,L7404_10479,13597.74,36.0,1383.0,1.0,1.0
7405,L7405_10480,34844.67,12.0,585.0,1.0,7.0
7405,L7405_10481,30885.37,18.0,109.0,0.0,0.0
7405,L7405_10482,71658.7,36.0,1574.0,1.0,30.0
7406,L7406_10483,32906.98,9.0,536.0,0.0,0.0
7407,L7407_10484,103983.25,36.0,570.0,0.0,0.0
7408,L7408_10485,24782.66,9.0,1123.0,0.0,0.0
7409,L7409_10486,29365.58,,828.0,1.0,3.0
7409,L7409_10487,214802.67,9.0,1408.0,0.0,0.0
7409,L7409_10488,76931.23,36.0,214.0,1.0,30.0
7410,L7410_10489,41066.39,18.0,1387.0,1.0,3.0
7411,L7411_10490,54245.83,36.0,1052.0,1.0,90.0
7411,L7411_10491,52326.12,12.0,1007.0,1.0,30.0
7411,L7411_10492,52749.85,9.0,849.0,1.0,3.0
7414,L7414_10493,42779.28,24.0,1083.0,0.0,0.0
7415,L7415_10494,82830.48,3.0,,1.0,3.0
7415,L7415_10495,65244.21,18.0,1338.0,0.0,0.0
7415,L7415_10496,19720.87,3.0,1469.0,1.0,15.0
7417,L7417_10497,40295.0,3.0,657.0,0.0,0.0
7417,L7417_10498,41026.27,12.0,479.0,0.0,0.0
7418,L7418_10499,122431.01,6.0,434.0,0.0,
7420,L7420_10500,54940.58,6.0,653.0,0.0,0.0
7420,L7420_10501,21415.22,12.0,321.0,1.0,1.0
7421,L7421_10502,34693.1,12.0,1318.0,0.0,0.0
7422,L7422_10503,90681.57,24.0,81.0,1.0,15.0
7423,L7423_10504,95220.38,,1175.0,1.0,7.0
7424,L7424_10505,91722.03,12.0,926.0,0.0,0.0
7424,L7424_10506,60164.67,12.0,516.0,0.0,0.0
7424,L7424_10507,84860.19,3.0,919.0,0.0,0.0
7425,L7425_10508,32119.82,18.0,1562.0,0.0,0.0
7426,L7426_10509,38728.64,,662.0,1.0,15.0
7427,L7427_10510,17592.66,6.0,1441.0,0.0,
7428,L7428_10511,40823.69,12.0,25.0,1.0,15.0
7429,L7429_10512,12689.77,3.0,966.0,1.0,60.0
7429,L7429_10513,55525.14,6.0,1296.0,,0.0
7430,L7430_10514,133982.9,18.0,290.0,0.0,0.0
7431,L7431_10515,99116.65,3.0,354.0,0.0,0.0
7431,L7431_10516,23807.41,3.0,1442.0,0.0,0.0
7431,L7431_10517,80905.07,12.0,1025.0,0.0,0.0
7431,L7431_10518,41099.4,24.0,1485.0,0.0,0.0
7431,L7431_10519,49583.48,12.0,695.0,0.0,0.0
7433,L7433_10520,96010.79,6.0,1525.0,1.0,15.0
7433,L7433_10521,65200.12,3.0,524.0,0.0,0.0
7433,L7433_10522,35806.82,12.0,1034.0,0.0,0.0
7433,L7433_10523,41172.31,24.0,1134.0,0.0,0.0
7434,L7434_10524,95867.49,24.0,723.0,0.0,0.0
7435,L7435_10525,73536.0,24.0,530.0,1.0,15.0
7436,L7436_10526,34834.76,24.0,863.0,0.0,0.0
7436,L7436_10527,58006.17,24.0,1234.0,0.0,0.0
7436,L7436_10528,30097.09,12.0,1314.0,0.0,0.0
7437,L7437_10529,46387.9,,868.0,0.0,0.0
7437,L7437_10530,109387.73,36.0,,1.0,1.0
7439,L7439_10531,62554.95,9.0,382.0,1.0,
7441,L7441_10532,69559.89,12.0,845.0,0.0,0.0
7442,L7442_10533,29083.6,36.0,663.0,1.0,3.0
7442,L7442_10534,106922.43,24.0,398.0,0.0,0.0
7443,L7443_10535,39625.29,9.0,869.0,0.0,0.0
7444,L7444_10536,68803.14,3.0,1456.0,0.0,0.0
7445,L7445_10537,80200.23,3.0,1348.0,0.0,0.0
7446,L7446_10538,123063.73,24.0,936.0,0.0,0.0
7446,L7446_10539,80834.24,18.0,1051.0,0.0,
7447,L7447_10540,41430.82,9.0,261.0,0.0,0.0
7450,L7450_10541,63894.28,6.0,334.0,0.0,0.0
7451,L7451_10542,42513.45,3.0,61.0,1.0,30.0
7452,L7452_10543,93157.2,18.0,965.0,1.0,15.0
7452,L7452_10544,35308.32,6.0,1169.0,1.0,1.0
7452,L7452_10545,86087.01,24.0,604.0,0.0,0.0
7453,L7453_10546,139450.8,3.0,764.0,0.0,0.0
7455,L7455_10547,57103.74,24.0,1158.0,1.0,15.0
7456,L7456_10548,47980.6,24.0,813.0,0.0,0.0
7456,L7456_10549,46564.71,9.0,293.0,1.0,3.0
7458,L7458_10550,76176.87,36.0,504.0,0.0,0.0
7458,L7458_10551,45968.81,3.0,483.0,0.0,0.0
7461,L7461_10552,,6.0,638.0,0.0,0.0
7462,L7462_10553,20243.96,6.0,1440.0,0.0,0.0
7462,L7462_10554,28718.1,6.0,163.0,0.0,0.0
7463,L7463_10555,50023.87,36.0,143.0,0.0,0.0
7463,L7463_10556,105249.07,18.0,1271.0,1.0,15.0
7464,L7464_10557,46988.78,12.0,1332.0,0.0,0.0
7465,L7465_10558,60371.8,24.0,217.0,0.0,0.0
7465,L7465_10559,56609.53,,847.0,0.0,0.0
7466,L7466_10560,83520.97,24.0,,0.0,0.0
7466,L7466_10561,23576.34,18.0,1350.0,0.0,0.0
7467,L7467_10562,50428.73,6.0,321.0,0.0,0.0
7467,L7467_10563,35492.56,9.0,863.0,0.0,0.0
7467,L7467_10564,98689.2,6.0,1240.0,,0.0
7467,L7467_10565,36019.48,3.0,272.0,0.0,0.0
7468,L7468_10566,87553.22,,1231.0,1.0,1.0
7469,L7469_10567,67157.27,12.0,692.0,0.0,0.0
7469,L7469_10568,13187.23,9.0,1496.0,0.0,0.0
7469,L7469_10569,57628.43,6.0,643.0,0.0,0.0
7470,L7470_10570,62633.7,3.0,1052.0,0.0,0.0
7471,L7471_10571,94743.52,36.0,1403.0,0.0,0.0
7472,L7472_10572,82997.46,,,0.0,0.0
7474,L7474_10573,51300.32,6.0,1050.0,0.0,0.0
7475,L7475_10574,44937.63,6.0,1294.0,1.0,3.0
7476,L7476_10575,110764.48,24.0,1408.0,0.0,0.0
7476,L7476_10576,38482.87,,1282.0,0.0,0.0
7476,L7476_10577,48584.96,24.0,1070.0,,0.0
7477,L7477_10578,65888.32,18.0,735.0,0.0,0.0
7477,L7477_10579,51643.49,3.0,1532.0,0.0,0.0
7477,L7477_10580,61651.25,3.0,230.0,0.0,0.0
7478,L7478_10581,58982.07,9.0,587.0,1.0,3.0
7478,L7478_10582,59448.66,12.0,460.0,0.0,0.0
7480,L7480_10583,30841.3,9.0,1020.0,0.0,0.0
7482,L7482_10584,101345.31,9.0,804.0,0.0,0.0
7482,L7482_10585,39019.4,36.0,1227.0,1.0,1.0
7482,L7482_10586,27847.13,12.0,781.0,0.0,0.0
7483,L7483_10587,18434.48,3.0,1371.0,0.0,0.0
7483,L7483_10588,29543.27,6.0,613.0,0.0,0.0
7484,L7484_10589,51598.89,6.0,1184.0,0.0,0.0
7484,L7484_10590,29509.28,18.0,426.0,0.0,
7484,L7484_10591,41419.57,9.0,986.0,1.0,15.0
7485,L7485_10592,22861.13,18.0,1325.0,0.0,0.0
7486,L7486_10593,52508.33,36.0,1094.0,0.0,0.0
7486,L7486_10594,63872.69,24.0,240.0,0.0,
7487,L7487_10595,58969.22,6.0,845.0,0.0,
7488,L7488_10596,73200.11,3.0,1056.0,0.0,0.0
7488,L7488_10597,40817.68,36.0,1522.0,0.0,0.0
7489,L7489_10598,21009.81,18.0,1037.0,0.0,0.0
7489,L7489_10599,32697.42,36.0,1529.0,0.0,0.0
7491,L7491_10600,72773.36,9.0,1303.0,0.0,0.0
7493,L7493_10601,32862.37,9.0,820.0,0.0,0.0
7493,L7493_10602,76068.01,24.0,879.0,0.0,0.0
7493,L7493_10603,18592.37,12.0,1452.0,1.0,15.0
7493,L7493_10604,77343.92,36.0,816.0,0.0,0.0
7493,L7493_10605,22921.23,3.0,873.0,0.0,0.0
7494,L7494_10606,32954.19,12.0,655.0,0.0,0.0
7494,L7494_10607,33627.56,36.0,1141.0,,0.0
7494,L7494_10608,57583.13,9.0,38.0,1.0,15.0
7494,L7494_10609,19551.46,3.0,1290.0,1.0,3.0
7495,L7495_10610,48059.79,12.0,988.0,1.0,1.0
7496,L7496_10611,74766.96,9.0,1559.0,0.0,0.0
7496,L7496_10612,77992.0,18.0,1545.0,0.0,0.0
7496,L7496_10613,33157.54,12.0,735.0,1.0,30.0
7498,L7498_10614,56476.93,12.0,235.0,0.0,0.0
7500,L7500_10615,32473.62,,192.0,0.0,0.0
7503,L7503_10616,270566.96,36.0,526.0,0.0,0.0
7503,L7503_10617,60625.84,,1197.0,0.0,0.0
7504,L7504_10618,100654.65,,364.0,0.0,0.0
7504,L7504_10619,95663.5,24.0,,0.0,0.0
7505,L7505_10620,207414.06,36.0,1110.0,0.0,0.0
7506,L7506_10621,18937.13,12.0,630.0,0.0,0.0
7506,L7506_10622,11960.23,6.0,638.0,0.0,0.0
7506,L7506_10623,117827.02,24.0,1035.0,0.0,0.0
7507,L7507_10624,79996.11,3.0,886.0,0.0,0.0
7507,L7507_10625,73435.29,18.0,1210.0,,0.0
7507,L7507_10626,56125.18,36.0,588.0,1.0,15.0
7508,L7508_10627,47164.09,6.0,458.0,0.0,0.0
7508,L7508_10628,72300.52,12.0,155.0,,0.0
7509,L7509_10629,43944.33,12.0,517.0,0.0,0.0
7509,L7509_10630,45036.07,9.0,106.0,0.0,0.0
7510,L7510_10631,98126.57,36.0,661.0,0.0,0.0
7511,L7511_10632,53498.96,6.0,188.0,0.0,0.0
7511,L7511_10633,28077.29,24.0,,1.0,7.0
7511,L7511_10634,98873.99,18.0,914.0,0.0,0.0
7511,L7511_10635,38409.44,3.0,1583.0,0.0,0.0
7512,L7512_10636,134447.51,24.0,1552.0,0.0,0.0
7512,L7512_10637,43948.16,6.0,405.0,0.0,0.0
7512,L7512_10638,62683.35,9.0,496.0,1.0,15.0
7513,L7513_10639,113129.92,6.0,1387.0,0.0,0.0
7518,L7518_10640,27985.4,3.0,638.0,0.0,0.0
7518,L7518_10641,24442.85,3.0,1507.0,0.0,0.0
7518,L7518_10642,120275.29,9.0,71.0,1.0,7.0
7518,L7518_10643,75800.04,12.0,1059.0,0.0,0.0
7519,L7519_10644,29438.46,24.0,1282.0,0.0,0.0
7519,L7519_10645,90152.51,3.0,1201.0,0.0,0.0
7520,L7520_10646,62075.46,,1168.0,0.0,0.0
7521,L7521_10647,118340.12,18.0,1066.0,0.0,0.0
7523,L7523_10648,83879.98,36.0,950.0,0.0,0.0
7523,L7523_10649,128477.51,6.0,915.0,0.0,0.0
7525,L7525_10650,85815.3,,694.0,0.0,0.0
7525,L7525_10651,44885.66,3.0,58.0,0.0,0.0
7525,L7525_10652,85812.41,24.0,364.0,0.0,0.0
7527,L7527_10653,69933.75,6.0,,0.0,0.0
7528,L7528_10654,94827.98,24.0,1321.0,0.0,
7528,L7528_10655,64282.11,9.0,,0.0,0.0
7529,L7529_10656,39872.39,6.0,,0.0,0.0
7529,L7529_10657,20542.61,36.0,784.0,0.0,0.0
7529,L7529_10658,42908.6,12.0,1219.0,0.0,0.0
7530,L7530_10659,38911.03,12.0,1466.0,0.0,0.0
7530,L7530_10660,67118.09,9.0,306.0,0.0,0.0
7532,L7532_10661,67660.32,18.0,328.0,0.0,0.0
7532,L7532_10662,49039.44,12.0,1474.0,0.0,0.0
7533,L7533_10663,46443.33,36.0,39.0,0.0,0.0
7533,L7533_10664,76230.68,6.0,1165.0,1.0,1.0
7533,L7533_10665,47081.09,18.0,375.0,1.0,3.0
7534,L7534_10666,64380.42,6.0,72.0,0.0,0.0
7535,L7535_10667,50014.91,6.0,166.0,0.0,0.0
7536,L7536_10668,19927.13,18.0,769.0,0.0,0.0
7536,L7536_10669,40917.85,36.0,959.0,0.0,0.0
7536,L7536_10670,13130.06,24.0,547.0,0.0,0.0
7537,L7537_10671,93043.4,12.0,404.0,1.0,60.0
7537,L7537_10672,14829.32,,590.0,0.0,0.0
7538,L7538_10673,63817.04,36.0,398.0,0.0,
7539,L7539_10674,34019.42,6.0,424.0,0.0,0.0
7540,L7540_10675,44776.84,36.0,,0.0,0.0
7541,L7541_10676,68152.33,9.0,1321.0,1.0,3.0
7543,L7543_10677,27182.35,24.0,,0.0,0.0
7543,L7543_10678,59367.54,18.0,459.0,0.0,0.0
7545,L7545_10679,35441.64,9.0,1265.0,0.0,0.0
7545,L7545_10680,41404.71,12.0,193.0,0.0,0.0
7547,L7547_10681,170104.9,,132.0,0.0,0.0
7548,L7548_10682,100727.7,12.0,47.0,0.0,0.0
7550,L7550_10683,17947.31,24.0,658.0,0.0,0.0
7551,L7551_10684,104167.82,3.0,1100.0,0.0,0.0
7552,L7552_10685,72003.62,3.0,1533.0,1.0,15.0
7552,L7552_10686,62513.76,12.0,1062.0,0.0,0.0
7553,L7553_10687,57579.49,3.0,,0.0,0.0
7554,L7554_10688,37955.13,9.0,1478.0,0.0,0.0
7554,L7554_10689,82977.7,18.0,1288.0,0.0,0.0
7554,L7554_10690,23501.89,9.0,1475.0,0.0,0.0
7554,L7554_10691,62340.13,6.0,880.0,0.0,0.0
7554,L7554_10692,91891.06,12.0,1197.0,0.0,0.0
7555,L7555_10693,48183.11,6.0,1064.0,0.0,0.0
7555,L7555_10694,135213.08,24.0,,1.0,60.0
7556,L7556_10695,85126.33,18.0,785.0,0.0,0.0
7557,L7557_10696,56041.71,,1495.0,0.0,0.0
7559,L7559_10697,78238.85,18.0,,0.0,0.0
7559,L7559_10698,45825.97,18.0,81.0,1.0,
7560,L7560_10699,23102.09,9.0,1051.0,0.0,0.0
7560,L7560_10700,35892.34,18.0,,0.0,0.0
7561,L7561_10701,106492.34,36.0,873.0,1.0,30.0
7561,L7561_10702,48169.26,36.0,1014.0,0.0,0.0
7562,L7562_10703,37473.8,24.0,367.0,0.0,0.0
7562,L7562_10704,44538.23,9.0,654.0,1.0,7.0
7562,L7562_10705,119743.88,36.0,1453.0,0.0,0.0
7564,L7564_10706,86408.87,18.0,334.0,0.0,0.0
7565,L7565_10707,52303.99,6.0,635.0,0.0,0.0
7565,L7565_10708,45374.46,3.0,1337.0,0.0,0.0
7565,L7565_10709,74375.88,36.0,366.0,0.0,0.0
7565,L7565_10710,35040.74,12.0,721.0,0.0,0.0
7565,L7565_10711,75313.14,6.0,1386.0,0.0,0.0
7565,L7565_10712,17499.64,9.0,961.0,0.0,0.0
7568,L7568_10713,32324.81,36.0,423.0,0.0,0.0
7569,L7569_10714,21659.72,,507.0,0.0,0.0
7570,L7570_10715,35959.32,36.0,149.0,0.0,0.0
7570,L7570_10716,38878.71,12.0,900.0,1.0,15.0
7571,L7571_10717,48350.77,24.0,239.0,0.0,0.0
7571,L7571_10718,68943.25,24.0,1064.0,0.0,0.0
7571,L7571_10719,61066.03,24.0,562.0,0.0,0.0
7572,L7572_10720,,9.0,1309.0,0.0,0.0
7572,L7572_10721,67929.35,3.0,1194.0,0.0,0.0
7573,L7573_10722,207871.82,18.0,1535.0,0.0,0.0
7574,L7574_10723,18932.8,3.0,1447.0,0.0,0.0
7574,L7574_10724,83004.37,3.0,1433.0,0.0,0.0
7574,L7574_10725,,3.0,1200.0,1.0,30.0
7575,L7575_10726,41925.94,24.0,265.0,0.0,0.0
7576,L7576_10727,78105.82,9.0,1374.0,0.0,0.0
7577,L7577_10728,50135.87,12.0,390.0,1.0,1.0
7578,L7578_10729,136770.45,36.0,1389.0,0.0,0.0
7578,L7578_10730,38095.6,18.0,50.0,0.0,0.0
7578,L7578_10731,62540.67,9.0,27.0,0.0,0.0
7578,L7578_10732,62937.2,12.0,1106.0,0.0,0.0
7580,L7580_10733,65774.96,3.0,1155.0,0.0,0.0
7580,L7580_10734,56717.53,6.0,898.0,0.0,0.0
7581,L7581_10735,73038.09,24.0,620.0,0.0,0.0
7582,L7582_10736,119959.75,18.0,1326.0,0.0,0.0
7582,L7582_10737,40893.13,6.0,127.0,0.0,0.0
7584,L7584_10738,31951.59,36.0,531.0,0.0,0.0
7586,L7586_10739,21440.31,9.0,665.0,0.0,0.0
7587,L7587_10740,79821.27,12.0,1337.0,0.0,0.0
7588,L7588_10741,33584.56,3.0,1131.0,0.0,0.0
7588,L7588_10742,58756.69,36.0,525.0,1.0,7.0
7591,L7591_10743,46110.38,12.0,456.0,0.0,0.0
7592,L7592_10744,29027.76,12.0,963.0,0.0,0.0
7594,L7594_10745,59644.23,24.0,1486.0,,0.0
7594,L7594_10746,46879.14,9.0,1174.0,0.0,
7595,L7595_10747,28964.31,12.0,184.0,1.0,1.0
7595,L7595_10748,72283.83,24.0,1006.0,0.0,0.0
7596,L7596_10749,30716.52,18.0,465.0,0.0,0.0
7597,L7597_10750,63737.99,9.0,975.0,0.0,0.0
7598,L7598_10751,51101.41,36.0,1510.0,0.0,0.0
7598,L7598_10752,67231.58,18.0,1579.0,0.0,0.0
7598,L7598_10753,30776.12,36.0,28.0,,0.0
7599,L7599_10754,38194.14,3.0,1532.0,0.0,0.0
7599,L7599_10755,237071.79,12.0,434.0,0.0,0.0
7600,L7600_10756,40458.75,12.0,1583.0,1.0,30.0
7600,L7600_10757,22811.03,24.0,1416.0,0.0,0.0
7600,L7600_10758,40103.65,9.0,565.0,1.0,1.0
7601,L7601_10759,20730.22,24.0,1301.0,1.0,15.0
7601,L7601_10760,24593.53,9.0,174.0,0.0,0.0
7603,L7603_10761,37882.43,36.0,29.0,0.0,0.0
7603,L7603_10762,43415.62,18.0,55.0,1.0,90.0
7603,L7603_10763,36875.21,3.0,499.0,0.0,0.0
7604,L7604_10764,76203.64,36.0,1573.0,0.0,0.0
7604,L7604_10765,66332.34,24.0,,0.0,0.0
7604,L7604_10766,121799.22,12.0,1435.0,0.0,0.0
7604,L7604_10767,42922.88,6.0,1074.0,0.0,0.0
7606,L7606_10768,47449.24,6.0,728.0,1.0,
7607,L7607_10769,100787.56,3.0,117.0,0.0,
7607,L7607_10770,195137.65,3.0,968.0,0.0,0.0
7607,L7607_10771,18848.34,36.0,431.0,0.0,0.0
7608,L7608_10772,26657.49,6.0,683.0,0.0,0.0
7608,L7608_10773,43696.63,24.0,1458.0,1.0,3.0
7609,L7609_10774,150177.56,,389.0,0.0,0.0
7610,L7610_10775,70894.97,9.0,1317.0,0.0,0.0
7610,L7610_10776,44331.27,9.0,1491.0,0.0,0.0
7611,L7611_10777,15728.43,6.0,1129.0,0.0,0.0
7612,L7612_10778,78163.27,3.0,610.0,1.0,7.0
7613,L7613_10779,25243.05,,238.0,1.0,7.0
7614,L7614_10780,45237.12,18.0,1508.0,0.0,0.0
7615,L7615_10781,13939.31,9.0,572.0,0.0,0.0
7616,L7616_10782,130360.8,36.0,888.0,0.0,0.0
7616,L7616_10783,62713.52,6.0,1382.0,0.0,0.0
7618,L7618_10784,49190.29,12.0,447.0,0.0,0.0
7618,L7618_10785,22324.7,12.0,719.0,0.0,0.0
7618,L7618_10786,82252.63,24.0,877.0,0.0,0.0
7618,L7618_10787,68390.11,6.0,401.0,1.0,1.0
7619,L7619_10788,42553.92,18.0,1225.0,0.0,
7619,L7619_10789,30922.41,9.0,1382.0,0.0,0.0
7619,L7619_10790,18657.1,6.0,1028.0,0.0,0.0
7621,L7621_10791,,12.0,1362.0,0.0,0.0
7621,L7621_10792,17946.24,6.0,1546.0,0.0,0.0
7623,L7623_10793,38815.26,9.0,1393.0,0.0,0.0
7623,L7623_10794,51088.28,3.0,1549.0,,0.0
7623,L7623_10795,63892.55,6.0,385.0,1.0,15.0
7624,L7624_10796,71010.58,36.0,1145.0,1.0,1.0
7624,L7624_10797,45478.08,18.0,679.0,0.0,0.0
7626,L7626_10798,33806.56,18.0,285.0,0.0,0.0
7626,L7626_10799,35270.27,3.0,321.0,0.0,0.0
7627,L7627_10800,44214.46,18.0,593.0,0.0,0.0
7627,L7627_10801,56366.6,18.0,195.0,1.0,30.0
7628,L7628_10802,149320.1,,304.0,0.0,0.0
7628,L7628_10803,73510.27,3.0,1376.0,1.0,15.0
7629,L7629_10804,89387.3,24.0,1371.0,0.0,0.0
7629,L7629_10805,55656.19,24.0,339.0,0.0,0.0
7630,L7630_10806,55583.1,24.0,1160.0,0.0,0.0
7630,L7630_10807,95860.17,12.0,1395.0,0.0,0.0
7630,L7630_10808,71439.3,12.0,856.0,0.0,0.0
7631,L7631_10809,96531.57,9.0,242.0,0.0,0.0
7631,L7631_10810,173282.32,12.0,1108.0,1.0,30.0
7632,L7632_10811,31541.32,36.0,1449.0,1.0,7.0
7632,L7632_10812,69274.44,6.0,,0.0,0.0
7632,L7632_10813,19924.3,24.0,1311.0,1.0,3.0
7633,L7633_10814,24285.64,24.0,322.0,0.0,0.0
7633,L7633_10815,52459.22,24.0,1422.0,0.0,0.0
7634,L7634_10816,64672.85,24.0,1278.0,0.0,0.0
7635,L7635_10817,34377.05,12.0,342.0,1.0,15.0
7635,L7635_10818,49137.04,3.0,118.0,0.0,0.0
7636,L7636_10819,47278.62,36.0,684.0,0.0,0.0
7637,L7637_10820,110597.49,18.0,140.0,0.0,0.0
7639,L7639_10821,24139.59,12.0,796.0,0.0,0.0
7639,L7639_10822,35475.45,12.0,577.0,1.0,60.0
7639,L7639_10823,50180.74,24.0,44.0,0.0,0.0
7640,L7640_10824,40566.65,36.0,1453.0,0.0,0.0
7641,L7641_10825,23932.02,3.0,181.0,1.0,1.0
7642,L7642_10826,48098.27,12.0,293.0,0.0,0.0
7642,L7642_10827,29848.16,9.0,183.0,0.0,0.0
7643,L7643_10828,52032.08,3.0,737.0,0.0,0.0
7643,L7643_10829,53871.18,3.0,707.0,0.0,
7644,L7644_10830,61893.52,36.0,1160.0,0.0,0.0
7644,L7644_10831,48274.0,9.0,825.0,0.0,0.0
7645,L7645_10832,69611.44,12.0,276.0,0.0,0.0
7646,L7646_10833,54980.61,24.0,1271.0,0.0,0.0
7646,L7646_10834,64276.1,9.0,469.0,0.0,0.0
7647,L7647_10835,42901.25,3.0,1200.0,0.0,0.0
7647,L7647_10836,96095.27,9.0,347.0,0.0,0.0
7648,L7648_10837,65319.87,12.0,826.0,1.0,15.0
7648,L7648_10838,156334.55,36.0,690.0,0.0,0.0
7649,L7649_10839,48499.04,12.0,,0.0,0.0
7650,L7650_10840,33927.39,3.0,1187.0,0.0,0.0
7650,L7650_10841,41124.73,18.0,1350.0,0.0,0.0
7650,L7650_10842,52009.94,36.0,1487.0,0.0,0.0
7652,L7652_10843,38159.84,18.0,807.0,0.0,0.0
7652,L7652_10844,50971.12,6.0,988.0,0.0,0.0
7652,L7652_10845,116430.57,6.0,225.0,1.0,15.0
7653,L7653_10846,,36.0,,0.0,0.0
7654,L7654_10847,45543.41,9.0,1307.0,1.0,15.0
7655,L7655_10848,28264.53,6.0,454.0,1.0,60.0
7655,L7655_10849,52200.24,9.0,1350.0,0.0,
7655,L7655_10850,55401.85,24.0,85.0,0.0,0.0
7656,L7656_10851,58977.7,3.0,1178.0,1.0,7.0
7658,L7658_10852,54315.0,3.0,1236.0,0.0,0.0
7659,L7659_10853,11724.95,3.0,1071.0,1.0,15.0
7661,L7661_10854,29030.46,9.0,1244.0,1.0,7.0
7662,L7662_10855,160579.45,18.0,443.0,0.0,0.0
7664,L7664_10856,73993.07,3.0,335.0,1.0,30.0
7665,L7665_10857,61117.12,12.0,76.0,0.0,0.0
7665,L7665_10858,94554.54,24.0,773.0,0.0,
7665,L7665_10859,39920.18,12.0,97.0,0.0,0.0
7666,L7666_10860,77225.06,6.0,835.0,0.0,0.0
7666,L7666_10861,67554.27,36.0,632.0,0.0,0.0
7667,L7667_10862,34882.95,18.0,917.0,0.0,0.0
7668,L7668_10863,72075.5,6.0,1009.0,0.0,0.0
7668,L7668_10864,73804.95,12.0,864.0,1.0,90.0
7668,L7668_10865,16910.08,12.0,393.0,1.0,15.0
7670,L7670_10866,42176.62,36.0,250.0,0.0,
7671,L7671_10867,128079.35,9.0,388.0,0.0,0.0
7673,L7673_10868,26426.62,36.0,1373.0,1.0,60.0
7674,L7674_10869,29843.46,9.0,1397.0,0.0,0.0
7674,L7674_10870,46144.0,12.0,131.0,,0.0
7674,L7674_10871,16512.42,18.0,249.0,0.0,0.0
7674,L7674_10872,67933.68,36.0,691.0,1.0,3.0
7674,L7674_10873,85544.83,12.0,1136.0,0.0,0.0
7675,L7675_10874,36579.07,3.0,1553.0,1.0,7.0
7675,L7675_10875,,9.0,,1.0,1.0
7679,L7679_10876,40542.72,6.0,1487.0,0.0,
7680,L7680_10877,19710.24,24.0,114.0,0.0,0.0
7680,L7680_10878,33039.61,18.0,1151.0,1.0,7.0
7680,L7680_10879,29326.82,36.0,383.0,0.0,0.0
7680,L7680_10880,28105.1,9.0,1161.0,0.0,0.0
7681,L7681_10881,35223.13,12.0,858.0,0.0,0.0
7683,L7683_10882,52083.61,,1030.0,0.0,0.0
7683,L7683_10883,21866.64,9.0,1416.0,1.0,7.0
7684,L7684_10884,64085.78,18.0,1080.0,0.0,0.0
7685,L7685_10885,37778.67,18.0,1041.0,0.0,
7686,L7686_10886,20505.6,12.0,760.0,0.0,0.0
7686,L7686_10887,19605.89,6.0,1196.0,0.0,0.0
7686,L7686_10888,62375.57,24.0,910.0,0.0,0.0
7686,L7686_10889,27632.01,18.0,910.0,1.0,1.0
7687,L7687_10890,56678.92,18.0,758.0,1.0,15.0
7687,L7687_10891,63798.51,,,1.0,
7687,L7687_10892,103834.1,36.0,150.0,0.0,0.0
7688,L7688_10893,147810.37,24.0,,1.0,7.0
7688,L7688_10894,16827.11,12.0,1021.0,0.0,0.0
7689,L7689_10895,67446.23,3.0,179.0,0.0,0.0
7689,L7689_10896,30216.02,24.0,1597.0,0.0,0.0
7690,L7690_10897,83684.88,,426.0,0.0,0.0
7691,L7691_10898,42998.54,3.0,833.0,0.0,0.0
7691,L7691_10899,57813.65,36.0,220.0,0.0,0.0
7691,L7691_10900,42924.88,24.0,1473.0,0.0,0.0
7692,L7692_10901,23283.92,18.0,307.0,1.0,30.0
7692,L7692_10902,41071.69,9.0,494.0,0.0,0.0
7693,L7693_10903,61382.63,9.0,1342.0,0.0,0.0
7693,L7693_10904,30194.48,6.0,1235.0,0.0,
7693,L7693_10905,68516.83,9.0,337.0,0.0,0.0
7695,L7695_10906,32607.9,3.0,551.0,0.0,0.0
7695,L7695_10907,91301.49,3.0,1525.0,0.0,0.0
7695,L7695_10908,51799.74,12.0,722.0,0.0,0.0
7696,L7696_10909,38283.33,6.0,873.0,0.0,0.0
7696,L7696_10910,,24.0,228.0,0.0,0.0
7698,L7698_10911,114451.5,12.0,975.0,0.0,0.0
7699,L7699_10912,38638.77,24.0,1480.0,0.0,0.0
7699,L7699_10913,52170.44,24.0,,1.0,30.0
7700,L7700_10914,41570.69,6.0,1110.0,0.0,0.0
7700,L7700_10915,101715.2,18.0,193.0,1.0,30.0
7701,L7701_10916,48657.42,24.0,816.0,1.0,3.0
7702,L7702_10917,55701.12,24.0,1160.0,0.0,0.0
7703,L7703_10918,155563.57,12.0,1399.0,0.0,0.0
7703,L7703_10919,45560.46,,907.0,0.0,0.0
7704,L7704_10920,80987.02,36.0,657.0,1.0,1.0
7705,L7705_10921,42018.24,36.0,711.0,1.0,3.0
7705,L7705_10922,61066.4,36.0,1323.0,0.0,0.0
7705,L7705_10923,52575.19,9.0,512.0,0.0,0.0
7706,L7706_10924,40359.31,3.0,1355.0,0.0,0.0
7707,L7707_10925,48126.97,18.0,1380.0,0.0,0.0
7711,L7711_10926,24586.74,24.0,460.0,0.0,0.0
7711,L7711_10927,64233.41,12.0,1287.0,0.0,0.0
7711,L7711_10928,17624.71,18.0,137.0,0.0,0.0
7711,L7711_10929,200025.28,9.0,1066.0,0.0,0.0
7711,L7711_10930,56466.23,18.0,,1.0,3.0
7712,L7712_10931,41230.63,,601.0,0.0,0.0
7714,L7714_10932,38025.13,36.0,1521.0,0.0,0.0
7715,L7715_10933,31566.69,24.0,1362.0,1.0,1.0
7715,L7715_10934,44465.4,18.0,191.0,0.0,0.0
7715,L7715_10935,,12.0,991.0,0.0,0.0
7717,L7717_10936,75815.57,12.0,743.0,0.0,0.0
7717,L7717_10937,73491.26,3.0,749.0,0.0,0.0
7717,L7717_10938,52972.34,24.0,877.0,1.0,60.0
7718,L7718_10939,59698.72,18.0,1120.0,1.0,
7719,L7719_10940,107729.04,6.0,1152.0,0.0,0.0
7720,L7720_10941,63953.97,3.0,116.0,1.0,15.0
7721,L7721_10942,47239.61,36.0,479.0,0.0,0.0
7722,L7722_10943,27172.16,12.0,23.0,0.0,0.0
7722,L7722_10944,25375.64,12.0,228.0,0.0,0.0
7722,L7722_10945,161090.93,3.0,1204.0,0.0,0.0
7722,L7722_10946,78389.52,18.0,986.0,0.0,0.0
7724,L7724_10947,38108.68,6.0,158.0,0.0,0.0
7724,L7724_10948,86698.58,36.0,1367.0,0.0,0.0
7725,L7725_10949,26179.53,9.0,536.0,1.0,3.0
7726,L7726_10950,81893.86,6.0,824.0,1.0,3.0
7727,L7727_10951,65033.31,6.0,654.0,0.0,0.0
7730,L7730_10952,25706.53,6.0,890.0,0.0,0.0
7731,L7731_10953,16268.32,3.0,406.0,0.0,0.0
7731,L7731_10954,34657.48,36.0,1585.0,,0.0
7732,L7732_10955,132873.0,,1463.0,0.0,0.0
7733,L7733_10956,41949.56,36.0,60.0,0.0,0.0
7734,L7734_10957,40915.03,6.0,137.0,0.0,0.0
7735,L7735_10958,77336.83,6.0,1494.0,0.0,0.0
7735,L7735_10959,26489.39,9.0,641.0,0.0,0.0
7735,L7735_10960,43789.74,18.0,144.0,0.0,0.0
7736,L7736_10961,86999.08,9.0,737.0,0.0,0.0
7736,L7736_10962,92664.65,24.0,1324.0,0.0,0.0
7737,L7737_10963,28450.95,24.0,839.0,0.0,0.0
7737,L7737_10964,58250.34,36.0,1550.0,0.0,0.0
7737,L7737_10965,54621.34,9.0,1148.0,0.0,0.0
7737,L7737_10966,95326.01,3.0,825.0,0.0,0.0
7738,L7738_10967,15830.25,,1345.0,0.0,0.0
7739,L7739_10968,39535.25,12.0,533.0,0.0,0.0
7740,L7740_10969,84413.48,36.0,883.0,0.0,0.0
7740,L7740_10970,76897.2,9.0,168.0,0.0,0.0
7741,L7741_10971,72754.81,12.0,1069.0,1.0,30.0
7741,L7741_10972,36049.7,3.0,1418.0,1.0,7.0
7743,L7743_10973,64740.95,9.0,420.0,0.0,0.0
7743,L7743_10974,36933.13,3.0,160.0,1.0,7.0
7743,L7743_10975,42018.46,24.0,1311.0,0.0,0.0
7745,L7745_10976,76836.95,3.0,1410.0,0.0,0.0
7746,L7746_10977,32011.63,9.0,202.0,0.0,0.0
7746,L7746_10978,38694.39,12.0,1169.0,0.0,0.0
7747,L7747_10979,34551.11,24.0,216.0,,0.0
7747,L7747_10980,26820.51,18.0,1098.0,0.0,0.0
7748,L7748_10981,99613.53,9.0,327.0,1.0,7.0
7750,L7750_10982,63342.18,3.0,388.0,0.0,0.0
7751,L7751_10983,37761.45,6.0,1165.0,0.0,0.0
7751,L7751_10984,24248.58,12.0,987.0,0.0,0.0
7752,L7752_10985,21530.39,9.0,1202.0,0.0,0.0
7753,L7753_10986,33334.12,6.0,602.0,0.0,0.0
7754,L7754_10987,85716.47,9.0,894.0,0.0,0.0
7755,L7755_10988,21428.39,6.0,276.0,0.0,
7755,L7755_10989,32675.53,3.0,1584.0,0.0,0.0
7756,L7756_10990,93979.01,24.0,1460.0,0.0,0.0
7756,L7756_10991,30665.23,18.0,1151.0,0.0,0.0
7756,L7756_10992,56676.2,3.0,1447.0,0.0,0.0
7756,L7756_10993,69357.51,36.0,38.0,1.0,30.0
7756,L7756_10994,76048.77,24.0,982.0,0.0,0.0
7756,L7756_10995,38366.23,6.0,1131.0,0.0,0.0
7757,L7757_10996,38382.43,36.0,138.0,0.0,0.0
7757,L7757_10997,63434.62,6.0,459.0,1.0,1.0
7758,L7758_10998,115996.92,18.0,740.0,1.0,
7759,L7759_10999,65048.65,3.0,114.0,0.0,
7759,L7759_11000,58410.54,24.0,884.0,0.0,0.0
7759,L7759_11001,116720.24,3.0,52.0,0.0,0.0
7761,L7761_11002,46164.86,24.0,37.0,1.0,7.0
7763,L7763_11003,45115.47,24.0,902.0,0.0,0.0
7763,L7763_11004,125743.33,18.0,1183.0,0.0,0.0
7765,L7765_11005,43071.81,6.0,501.0,0.0,0.0
7765,L7765_11006,16229.2,24.0,556.0,0.0,0.0
7766,L7766_11007,31852.36,12.0,520.0,0.0,0.0
7767,L7767_11008,42452.63,18.0,394.0,0.0,0.0
7767,L7767_11009,66709.84,9.0,1282.0,0.0,0.0
7767,L7767_11010,32595.37,3.0,491.0,1.0,60.0
7767,L7767_11011,31313.24,12.0,77.0,,0.0
7769,L7769_11012,42028.13,36.0,50.0,1.0,7.0
7769,L7769_11013,28403.5,6.0,1528.0,1.0,7.0
7769,L7769_11014,65750.79,24.0,920.0,0.0,0.0
7769,L7769_11015,61569.55,6.0,1552.0,0.0,0.0
7769,L7769_11016,45582.88,12.0,1443.0,0.0,0.0
7770,L7770_11017,36529.36,3.0,1579.0,1.0,7.0
7771,L7771_11018,44901.33,,31.0,,0.0
7772,L7772_11019,19599.65,9.0,,0.0,0.0
7772,L7772_11020,79700.31,3.0,162.0,0.0,0.0
7773,L7773_11021,48821.89,6.0,856.0,0.0,0.0
7775,L7775_11022,60586.37,9.0,628.0,0.0,0.0
7775,L7775_11023,17071.19,36.0,720.0,0.0,0.0
7775,L7775_11024,64387.3,24.0,132.0,1.0,7.0
7775,L7775_11025,87735.37,9.0,1086.0,0.0,0.0
7778,L7778_11026,60401.75,3.0,,1.0,15.0
7778,L7778_11027,86975.8,24.0,240.0,0.0,0.0
7778,L7778_11028,29265.7,36.0,741.0,0.0,0.0
7778,L7778_11029,11120.88,,356.0,1.0,7.0
7778,L7778_11030,40443.91,18.0,891.0,0.0,0.0
7779,L7779_11031,44068.36,6.0,960.0,0.0,0.0
7781,L7781_11032,67853.64,6.0,430.0,0.0,0.0
7782,L7782_11033,28241.89,12.0,275.0,0.0,0.0
7782,L7782_11034,,6.0,795.0,0.0,0.0
7782,L7782_11035,54265.89,12.0,542.0,0.0,0.0
7784,L7784_11036,48648.22,18.0,152.0,0.0,0.0
7784,L7784_11037,27797.16,12.0,936.0,0.0,0.0
7784,L7784_11038,189216.3,3.0,92.0,0.0,0.0
7784,L7784_11039,26259.01,36.0,679.0,1.0,30.0
7785,L7785_11040,24149.48,24.0,715.0,0.0,0.0
7786,L7786_11041,,3.0,787.0,0.0,0.0
7787,L7787_11042,67400.42,12.0,1011.0,0.0,0.0
7787,L7787_11043,42973.67,24.0,,0.0,0.0
7787,L7787_11044,26299.74,6.0,1536.0,0.0,0.0
7788,L7788_11045,26853.64,6.0,429.0,0.0,
7790,L7790_11046,49658.18,24.0,1050.0,0.0,0.0
7791,L7791_11047,45249.45,3.0,1506.0,0.0,0.0
7792,L7792_11048,159789.8,9.0,1241.0,0.0,0.0
7792,L7792_11049,76342.56,3.0,1558.0,0.0,0.0
7794,L7794_11050,48809.44,18.0,943.0,1.0,
7795,L7795_11051,61131.46,9.0,113.0,0.0,0.0
7796,L7796_11052,26428.21,18.0,944.0,0.0,0.0
7796,L7796_11053,41825.26,24.0,735.0,0.0,0.0
7796,L7796_11054,52066.14,18.0,759.0,0.0,0.0
7796,L7796_11055,86898.02,6.0,1350.0,1.0,30.0
7797,L7797_11056,49767.51,9.0,999.0,0.0,0.0
7798,L7798_11057,62423.61,12.0,315.0,0.0,0.0
7799,L7799_11058,91413.98,36.0,435.0,0.0,0.0
7799,L7799_11059,167858.41,36.0,1235.0,1.0,3.0
7801,L7801_11060,93380.51,3.0,1234.0,0.0,0.0
7801,L7801_11061,61044.37,12.0,1396.0,0.0,0.0
7802,L7802_11062,11185.14,12.0,1142.0,0.0,0.0
7802,L7802_11063,58106.47,9.0,863.0,0.0,0.0
7803,L7803_11064,18771.0,18.0,748.0,,0.0
7803,L7803_11065,35682.83,,71.0,0.0,0.0
7805,L7805_11066,76159.3,6.0,550.0,1.0,3.0
7805,L7805_11067,15245.1,24.0,600.0,0.0,0.0
7806,L7806_11068,42631.71,6.0,1016.0,0.0,0.0
7806,L7806_11069,51854.27,6.0,1187.0,0.0,
7807,L7807_11070,23358.51,9.0,1419.0,0.0,0.0
7807,L7807_11071,38156.66,3.0,865.0,0.0,0.0
7810,L7810_11072,31734.02,18.0,1173.0,0.0,0.0
7810,L7810_11073,85489.38,18.0,22.0,0.0,0.0
7811,L7811_11074,59374.02,9.0,1135.0,0.0,0.0
7812,L7812_11075,36916.02,12.0,759.0,0.0,0.0
7813,L7813_11076,46059.31,24.0,1505.0,1.0,15.0
7813,L7813_11077,42250.7,24.0,500.0,0.0,0.0
7813,L7813_11078,72977.37,,92.0,0.0,0.0
7814,L7814_11079,28695.72,12.0,680.0,0.0,0.0
7814,L7814_11080,37854.72,6.0,489.0,1.0,15.0
7816,L7816_11081,103838.98,6.0,1254.0,1.0,
7817,L7817_11082,258229.62,9.0,724.0,0.0,0.0
7817,L7817_11083,145688.58,18.0,253.0,0.0,0.0
7818,L7818_11084,41778.7,36.0,914.0,0.0,0.0
7820,L7820_11085,68015.5,,137.0,0.0,0.0
7821,L7821_11086,51686.85,9.0,1430.0,0.0,0.0
7822,L7822_11087,32905.42,,69.0,1.0,30.0
7824,L7824_11088,22469.39,3.0,584.0,0.0,0.0
7824,L7824_11089,83818.38,18.0,836.0,0.0,0.0
7825,L7825_11090,104673.52,9.0,64.0,0.0,0.0
7825,L7825_11091,100655.13,12.0,1554.0,0.0,0.0
7825,L7825_11092,35117.95,36.0,1521.0,0.0,
7825,L7825_11093,70476.79,24.0,626.0,0.0,0.0
7825,L7825_11094,42049.9,3.0,1046.0,0.0,0.0
7826,L7826_11095,59411.24,,216.0,0.0,0.0
7826,L7826_11096,19120.46,3.0,1129.0,1.0,15.0
7826,L7826_11097,98224.0,9.0,1352.0,,7.0
7827,L7827_11098,122398.01,36.0,1062.0,0.0,0.0
7829,L7829_11099,42650.77,9.0,1087.0,0.0,0.0
7831,L7831_11100,46006.67,6.0,,0.0,0.0
7831,L7831_11101,30941.42,6.0,1374.0,0.0,0.0
7833,L7833_11102,83141.39,18.0,1085.0,1.0,
7834,L7834_11103,42589.73,12.0,,1.0,7.0
7835,L7835_11104,61785.06,24.0,928.0,0.0,0.0
7837,L7837_11105,54552.81,18.0,411.0,0.0,0.0
7837,L7837_11106,43725.23,12.0,1533.0,0.0,0.0
7838,L7838_11107,37539.7,36.0,750.0,0.0,0.0
7838,L7838_11108,29992.59,9.0,1213.0,1.0,15.0
7840,L7840_11109,56820.21,6.0,564.0,0.0,0.0
7841,L7841_11110,29599.9,6.0,598.0,1.0,30.0
7841,L7841_11111,59172.81,9.0,49.0,0.0,0.0
7841,L7841_11112,28191.32,9.0,721.0,0.0,0.0
7842,L7842_11113,71225.84,9.0,655.0,0.0,0.0
7844,L7844_11114,84745.58,12.0,616.0,0.0,0.0
7844,L7844_11115,50919.3,9.0,308.0,0.0,0.0
7844,L7844_11116,29136.35,3.0,36.0,0.0,0.0
7844,L7844_11117,61450.05,9.0,700.0,,0.0
7845,L7845_11118,25260.93,24.0,1426.0,0.0,0.0
7845,L7845_11119,44939.36,36.0,272.0,0.0,0.0
7847,L7847_11120,64296.89,3.0,1022.0,,
7847,L7847_11121,33916.29,9.0,854.0,0.0,0.0
7848,L7848_11122,38505.09,6.0,1174.0,0.0,0.0
7848,L7848_11123,17676.93,9.0,152.0,0.0,0.0
7848,L7848_11124,43838.69,36.0,125.0,0.0,0.0
7849,L7849_11125,44726.66,3.0,670.0,1.0,15.0
7851,L7851_11126,55178.01,,,1.0,3.0
7852,L7852_11127,19511.75,12.0,1218.0,0.0,0.0
7852,L7852_11128,34053.39,18.0,1353.0,0.0,0.0
7853,L7853_11129,55186.67,3.0,1575.0,1.0,3.0
7853,L7853_11130,58737.66,18.0,239.0,0.0,0.0
7854,L7854_11131,161966.68,12.0,1564.0,1.0,15.0
7854,L7854_11132,89982.3,18.0,1409.0,0.0,0.0
7855,L7855_11133,51738.66,36.0,69.0,0.0,0.0
7855,L7855_11134,182615.05,18.0,805.0,0.0,0.0
7856,L7856_11135,20245.68,9.0,,0.0,0.0
7856,L7856_11136,49370.1,12.0,429.0,0.0,0.0
7858,L7858_11137,78002.65,24.0,593.0,0.0,0.0
7858,L7858_11138,40303.6,18.0,364.0,0.0,0.0
7858,L7858_11139,52676.7,18.0,322.0,0.0,0.0
7858,L7858_11140,37499.72,9.0,935.0,0.0,0.0
7859,L7859_11141,52223.65,36.0,1579.0,0.0,0.0
7859,L7859_11142,72155.45,12.0,428.0,0.0,0.0
7860,L7860_11143,82924.77,6.0,1084.0,0.0,0.0
7861,L7861_11144,52285.35,18.0,1535.0,0.0,0.0
7862,L7862_11145,45493.83,24.0,504.0,1.0,1.0
7862,L7862_11146,80560.06,24.0,342.0,0.0,0.0
7863,L7863_11147,63169.77,24.0,1199.0,1.0,3.0
7864,L7864_11148,33758.11,12.0,1419.0,0.0,0.0
7864,L7864_11149,51386.35,3.0,118.0,0.0,0.0
7865,L7865_11150,44647.62,12.0,995.0,0.0,0.0
7865,L7865_11151,21912.62,24.0,815.0,0.0,0.0
7866,L7866_11152,95576.7,6.0,877.0,0.0,0.0
7867,L7867_11153,44608.21,9.0,929.0,0.0,0.0
7868,L7868_11154,80987.11,18.0,978.0,0.0,0.0
7869,L7869_11155,50933.14,36.0,363.0,1.0,15.0
7869,L7869_11156,102731.04,9.0,1296.0,0.0,0.0
7869,L7869_11157,96238.17,36.0,784.0,0.0,0.0
7869,L7869_11158,93384.15,6.0,1194.0,0.0,0.0
7869,L7869_11159,42197.28,12.0,64.0,0.0,0.0
7870,L7870_11160,113059.75,6.0,334.0,0.0,0.0
7870,L7870_11161,84030.62,9.0,613.0,0.0,0.0
7870,L7870_11162,62340.96,36.0,644.0,0.0,0.0
7872,L7872_11163,48654.53,36.0,97.0,0.0,0.0
7872,L7872_11164,60155.61,6.0,782.0,0.0,0.0
7873,L7873_11165,63084.88,18.0,570.0,1.0,60.0
7873,L7873_11166,58835.21,9.0,1375.0,0.0,0.0
7873,L7873_11167,47062.02,6.0,583.0,1.0,7.0
7876,L7876_11168,20426.51,9.0,1309.0,1.0,
7876,L7876_11169,56542.24,6.0,925.0,0.0,0.0
7877,L7877_11170,58655.18,3.0,1301.0,1.0,1.0
7878,L7878_11171,87223.3,9.0,613.0,0.0,0.0
7878,L7878_11172,18519.52,24.0,1423.0,0.0,0.0
7878,L7878_11173,14809.35,24.0,1188.0,0.0,0.0
7878,L7878_11174,106719.2,36.0,808.0,0.0,0.0
7878,L7878_11175,71053.82,3.0,1260.0,0.0,0.0
7881,L7881_11176,99540.58,9.0,716.0,0.0,0.0
7881,L7881_11177,77601.19,18.0,1241.0,0.0,0.0
7881,L7881_11178,70003.75,9.0,669.0,0.0,0.0
7882,L7882_11179,77673.0,24.0,151.0,0.0,0.0
7883,L7883_11180,129798.75,3.0,1580.0,0.0,
7884,L7884_11181,71483.59,36.0,570.0,0.0,0.0
7885,L7885_11182,83277.81,3.0,459.0,0.0,0.0
7885,L7885_11183,43275.09,24.0,50.0,0.0,0.0
7886,L7886_11184,99420.3,24.0,456.0,,0.0
7887,L7887_11185,45184.72,18.0,832.0,0.0,0.0
7888,L7888_11186,50876.08,24.0,624.0,0.0,0.0
7888,L7888_11187,45577.19,3.0,1497.0,1.0,1.0
7888,L7888_11188,,12.0,1397.0,0.0,0.0
7891,L7891_11189,67981.88,18.0,255.0,0.0,0.0
7891,L7891_11190,42258.24,18.0,442.0,1.0,1.0
7891,L7891_11191,72622.19,3.0,1301.0,0.0,
7892,L7892_11192,39540.4,3.0,602.0,1.0,1.0
7892,L7892_11193,73372.6,3.0,1403.0,0.0,0.0
7893,L7893_11194,53175.67,36.0,726.0,0.0,0.0
7893,L7893_11195,93925.87,18.0,1556.0,1.0,1.0
7893,L7893_11196,122005.26,3.0,1426.0,1.0,7.0
7894,L7894_11197,47104.2,3.0,1426.0,0.0,0.0
7895,L7895_11198,92633.28,36.0,169.0,0.0,0.0
7896,L7896_11199,,36.0,1360.0,0.0,0.0
7897,L7897_11200,58558.24,18.0,,0.0,0.0
7897,L7897_11201,30332.92,3.0,434.0,0.0,0.0
7897,L7897_11202,19911.73,3.0,1247.0,0.0,0.0
7898,L7898_11203,72479.16,6.0,896.0,0.0,0.0
7898,L7898_11204,45158.18,3.0,113.0,0.0,0.0
7899,L7899_11205,51748.42,24.0,1041.0,0.0,0.0
7900,L7900_11206,18753.04,3.0,433.0,1.0,15.0
7900,L7900_11207,37481.25,36.0,380.0,,0.0
7900,L7900_11208,37675.28,3.0,352.0,0.0,0.0
7901,L7901_11209,195671.75,24.0,742.0,0.0,0.0
7901,L7901_11210,42273.12,18.0,1566.0,0.0,0.0
7903,L7903_11211,76704.79,18.0,,1.0,
7905,L7905_11212,19545.85,9.0,870.0,0.0,0.0
7906,L7906_11213,36559.45,3.0,336.0,0.0,0.0
7906,L7906_11214,,,1223.0,0.0,
7907,L7907_11215,82971.34,36.0,691.0,0.0,0.0
7907,L7907_11216,91753.83,24.0,944.0,1.0,7.0
7907,L7907_11217,32980.03,12.0,825.0,0.0,0.0
7908,L7908_11218,88110.62,12.0,1412.0,0.0,0.0
7908,L7908_11219,56740.95,3.0,143.0,0.0,0.0
7908,L7908_11220,34993.41,12.0,,0.0,0.0
7908,L7908_11221,73078.82,6.0,755.0,0.0,0.0
7911,L7911_11222,82259.72,36.0,1216.0,0.0,0.0
7911,L7911_11223,44276.91,36.0,745.0,0.0,0.0
7911,L7911_11224,,6.0,1527.0,1.0,7.0
7912,L7912_11225,59147.08,24.0,442.0,0.0,0.0
7912,L7912_11226,62515.79,36.0,908.0,0.0,0.0
7913,L7913_11227,57444.28,36.0,641.0,0.0,0.0
7914,L7914_11228,28602.62,9.0,309.0,,0.0
7914,L7914_11229,113881.23,18.0,325.0,1.0,3.0
7915,L7915_11230,35885.49,3.0,1451.0,0.0,0.0
7916,L7916_11231,62918.73,6.0,316.0,0.0,0.0
7916,L7916_11232,89462.25,24.0,1054.0,1.0,30.0
7917,L7917_11233,112644.96,36.0,623.0,0.0,0.0
7918,L7918_11234,40406.77,3.0,541.0,1.0,30.0
7919,L7919_11235,48744.87,24.0,757.0,0.0,0.0
7920,L7920_11236,75996.76,,272.0,0.0,0.0
7922,L7922_11237,86205.11,12.0,400.0,0.0,0.0
7923,L7923_11238,40398.54,6.0,491.0,0.0,0.0
7923,L7923_11239,92757.19,3.0,1086.0,0.0,0.0
7924,L7924_11240,50768.22,6.0,1291.0,0.0,0.0
7926,L7926_11241,26122.49,24.0,938.0,1.0,3.0
7927,L7927_11242,41382.41,24.0,1119.0,0.0,0.0
7927,L7927_11243,46433.79,3.0,907.0,1.0,3.0
7928,L7928_11244,43227.56,12.0,1129.0,1.0,7.0
7930,L7930_11245,26035.17,3.0,1564.0,1.0,3.0
7930,L7930_11246,55505.46,12.0,1049.0,0.0,0.0
7931,L7931_11247,35916.91,18.0,81.0,0.0,0.0
7931,L7931_11248,32251.93,,699.0,0.0,0.0
7931,L7931_11249,36636.9,12.0,696.0,1.0,60.0
7933,L7933_11250,26007.16,36.0,602.0,0.0,0.0
7935,L7935_11251,68541.75,9.0,,0.0,0.0
7937,L7937_11252,87681.08,36.0,228.0,0.0,0.0
7938,L7938_11253,97528.61,36.0,748.0,1.0,15.0
7941,L7941_11254,20623.7,36.0,62.0,0.0,0.0
7943,L7943_11255,40685.0,3.0,354.0,0.0,0.0
7944,L7944_11256,48978.75,3.0,635.0,0.0,0.0
7945,L7945_11257,52424.11,6.0,1125.0,0.0,0.0
7945,L7945_11258,31077.12,12.0,1216.0,0.0,0.0
7946,L7946_11259,53337.73,18.0,222.0,0.0,0.0
7946,L7946_11260,60556.7,24.0,1100.0,0.0,0.0
7949,L7949_11261,90103.35,24.0,131.0,0.0,0.0
7952,L7952_11262,96246.99,18.0,1251.0,0.0,0.0
7953,L7953_11263,26745.98,12.0,1138.0,0.0,0.0
7953,L7953_11264,31254.36,9.0,894.0,1.0,3.0
7954,L7954_11265,43481.35,18.0,578.0,0.0,0.0
7954,L7954_11266,44379.8,3.0,1151.0,0.0,0.0
7955,L7955_11267,80198.47,6.0,1342.0,0.0,0.0
7955,L7955_11268,52503.64,9.0,796.0,0.0,0.0
7957,L7957_11269,29759.5,24.0,1188.0,1.0,90.0
7957,L7957_11270,69713.4,18.0,1536.0,0.0,0.0
7958,L7958_11271,28774.52,6.0,969.0,0.0,0.0
7958,L7958_11272,33064.74,,1164.0,0.0,0.0
7960,L7960_11273,57686.63,12.0,483.0,0.0,0.0
7961,L7961_11274,23759.13,18.0,636.0,0.0,0.0
7961,L7961_11275,37279.71,6.0,757.0,0.0,0.0
7962,L7962_11276,24431.38,6.0,961.0,0.0,0.0
7962,L7962_11277,27327.88,3.0,1048.0,0.0,0.0
7963,L7963_11278,29326.8,6.0,175.0,1.0,
7965,L7965_11279,41360.46,12.0,1054.0,1.0,7.0
7965,L7965_11280,56267.14,24.0,27.0,0.0,0.0
7965,L7965_11281,83203.7,6.0,1241.0,0.0,0.0
7966,L7966_11282,97200.9,9.0,503.0,0.0,0.0
7966,L7966_11283,20458.67,9.0,742.0,0.0,0.0
7966,L7966_11284,27429.33,24.0,359.0,0.0,0.0
7967,L7967_11285,43635.1,12.0,924.0,0.0,0.0
7967,L7967_11286,60223.77,24.0,597.0,0.0,0.0
7968,L7968_11287,48658.57,12.0,1112.0,0.0,0.0
7969,L7969_11288,78960.0,12.0,617.0,0.0,0.0
7969,L7969_11289,86304.8,12.0,440.0,0.0,0.0
7970,L7970_11290,,12.0,226.0,0.0,0.0
7971,L7971_11291,21432.0,36.0,186.0,0.0,0.0
7973,L7973_11292,93128.36,12.0,824.0,0.0,0.0
7974,L7974_11293,54896.32,18.0,84.0,0.0,0.0
7974,L7974_11294,116799.93,3.0,897.0,0.0,0.0
7975,L7975_11295,26779.75,12.0,410.0,0.0,0.0
7975,L7975_11296,27335.59,9.0,330.0,0.0,0.0
7975,L7975_11297,34022.09,3.0,28.0,0.0,0.0
7978,L7978_11298,75870.52,9.0,,0.0,0.0
7978,L7978_11299,,12.0,979.0,0.0,
7978,L7978_11300,49837.06,24.0,871.0,0.0,0.0
7979,L7979_11301,,3.0,924.0,0.0,0.0
7979,L7979_11302,99829.4,3.0,1275.0,0.0,0.0
7979,L7979_11303,107638.64,9.0,1488.0,0.0,
7980,L7980_11304,38447.77,18.0,393.0,0.0,0.0
7981,L7981_11305,19522.85,18.0,1440.0,0.0,0.0
7982,L7982_11306,21547.06,12.0,333.0,0.0,
7982,L7982_11307,58495.49,,1560.0,0.0,0.0
7983,L7983_11308,135404.93,6.0,237.0,0.0,0.0
7984,L7984_11309,41601.44,9.0,624.0,0.0,0.0
7984,L7984_11310,23200.25,12.0,1307.0,0.0,0.0
7986,L7986_11311,30591.31,12.0,1239.0,0.0,0.0
7986,L7986_11312,56422.54,12.0,1312.0,0.0,0.0
7986,L7986_11313,20533.75,3.0,,0.0,0.0
7986,L7986_11314,44598.85,18.0,348.0,0.0,0.0
7987,L7987_11315,83994.53,18.0,1031.0,1.0,7.0
7987,L7987_11316,33802.56,12.0,643.0,0.0,0.0
7988,L7988_11317,47725.24,9.0,1050.0,0.0,0.0
7989,L7989_11318,23362.17,24.0,68.0,1.0,3.0
7990,L7990_11319,42631.24,12.0,1431.0,0.0,0.0
7991,L7991_11320,30416.31,9.0,1475.0,0.0,0.0
7992,L7992_11321,53916.09,18.0,675.0,0.0,0.0
7993,L7993_11322,106786.09,18.0,1259.0,0.0,0.0
7994,L7994_11323,77429.01,3.0,1593.0,0.0,
7995,L7995_11324,83953.59,3.0,,0.0,0.0
7995,L7995_11325,54935.87,36.0,61.0,0.0,0.0
7995,L7995_11326,37242.92,24.0,76.0,0.0,0.0
7996,L7996_11327,26088.08,3.0,599.0,0.0,0.0
7996,L7996_11328,47055.1,3.0,277.0,0.0,0.0
7997,L7997_11329,44204.48,9.0,94.0,0.0,0.0
7997,L7997_11330,,3.0,858.0,1.0,90.0
7998,L7998_11331,39137.69,6.0,1382.0,0.0,0.0
7999,L7999_11332,43988.62,3.0,456.0,0.0,0.0
7999,L7999_11333,148457.55,3.0,244.0,0.0,0.0
7999,L7999_11334,108067.06,12.0,188.0,0.0,0.0
7999,L7999_11335,54792.58,9.0,1240.0,0.0,0.0
8000,L8000_11336,23707.52,18.0,607.0,0.0,0.0
8000,L8000_11337,74397.8,,794.0,0.0,0.0
8001,L8001_11338,34454.02,36.0,153.0,1.0,7.0
8001,L8001_11339,27797.31,12.0,438.0,0.0,0.0
8002,L8002_11340,85663.06,12.0,1231.0,1.0,7.0
8002,L8002_11341,67093.45,18.0,226.0,0.0,0.0
8002,L8002_11342,41021.16,36.0,1291.0,0.0,0.0
8003,L8003_11343,38563.17,24.0,881.0,1.0,3.0
8004,L8004_11344,58632.77,6.0,1584.0,0.0,0.0
8004,L8004_11345,28165.48,3.0,1103.0,0.0,0.0
8005,L8005_11346,75775.04,18.0,1382.0,0.0,0.0
8005,L8005_11347,54688.93,18.0,382.0,0.0,0.0
8006,L8006_11348,60025.5,24.0,901.0,0.0,0.0
8007,L8007_11349,84505.76,36.0,598.0,0.0,0.0
8007,L8007_11350,36527.24,9.0,554.0,0.0,0.0
8008,L8008_11351,82541.41,36.0,860.0,0.0,0.0
8008,L8008_11352,45258.84,3.0,443.0,0.0,0.0
8009,L8009_11353,35397.22,12.0,1329.0,0.0,0.0
8010,L8010_11354,59325.65,,852.0,0.0,0.0
8010,L8010_11355,20042.02,12.0,776.0,0.0,0.0
8011,L8011_11356,63377.0,9.0,1168.0,0.0,0.0
8012,L8012_11357,62910.74,12.0,758.0,0.0,0.0
8012,L8012_11358,24718.58,12.0,400.0,0.0,
8013,L8013_11359,42787.78,36.0,295.0,0.0,0.0
8014,L8014_11360,39544.97,12.0,324.0,0.0,0.0
8015,L8015_11361,55837.64,3.0,1186.0,0.0,0.0
8016,L8016_11362,48464.97,24.0,192.0,1.0,7.0
8016,L8016_11363,184697.26,12.0,260.0,0.0,0.0
8017,L8017_11364,107962.71,3.0,522.0,0.0,0.0
8017,L8017_11365,30272.16,3.0,800.0,0.0,0.0
8017,L8017_11366,65667.66,9.0,183.0,0.0,0.0
8018,L8018_11367,91710.16,3.0,1221.0,1.0,15.0
8018,L8018_11368,47541.17,3.0,1465.0,0.0,0.0
8019,L8019_11369,35352.14,12.0,1319.0,0.0,0.0
8019,L8019_11370,65545.36,6.0,,0.0,0.0
8019,L8019_11371,78680.3,6.0,247.0,1.0,1.0
8020,L8020_11372,43822.42,24.0,1337.0,0.0,0.0
8020,L8020_11373,32916.89,,1448.0,,0.0
8021,L8021_11374,29925.87,24.0,130.0,0.0,0.0
8021,L8021_11375,15521.42,36.0,611.0,0.0,0.0
8021,L8021_11376,125925.19,,1279.0,1.0,3.0
8022,L8022_11377,59824.47,36.0,1349.0,0.0,0.0
8023,L8023_11378,34656.31,3.0,774.0,0.0,0.0
8023,L8023_11379,112968.31,24.0,73.0,0.0,0.0
8023,L8023_11380,49746.93,3.0,320.0,0.0,0.0
8023,L8023_11381,33816.23,3.0,549.0,0.0,0.0
8023,L8023_11382,23320.58,18.0,,0.0,0.0
8024,L8024_11383,30283.19,18.0,1471.0,0.0,0.0
8025,L8025_11384,58213.35,3.0,169.0,0.0,0.0
8026,L8026_11385,67971.63,18.0,429.0,0.0,0.0
8026,L8026_11386,36125.47,36.0,1381.0,1.0,3.0
8027,L8027_11387,72971.04,12.0,638.0,0.0,0.0
8027,L8027_11388,45808.47,12.0,816.0,0.0,
8028,L8028_11389,95428.5,36.0,1266.0,0.0,0.0
8028,L8028_11390,22391.51,12.0,1055.0,0.0,0.0
8030,L8030_11391,52620.23,12.0,1225.0,0.0,0.0
8031,L8031_11392,,3.0,534.0,0.0,0.0
8032,L8032_11393,159979.99,12.0,1075.0,1.0,7.0
8032,L8032_11394,35892.9,12.0,79.0,0.0,0.0
8033,L8033_11395,58957.33,6.0,1449.0,0.0,0.0
8034,L8034_11396,39203.15,6.0,233.0,0.0,0.0
8034,L8034_11397,19251.87,,82.0,0.0,0.0
8035,L8035_11398,41838.28,18.0,865.0,0.0,0.0
8035,L8035_11399,45024.56,,630.0,0.0,0.0
8036,L8036_11400,12136.86,,1233.0,0.0,0.0
8037,L8037_11401,39842.15,3.0,152.0,0.0,0.0
8037,L8037_11402,44124.63,18.0,1553.0,0.0,0.0
8037,L8037_11403,30692.48,,1440.0,0.0,0.0
8037,L8037_11404,70563.25,9.0,991.0,0.0,0.0
8038,L8038_11405,49562.89,3.0,1429.0,0.0,0.0
8040,L8040_11406,153638.33,24.0,1549.0,0.0,0.0
8040,L8040_11407,63281.18,9.0,857.0,0.0,0.0
8041,L8041_11408,71468.79,18.0,768.0,1.0,30.0
8041,L8041_11409,77375.15,9.0,1112.0,0.0,0.0
8042,L8042_11410,20446.41,24.0,805.0,0.0,0.0
8042,L8042_11411,34531.34,3.0,,0.0,0.0
8043,L8043_11412,36255.52,6.0,496.0,0.0,0.0
8045,L8045_11413,28388.31,9.0,148.0,1.0,60.0
8045,L8045_11414,43024.26,3.0,603.0,0.0,0.0
8046,L8046_11415,40795.33,36.0,1265.0,1.0,1.0
8046,L8046_11416,48941.26,6.0,1008.0,0.0,0.0
8047,L8047_11417,63388.46,9.0,,0.0,0.0
8047,L8047_11418,25659.06,9.0,817.0,0.0,0.0
8047,L8047_11419,72301.45,9.0,1258.0,1.0,3.0
8047,L8047_11420,30528.62,18.0,793.0,0.0,0.0
8048,L8048_11421,35395.22,18.0,964.0,0.0,0.0
8048,L8048_11422,68776.35,,110.0,0.0,0.0
8050,L8050_11423,23855.03,36.0,1104.0,0.0,0.0
8051,L8051_11424,33108.86,36.0,1370.0,0.0,0.0
8052,L8052_11425,41050.15,18.0,1329.0,0.0,0.0
8052,L8052_11426,14569.4,6.0,695.0,0.0,0.0
8053,L8053_11427,59286.41,12.0,,1.0,30.0
8053,L8053_11428,29753.13,12.0,66.0,0.0,0.0
8053,L8053_11429,58721.38,6.0,460.0,0.0,0.0
8054,L8054_11430,26458.95,9.0,122.0,1.0,30.0
8055,L8055_11431,169338.07,9.0,434.0,1.0,1.0
8055,L8055_11432,51889.25,9.0,1203.0,0.0,0.0
8056,L8056_11433,109801.94,18.0,226.0,0.0,0.0
8057,L8057_11434,15167.12,6.0,1526.0,1.0,15.0
8058,L8058_11435,99298.88,36.0,823.0,0.0,0.0
8058,L8058_11436,43639.74,24.0,1461.0,0.0,0.0
8059,L8059_11437,48496.27,12.0,1005.0,0.0,0.0
8059,L8059_11438,39949.95,24.0,46.0,1.0,3.0
8059,L8059_11439,20834.8,12.0,1147.0,0.0,0.0
8059,L8059_11440,23587.22,9.0,1151.0,0.0,0.0
8060,L8060_11441,57272.91,,1117.0,0.0,0.0
8063,L8063_11442,73295.57,12.0,,1.0,15.0
8066,L8066_11443,131049.88,12.0,42.0,0.0,0.0
8066,L8066_11444,25441.44,36.0,674.0,1.0,15.0
8067,L8067_11445,68862.08,12.0,150.0,0.0,0.0
8067,L8067_11446,33570.74,12.0,464.0,0.0,0.0
8067,L8067_11447,39751.21,6.0,1475.0,0.0,0.0
8068,L8068_11448,100708.61,12.0,1266.0,0.0,0.0
8068,L8068_11449,64997.75,24.0,1356.0,,0.0
8068,L8068_11450,34707.99,9.0,1329.0,0.0,0.0
8068,L8068_11451,15623.56,18.0,157.0,0.0,0.0
8068,L8068_11452,37696.75,9.0,396.0,0.0,0.0
8071,L8071_11453,93169.68,12.0,111.0,0.0,0.0
8072,L8072_11454,73779.62,9.0,1033.0,1.0,30.0
8073,L8073_11455,11209.59,12.0,1105.0,0.0,0.0
8074,L8074_11456,39227.29,36.0,759.0,1.0,1.0
8075,L8075_11457,50955.39,,1147.0,0.0,0.0
8075,L8075_11458,91601.41,36.0,862.0,0.0,0.0
8075,L8075_11459,106845.03,12.0,,1.0,15.0
8076,L8076_11460,108178.88,18.0,1116.0,0.0,0.0
8078,L8078_11461,37509.34,,1420.0,0.0,0.0
8079,L8079_11462,,,1516.0,0.0,0.0
8081,L8081_11463,55192.38,36.0,777.0,1.0,30.0
8081,L8081_11464,53196.03,24.0,633.0,0.0,0.0
8081,L8081_11465,24546.43,9.0,868.0,0.0,0.0
8081,L8081_11466,12276.14,6.0,971.0,0.0,0.0
8081,L8081_11467,46569.24,24.0,24.0,0.0,0.0
8082,L8082_11468,32928.18,3.0,1439.0,1.0,15.0
8083,L8083_11469,46888.96,12.0,1131.0,0.0,0.0
8084,L8084_11470,44917.74,6.0,1133.0,0.0,0.0
8084,L8084_11471,50839.71,36.0,941.0,0.0,0.0
8085,L8085_11472,68268.22,24.0,1146.0,0.0,0.0
8086,L8086_11473,33754.93,9.0,453.0,0.0,0.0
8086,L8086_11474,52541.12,12.0,249.0,0.0,0.0
8087,L8087_11475,178283.49,,1478.0,0.0,0.0
8087,L8087_11476,52795.35,24.0,1392.0,0.0,0.0
8087,L8087_11477,53923.98,36.0,890.0,0.0,0.0
8088,L8088_11478,46096.16,6.0,1273.0,0.0,0.0
8088,L8088_11479,46477.7,3.0,40.0,1.0,15.0
8089,L8089_11480,62335.99,12.0,1496.0,0.0,
8089,L8089_11481,23831.82,3.0,726.0,0.0,0.0
8090,L8090_11482,59075.14,24.0,238.0,0.0,0.0
8091,L8091_11483,61116.68,6.0,1202.0,0.0,0.0
8092,L8092_11484,29088.34,12.0,1032.0,1.0,1.0
8093,L8093_11485,97471.25,24.0,1017.0,0.0,0.0
8094,L8094_11486,55387.77,9.0,942.0,1.0,15.0
8094,L8094_11487,78172.09,3.0,1157.0,0.0,0.0
8094,L8094_11488,45290.78,18.0,1485.0,1.0,1.0
8095,L8095_11489,45462.44,24.0,984.0,0.0,0.0
8095,L8095_11490,28413.55,6.0,1565.0,0.0,0.0
8095,L8095_11491,47969.97,3.0,1436.0,0.0,0.0
8095,L8095_11492,28110.89,3.0,393.0,1.0,30.0
8097,L8097_11493,28470.82,6.0,1302.0,0.0,0.0
8097,L8097_11494,18096.12,24.0,1142.0,0.0,0.0
8097,L8097_11495,54933.81,18.0,1187.0,0.0,0.0
8099,L8099_11496,22915.87,3.0,1206.0,0.0,0.0
8100,L8100_11497,40257.18,12.0,745.0,0.0,0.0
8100,L8100_11498,39029.09,6.0,202.0,0.0,0.0
8101,L8101_11499,31164.64,12.0,1256.0,1.0,1.0
8103,L8103_11500,31462.14,24.0,1227.0,1.0,60.0
8104,L8104_11501,44557.36,9.0,1230.0,0.0,0.0
8105,L8105_11502,85642.64,18.0,823.0,0.0,0.0
8106,L8106_11503,32873.5,24.0,1297.0,0.0,0.0
8106,L8106_11504,94908.46,6.0,1221.0,0.0,0.0
8107,L8107_11505,72974.31,,1556.0,0.0,0.0
8108,L8108_11506,100804.59,9.0,995.0,0.0,0.0
8108,L8108_11507,48326.39,18.0,123.0,0.0,0.0
8108,L8108_11508,68798.3,12.0,170.0,0.0,0.0
8109,L8109_11509,74420.19,3.0,1314.0,0.0,0.0
8109,L8109_11510,25226.17,9.0,451.0,0.0,0.0
8109,L8109_11511,26529.85,18.0,,0.0,0.0
8110,L8110_11512,40835.26,18.0,177.0,0.0,0.0
8110,L8110_11513,79065.38,36.0,728.0,0.0,0.0
8111,L8111_11514,35592.67,9.0,828.0,0.0,0.0
8111,L8111_11515,67278.62,9.0,269.0,0.0,0.0
8112,L8112_11516,39844.67,18.0,715.0,0.0,0.0
8112,L8112_11517,58491.39,9.0,354.0,1.0,15.0
8114,L8114_11518,27097.53,18.0,,0.0,0.0
8114,L8114_11519,85208.08,24.0,396.0,1.0,7.0
8114,L8114_11520,44908.25,6.0,1133.0,0.0,0.0
8116,L8116_11521,48031.85,9.0,1377.0,0.0,0.0
8116,L8116_11522,25146.16,36.0,1017.0,1.0,7.0
8116,L8116_11523,,18.0,1278.0,0.0,0.0
8117,L8117_11524,54572.47,36.0,122.0,0.0,0.0
8117,L8117_11525,30786.25,36.0,1207.0,0.0,0.0
8118,L8118_11526,16355.96,12.0,1330.0,0.0,0.0
8118,L8118_11527,80297.29,12.0,376.0,0.0,0.0
8121,L8121_11528,219041.58,18.0,136.0,0.0,0.0
8121,L8121_11529,27012.75,6.0,272.0,0.0,0.0
8122,L8122_11530,109281.99,,,0.0,0.0
8124,L8124_11531,40040.88,3.0,458.0,0.0,0.0
8125,L8125_11532,55553.08,3.0,834.0,0.0,0.0
8126,L8126_11533,34074.25,6.0,1090.0,0.0,0.0
8126,L8126_11534,31039.75,3.0,323.0,0.0,0.0
8128,L8128_11535,30202.02,3.0,854.0,1.0,3.0
8128,L8128_11536,99907.27,36.0,568.0,0.0,0.0
8128,L8128_11537,27452.3,36.0,1209.0,1.0,30.0
8129,L8129_11538,106072.42,24.0,965.0,1.0,7.0
8129,L8129_11539,99135.59,6.0,,0.0,0.0
8130,L8130_11540,40679.18,6.0,,0.0,0.0
8130,L8130_11541,30555.51,24.0,801.0,0.0,0.0
8131,L8131_11542,74819.92,,131.0,,0.0
8131,L8131_11543,63661.29,,756.0,0.0,0.0
8134,L8134_11544,22497.58,6.0,1480.0,0.0,0.0
8134,L8134_11545,49859.14,6.0,601.0,0.0,0.0
8134,L8134_11546,42522.94,12.0,309.0,1.0,1.0
8135,L8135_11547,73726.72,36.0,1536.0,1.0,7.0
8136,L8136_11548,35844.87,24.0,564.0,0.0,0.0
8136,L8136_11549,116520.79,6.0,86.0,0.0,0.0
8136,L8136_11550,71878.19,6.0,357.0,0.0,0.0
8137,L8137_11551,71271.48,6.0,1546.0,1.0,3.0
8140,L8140_11552,86404.78,18.0,1527.0,0.0,0.0
8141,L8141_11553,21780.1,3.0,230.0,0.0,0.0
8142,L8142_11554,15328.91,36.0,211.0,1.0,3.0
8142,L8142_11555,34793.72,,1496.0,0.0,0.0
8143,L8143_11556,65437.09,24.0,28.0,1.0,30.0
8144,L8144_11557,58431.96,3.0,1257.0,0.0,0.0
8144,L8144_11558,30742.95,6.0,114.0,0.0,0.0
8145,L8145_11559,104778.34,3.0,846.0,0.0,0.0
8145,L8145_11560,113997.32,24.0,53.0,0.0,0.0
8146,L8146_11561,26464.17,12.0,490.0,0.0,0.0
8147,L8147_11562,,6.0,724.0,0.0,0.0
8149,L8149_11563,47421.35,18.0,174.0,0.0,0.0
8149,L8149_11564,50061.46,36.0,1077.0,0.0,0.0
8149,L8149_11565,70155.53,12.0,617.0,0.0,0.0
8150,L8150_11566,40245.71,12.0,1598.0,1.0,3.0
8151,L8151_11567,63802.02,36.0,415.0,1.0,30.0
8152,L8152_11568,52185.37,36.0,781.0,0.0,0.0
8153,L8153_11569,52271.93,24.0,1205.0,0.0,0.0
8154,L8154_11570,82931.6,9.0,1334.0,1.0,3.0
8154,L8154_11571,10814.17,9.0,1068.0,,0.0
8156,L8156_11572,57530.07,24.0,65.0,0.0,0.0
8156,L8156_11573,152135.2,18.0,1237.0,1.0,60.0
8156,L8156_11574,39795.62,9.0,534.0,1.0,15.0
8158,L8158_11575,104284.37,9.0,,1.0,30.0
8158,L8158_11576,34707.52,24.0,1394.0,0.0,0.0
8158,L8158_11577,28566.65,18.0,1024.0,0.0,0.0
8159,L8159_11578,48307.45,9.0,1040.0,0.0,0.0
8160,L8160_11579,34206.52,24.0,693.0,1.0,15.0
8160,L8160_11580,37025.19,3.0,784.0,0.0,0.0
8160,L8160_11581,19741.12,36.0,513.0,0.0,0.0
8161,L8161_11582,39824.7,24.0,498.0,1.0,15.0
8162,L8162_11583,34186.57,36.0,1439.0,1.0,60.0
8163,L8163_11584,57127.62,6.0,1541.0,0.0,0.0
8164,L8164_11585,42002.86,6.0,307.0,1.0,15.0
8165,L8165_11586,90881.66,36.0,1108.0,0.0,0.0
8165,L8165_11587,33665.93,36.0,180.0,0.0,0.0
8165,L8165_11588,71042.22,,1455.0,0.0,0.0
8167,L8167_11589,38949.38,12.0,1569.0,0.0,0.0
8167,L8167_11590,68995.24,12.0,1381.0,0.0,0.0
8167,L8167_11591,,6.0,88.0,0.0,0.0
8167,L8167_11592,169000.54,24.0,631.0,0.0,0.0
8168,L8168_11593,44336.06,6.0,627.0,0.0,0.0
8168,L8168_11594,28515.18,36.0,1061.0,0.0,0.0
8171,L8171_11595,54001.84,6.0,736.0,0.0,0.0
8173,L8173_11596,34895.1,3.0,885.0,1.0,30.0
8173,L8173_11597,158355.73,6.0,297.0,0.0,0.0
8173,L8173_11598,119463.11,36.0,276.0,1.0,15.0
8174,L8174_11599,53069.0,36.0,1118.0,0.0,0.0
8176,L8176_11600,52506.34,36.0,531.0,0.0,0.0
8178,L8178_11601,20210.79,6.0,363.0,0.0,0.0
8180,L8180_11602,21627.09,6.0,,0.0,0.0
8181,L8181_11603,87443.08,24.0,944.0,0.0,0.0
8182,L8182_11604,38471.34,9.0,36.0,0.0,0.0
8184,L8184_11605,41401.92,36.0,318.0,0.0,0.0
8185,L8185_11606,188553.61,36.0,1412.0,0.0,0.0
8187,L8187_11607,33831.13,9.0,779.0,0.0,0.0
8187,L8187_11608,34832.0,24.0,290.0,1.0,
8188,L8188_11609,33959.87,6.0,1082.0,0.0,0.0
8190,L8190_11610,31274.71,6.0,1004.0,0.0,0.0
8191,L8191_11611,37717.14,18.0,773.0,0.0,0.0
8194,L8194_11612,28711.92,18.0,1111.0,0.0,0.0
8196,L8196_11613,107830.87,6.0,847.0,1.0,3.0
8197,L8197_11614,38850.98,36.0,1510.0,1.0,7.0
8197,L8197_11615,58653.45,6.0,,0.0,0.0
8198,L8198_11616,66424.7,18.0,192.0,0.0,0.0
8198,L8198_11617,80254.16,36.0,,1.0,1.0
8199,L8199_11618,44000.07,9.0,1177.0,0.0,
8199,L8199_11619,50326.58,24.0,930.0,0.0,0.0
8200,L8200_11620,68618.86,3.0,1392.0,0.0,0.0
8202,L8202_11621,36999.85,24.0,1426.0,0.0,0.0
8202,L8202_11622,26305.05,24.0,1222.0,0.0,0.0
8203,L8203_11623,104620.74,36.0,256.0,0.0,0.0
8203,L8203_11624,47887.32,,803.0,0.0,0.0
8206,L8206_11625,51268.94,3.0,1515.0,1.0,3.0
8206,L8206_11626,65484.03,,66.0,1.0,15.0
8208,L8208_11627,29488.98,6.0,1032.0,0.0,0.0
8209,L8209_11628,33628.39,6.0,1113.0,0.0,
8209,L8209_11629,43984.12,9.0,1239.0,0.0,0.0
8210,L8210_11630,50676.29,36.0,1278.0,0.0,0.0
8211,L8211_11631,48237.74,24.0,155.0,0.0,0.0
8211,L8211_11632,30020.28,36.0,678.0,0.0,0.0
8212,L8212_11633,54502.43,12.0,297.0,0.0,0.0
8212,L8212_11634,55283.36,36.0,1503.0,0.0,0.0
8212,L8212_11635,45102.93,18.0,534.0,0.0,0.0
8215,L8215_11636,64902.91,24.0,65.0,0.0,0.0
8215,L8215_11637,58316.59,18.0,,0.0,0.0
8216,L8216_11638,51487.11,24.0,605.0,0.0,0.0
8216,L8216_11639,49662.89,18.0,,0.0,0.0
8217,L8217_11640,34944.54,12.0,1523.0,0.0,
8217,L8217_11641,56480.53,36.0,128.0,0.0,0.0
8217,L8217_11642,27088.5,3.0,628.0,0.0,0.0
8217,L8217_11643,39658.44,36.0,1091.0,0.0,0.0
8217,L8217_11644,30111.76,18.0,246.0,0.0,0.0
8218,L8218_11645,59880.24,12.0,999.0,0.0,0.0
8218,L8218_11646,28535.59,9.0,1208.0,0.0,0.0
8221,L8221_11647,26289.32,24.0,1560.0,0.0,0.0
8221,L8221_11648,45800.16,12.0,1144.0,0.0,0.0
8221,L8221_11649,22826.25,12.0,193.0,0.0,0.0
8221,L8221_11650,49871.83,3.0,800.0,0.0,0.0
8222,L8222_11651,52835.8,36.0,123.0,0.0,0.0
8223,L8223_11652,70986.97,6.0,1436.0,,0.0
8225,L8225_11653,69224.35,12.0,1389.0,0.0,0.0
8225,L8225_11654,90885.4,12.0,964.0,0.0,0.0
8225,L8225_11655,63371.62,12.0,748.0,0.0,0.0
8225,L8225_11656,35814.16,24.0,1198.0,0.0,0.0
8226,L8226_11657,43979.13,36.0,1081.0,1.0,15.0
8227,L8227_11658,81426.53,12.0,179.0,0.0,0.0
8228,L8228_11659,53440.73,18.0,366.0,0.0,0.0
8228,L8228_11660,52391.53,18.0,1058.0,1.0,1.0
8228,L8228_11661,35561.61,12.0,1023.0,0.0,0.0
8229,L8229_11662,43106.18,24.0,58.0,0.0,
8230,L8230_11663,46506.75,6.0,252.0,1.0,
8230,L8230_11664,101929.5,36.0,1594.0,0.0,0.0
8230,L8230_11665,84391.24,,332.0,0.0,0.0
8230,L8230_11666,46034.02,24.0,623.0,0.0,0.0
8231,L8231_11667,56586.91,18.0,1225.0,1.0,60.0
8231,L8231_11668,41909.21,36.0,969.0,0.0,0.0
8231,L8231_11669,49324.28,9.0,1424.0,0.0,0.0
8232,L8232_11670,38241.74,9.0,268.0,1.0,15.0
8233,L8233_11671,34205.37,24.0,1014.0,0.0,0.0
8234,L8234_11672,27372.14,36.0,781.0,,0.0
8235,L8235_11673,73968.28,12.0,1321.0,0.0,0.0
8236,L8236_11674,54553.33,3.0,1293.0,1.0,7.0
8237,L8237_11675,38403.88,6.0,63.0,1.0,30.0
8237,L8237_11676,44946.41,6.0,328.0,1.0,15.0
8237,L8237_11677,46955.2,12.0,1165.0,0.0,0.0
8239,L8239_11678,,,277.0,0.0,0.0
8239,L8239_11679,27333.14,18.0,530.0,0.0,0.0
8242,L8242_11680,42983.78,6.0,361.0,1.0,30.0
8242,L8242_11681,53153.2,12.0,1158.0,0.0,0.0
8242,L8242_11682,27983.03,12.0,213.0,0.0,0.0
8243,L8243_11683,63699.45,12.0,893.0,0.0,0.0
8243,L8243_11684,22762.75,24.0,,,0.0
8244,L8244_11685,37567.33,,1589.0,0.0,0.0
8244,L8244_11686,14645.64,9.0,646.0,0.0,0.0
8245,L8245_11687,54082.54,3.0,1469.0,0.0,0.0
8245,L8245_11688,114876.71,9.0,637.0,0.0,0.0
8246,L8246_11689,44958.64,6.0,1479.0,0.0,0.0
8247,L8247_11690,18793.92,9.0,743.0,0.0,0.0
8247,L8247_11691,95715.05,36.0,558.0,1.0,3.0
8248,L8248_11692,23500.43,24.0,1580.0,0.0,0.0
8248,L8248_11693,59103.24,12.0,647.0,,0.0
8250,L8250_11694,78941.41,36.0,1316.0,0.0,0.0
8250,L8250_11695,36687.62,18.0,274.0,0.0,0.0
8250,L8250_11696,38600.51,24.0,836.0,0.0,0.0
8251,L8251_11697,34678.27,36.0,1362.0,0.0,0.0
8253,L8253_11698,48342.25,6.0,590.0,1.0,30.0
8255,L8255_11699,85663.53,12.0,519.0,0.0,0.0
8256,L8256_11700,38806.79,18.0,758.0,0.0,0.0
8256,L8256_11701,39077.11,24.0,809.0,0.0,0.0
8256,L8256_11702,61911.74,6.0,1500.0,0.0,0.0
8256,L8256_11703,43180.43,12.0,444.0,0.0,0.0
8256,L8256_11704,26220.29,18.0,176.0,0.0,0.0
8256,L8256_11705,29951.9,18.0,1324.0,0.0,0.0
8260,L8260_11706,23475.23,18.0,914.0,1.0,3.0
8260,L8260_11707,117610.45,3.0,745.0,0.0,
8261,L8261_11708,31697.36,6.0,671.0,0.0,0.0
8262,L8262_11709,59453.46,24.0,1572.0,0.0,0.0
8262,L8262_11710,25293.4,3.0,177.0,0.0,0.0
8263,L8263_11711,94751.59,36.0,1167.0,1.0,15.0
8263,L8263_11712,71214.24,12.0,1135.0,0.0,0.0
8263,L8263_11713,80366.49,6.0,409.0,1.0,1.0
8263,L8263_11714,62513.11,6.0,115.0,0.0,0.0
8263,L8263_11715,32542.38,18.0,1026.0,0.0,0.0
8263,L8263_11716,85840.64,6.0,814.0,1.0,15.0
8263,L8263_11717,24670.36,36.0,1307.0,0.0,0.0
8264,L8264_11718,49600.74,36.0,785.0,0.0,0.0
8265,L8265_11719,47934.24,24.0,575.0,1.0,1.0
8265,L8265_11720,33660.36,3.0,924.0,0.0,0.0
8266,L8266_11721,11921.46,24.0,1123.0,0.0,0.0
8266,L8266_11722,24493.73,24.0,997.0,,0.0
8266,L8266_11723,30597.44,3.0,593.0,1.0,1.0
8267,L8267_11724,22383.6,36.0,383.0,0.0,0.0
8268,L8268_11725,25480.89,12.0,1497.0,0.0,0.0
8268,L8268_11726,23767.92,12.0,604.0,0.0,0.0
8268,L8268_11727,81569.67,18.0,277.0,0.0,0.0
8269,L8269_11728,56619.07,6.0,1415.0,1.0,3.0
8269,L8269_11729,29143.13,12.0,343.0,0.0,0.0
8270,L8270_11730,80821.52,3.0,396.0,0.0,
8272,L8272_11731,59366.81,9.0,1226.0,0.0,0.0
8272,L8272_11732,35678.34,24.0,709.0,0.0,0.0
8273,L8273_11733,57291.24,36.0,730.0,0.0,0.0
8273,L8273_11734,77684.94,12.0,383.0,1.0,
8275,L8275_11735,40196.16,18.0,138.0,0.0,0.0
8275,L8275_11736,173808.58,36.0,861.0,0.0,0.0
8276,L8276_11737,72394.47,18.0,307.0,1.0,7.0
8276,L8276_11738,35745.61,3.0,473.0,1.0,15.0
8277,L8277_11739,25787.63,6.0,362.0,0.0,0.0
8278,L8278_11740,21443.38,24.0,732.0,0.0,0.0
8280,L8280_11741,90498.42,12.0,,0.0,0.0
8282,L8282_11742,55321.01,,454.0,0.0,0.0
8282,L8282_11743,27866.48,36.0,673.0,0.0,0.0
8284,L8284_11744,33518.7,9.0,336.0,0.0,0.0
8285,L8285_11745,50062.72,36.0,733.0,1.0,15.0
8285,L8285_11746,156201.91,24.0,1332.0,0.0,0.0
8285,L8285_11747,33246.84,3.0,474.0,1.0,30.0
8285,L8285_11748,39812.91,3.0,769.0,0.0,0.0
8286,L8286_11749,36267.76,6.0,1159.0,1.0,30.0
8286,L8286_11750,13695.19,36.0,139.0,0.0,0.0
8287,L8287_11751,84843.8,12.0,439.0,0.0,0.0
8287,L8287_11752,87609.84,6.0,536.0,0.0,0.0
8288,L8288_11753,23523.42,36.0,579.0,0.0,0.0
8289,L8289_11754,146105.98,12.0,1372.0,1.0,1.0
8290,L8290_11755,53034.23,6.0,141.0,0.0,0.0
8292,L8292_11756,31338.15,24.0,538.0,1.0,3.0
8292,L8292_11757,54662.41,24.0,142.0,1.0,1.0
8292,L8292_11758,25149.4,9.0,1155.0,0.0,0.0
8293,L8293_11759,71082.77,12.0,790.0,0.0,0.0
8293,L8293_11760,194797.53,24.0,719.0,1.0,60.0
8293,L8293_11761,41010.71,36.0,721.0,0.0,0.0
8296,L8296_11762,81954.81,24.0,387.0,,0.0
8296,L8296_11763,87469.5,36.0,512.0,1.0,30.0
8299,L8299_11764,42313.04,9.0,568.0,0.0,0.0
8299,L8299_11765,54033.13,24.0,1162.0,0.0,0.0
8300,L8300_11766,127422.58,18.0,778.0,0.0,0.0
8300,L8300_11767,26726.77,12.0,59.0,0.0,0.0
8300,L8300_11768,16606.75,6.0,769.0,0.0,0.0
8301,L8301_11769,28193.57,3.0,589.0,0.0,0.0
8305,L8305_11770,33454.55,12.0,1070.0,0.0,0.0
8305,L8305_11771,10977.96,12.0,294.0,0.0,0.0
8306,L8306_11772,35917.33,18.0,181.0,1.0,1.0
8307,L8307_11773,64259.86,36.0,1320.0,0.0,0.0
8307,L8307_11774,26824.16,9.0,62.0,0.0,0.0
8308,L8308_11775,80391.02,9.0,1210.0,1.0,3.0
8309,L8309_11776,83457.29,24.0,42.0,0.0,0.0
8309,L8309_11777,44038.08,6.0,1487.0,0.0,0.0
8311,L8311_11778,39213.07,6.0,174.0,0.0,0.0
8312,L8312_11779,37476.67,24.0,905.0,0.0,0.0
8312,L8312_11780,30938.88,9.0,725.0,1.0,1.0
8312,L8312_11781,22800.71,9.0,1351.0,0.0,0.0
8313,L8313_11782,62892.62,6.0,1459.0,0.0,0.0
8313,L8313_11783,49084.33,3.0,1576.0,1.0,1.0
8314,L8314_11784,67049.37,18.0,1369.0,0.0,0.0
8314,L8314_11785,15145.41,18.0,55.0,1.0,7.0
8314,L8314_11786,143277.37,3.0,488.0,0.0,0.0
8315,L8315_11787,22850.05,36.0,1141.0,0.0,0.0
8316,L8316_11788,25430.8,9.0,222.0,0.0,0.0
8317,L8317_11789,72473.85,12.0,1422.0,0.0,0.0
8318,L8318_11790,100541.16,36.0,1217.0,0.0,0.0
8318,L8318_11791,119911.12,36.0,1124.0,0.0,0.0
8318,L8318_11792,31810.01,3.0,806.0,0.0,0.0
8319,L8319_11793,27523.27,3.0,1043.0,1.0,30.0
8319,L8319_11794,54970.74,18.0,945.0,1.0,3.0
8319,L8319_11795,44848.11,24.0,610.0,0.0,0.0
8320,L8320_11796,62330.91,3.0,864.0,0.0,0.0
8320,L8320_11797,14799.78,36.0,671.0,0.0,0.0
8320,L8320_11798,73982.34,24.0,21.0,1.0,90.0
8320,L8320_11799,45063.29,18.0,1335.0,0.0,0.0
8320,L8320_11800,94765.33,18.0,387.0,0.0,0.0
8321,L8321_11801,39860.31,6.0,1446.0,0.0,0.0
8322,L8322_11802,74227.23,36.0,197.0,1.0,30.0
8325,L8325_11803,91418.81,12.0,614.0,1.0,30.0
8326,L8326_11804,32846.24,12.0,602.0,0.0,0.0
8326,L8326_11805,45243.21,6.0,1069.0,0.0,0.0
8326,L8326_11806,30749.58,24.0,251.0,0.0,0.0
8327,L8327_11807,132899.18,12.0,1213.0,0.0,0.0
8327,L8327_11808,39299.67,6.0,871.0,0.0,0.0
8328,L8328_11809,21467.01,6.0,919.0,0.0,0.0
8328,L8328_11810,38331.25,12.0,1564.0,0.0,0.0
8328,L8328_11811,128945.8,3.0,1105.0,0.0,0.0
8329,L8329_11812,19740.44,18.0,462.0,0.0,0.0
8330,L8330_11813,107188.97,12.0,1104.0,0.0,0.0
8334,L8334_11814,175451.25,,717.0,0.0,0.0
8335,L8335_11815,33630.46,6.0,1170.0,0.0,0.0
8336,L8336_11816,,6.0,1041.0,0.0,0.0
8337,L8337_11817,31553.75,3.0,906.0,1.0,1.0
8337,L8337_11818,47426.04,36.0,1147.0,0.0,0.0
8341,L8341_11819,116005.2,18.0,1519.0,0.0,0.0
8341,L8341_11820,73049.28,36.0,191.0,0.0,0.0
8343,L8343_11821,127186.41,,465.0,0.0,0.0
8346,L8346_11822,52373.9,18.0,849.0,0.0,0.0
8346,L8346_11823,44751.66,12.0,1207.0,1.0,
8347,L8347_11824,24886.46,36.0,448.0,0.0,0.0
8348,L8348_11825,36425.48,12.0,209.0,1.0,30.0
8349,L8349_11826,97903.44,6.0,532.0,,0.0
8350,L8350_11827,21408.1,24.0,1595.0,0.0,0.0
8351,L8351_11828,40216.81,3.0,703.0,1.0,7.0
8351,L8351_11829,23547.05,3.0,1591.0,0.0,0.0
8353,L8353_11830,136743.4,6.0,1374.0,0.0,0.0
8353,L8353_11831,48165.09,12.0,1479.0,1.0,15.0
8354,L8354_11832,12662.6,9.0,1213.0,0.0,0.0
8354,L8354_11833,33583.73,6.0,196.0,1.0,15.0
8355,L8355_11834,35766.02,9.0,612.0,0.0,0.0
8356,L8356_11835,78056.99,6.0,140.0,0.0,0.0
8357,L8357_11836,41756.93,24.0,80.0,0.0,0.0
8357,L8357_11837,67442.27,24.0,119.0,0.0,0.0
8358,L8358_11838,33242.27,,306.0,0.0,0.0
8358,L8358_11839,48634.85,24.0,257.0,0.0,0.0
8359,L8359_11840,40039.84,3.0,276.0,1.0,30.0
8360,L8360_11841,27374.57,3.0,717.0,0.0,0.0
8361,L8361_11842,38075.56,36.0,1593.0,1.0,3.0
8361,L8361_11843,58925.28,3.0,970.0,0.0,0.0
8361,L8361_11844,63206.06,3.0,93.0,0.0,0.0
8362,L8362_11845,17020.19,,1399.0,0.0,0.0
8362,L8362_11846,69535.49,24.0,774.0,0.0,0.0
8363,L8363_11847,69980.25,6.0,1367.0,0.0,0.0
8363,L8363_11848,90648.69,18.0,571.0,1.0,7.0
8366,L8366_11849,33210.61,18.0,525.0,0.0,0.0
8366,L8366_11850,36523.0,24.0,524.0,0.0,0.0
8367,L8367_11851,25827.1,,528.0,0.0,0.0
8367,L8367_11852,108621.86,18.0,1236.0,0.0,0.0
8368,L8368_11853,40587.98,9.0,1414.0,1.0,7.0
8369,L8369_11854,60148.51,36.0,957.0,0.0,0.0
8369,L8369_11855,41403.11,36.0,1464.0,1.0,15.0
8369,L8369_11856,46279.73,9.0,555.0,0.0,0.0
8370,L8370_11857,52127.84,6.0,309.0,0.0,0.0
8370,L8370_11858,43943.78,6.0,126.0,0.0,0.0
8371,L8371_11859,73157.19,24.0,,0.0,0.0
8371,L8371_11860,53909.75,9.0,1379.0,0.0,0.0
8371,L8371_11861,75491.08,18.0,396.0,0.0,0.0
8372,L8372_11862,45704.63,24.0,853.0,0.0,0.0
8373,L8373_11863,60919.02,6.0,643.0,0.0,0.0
8373,L8373_11864,82206.61,3.0,1234.0,0.0,0.0
8374,L8374_11865,77765.92,36.0,145.0,0.0,0.0
8375,L8375_11866,37744.33,3.0,762.0,1.0,15.0
8375,L8375_11867,31361.79,24.0,301.0,0.0,0.0
8376,L8376_11868,21575.33,6.0,1047.0,1.0,3.0
8378,L8378_11869,34053.39,3.0,1263.0,0.0,0.0
8379,L8379_11870,36743.51,9.0,158.0,0.0,0.0
8379,L8379_11871,45246.86,24.0,201.0,,0.0
8379,L8379_11872,29659.86,24.0,692.0,0.0,0.0
8380,L8380_11873,34092.27,12.0,409.0,0.0,0.0
8380,L8380_11874,50888.02,36.0,1218.0,1.0,3.0
8380,L8380_11875,26552.78,6.0,,0.0,0.0
8381,L8381_11876,55492.79,3.0,138.0,0.0,0.0
8381,L8381_11877,118661.94,36.0,836.0,0.0,0.0
8382,L8382_11878,40563.18,36.0,500.0,0.0,0.0
8382,L8382_11879,50927.05,36.0,367.0,0.0,0.0
8382,L8382_11880,,3.0,632.0,0.0,0.0
8383,L8383_11881,27925.72,36.0,1123.0,0.0,0.0
8383,L8383_11882,38801.72,3.0,1413.0,0.0,0.0
8384,L8384_11883,58359.71,9.0,1164.0,0.0,0.0
8384,L8384_11884,50161.05,36.0,1302.0,0.0,0.0
8385,L8385_11885,113925.59,12.0,1234.0,0.0,0.0
8386,L8386_11886,45803.29,,1286.0,0.0,0.0
8387,L8387_11887,44024.46,24.0,82.0,0.0,0.0
8388,L8388_11888,39125.49,12.0,124.0,0.0,0.0
8388,L8388_11889,36658.25,18.0,1139.0,0.0,0.0
8388,L8388_11890,39815.49,9.0,860.0,0.0,0.0
8389,L8389_11891,112513.78,9.0,232.0,0.0,0.0
8389,L8389_11892,30816.72,36.0,672.0,1.0,7.0
8389,L8389_11893,20799.65,18.0,1233.0,1.0,30.0
8389,L8389_11894,100156.08,,1409.0,0.0,0.0
8390,L8390_11895,80746.34,,1580.0,0.0,0.0
8390,L8390_11896,53470.63,6.0,513.0,0.0,0.0
8391,L8391_11897,75984.94,12.0,184.0,0.0,0.0
8393,L8393_11898,54619.77,36.0,1167.0,0.0,0.0
8394,L8394_11899,22558.54,18.0,423.0,0.0,0.0
8394,L8394_11900,49034.42,6.0,361.0,0.0,0.0
8395,L8395_11901,29860.05,24.0,525.0,0.0,0.0
8395,L8395_11902,89068.93,6.0,72.0,0.0,0.0
8396,L8396_11903,43488.59,3.0,57.0,0.0,0.0
8397,L8397_11904,53113.12,9.0,408.0,0.0,0.0
8398,L8398_11905,23504.29,,1093.0,0.0,0.0
8398,L8398_11906,36691.59,3.0,894.0,1.0,15.0
8399,L8399_11907,72433.95,36.0,1407.0,0.0,0.0
8399,L8399_11908,48669.55,6.0,437.0,0.0,0.0
8400,L8400_11909,17195.22,6.0,1527.0,0.0,0.0
8401,L8401_11910,41300.21,24.0,659.0,0.0,0.0
8403,L8403_11911,88430.04,24.0,65.0,0.0,0.0
8404,L8404_11912,49560.74,36.0,1570.0,0.0,0.0
8405,L8405_11913,33118.42,18.0,39.0,0.0,0.0
8405,L8405_11914,40448.93,6.0,1398.0,0.0,0.0
8407,L8407_11915,18501.41,12.0,1461.0,,7.0
8408,L8408_11916,51654.85,24.0,761.0,0.0,0.0
8408,L8408_11917,51924.56,6.0,930.0,0.0,0.0
8409,L8409_11918,28890.43,12.0,256.0,1.0,30.0
8409,L8409_11919,28786.09,24.0,359.0,0.0,0.0
8409,L8409_11920,44113.47,12.0,215.0,0.0,0.0
8410,L8410_11921,50705.48,36.0,697.0,1.0,3.0
8410,L8410_11922,58513.25,6.0,239.0,0.0,0.0
8410,L8410_11923,39592.84,6.0,556.0,0.0,0.0
8410,L8410_11924,28673.4,36.0,1186.0,0.0,0.0
8411,L8411_11925,55620.67,24.0,1338.0,1.0,7.0
8411,L8411_11926,45316.19,3.0,423.0,0.0,0.0
8411,L8411_11927,21891.99,9.0,1280.0,0.0,0.0
8412,L8412_11928,62105.99,36.0,1035.0,0.0,0.0
8412,L8412_11929,39145.8,18.0,1359.0,0.0,0.0
8413,L8413_11930,37376.14,24.0,1059.0,0.0,0.0
8415,L8415_11931,68731.54,18.0,488.0,0.0,0.0
8416,L8416_11932,42123.83,9.0,758.0,0.0,0.0
8417,L8417_11933,69539.37,3.0,1465.0,0.0,0.0
8418,L8418_11934,94435.53,,222.0,0.0,0.0
8419,L8419_11935,62977.75,6.0,893.0,0.0,0.0
8420,L8420_11936,128835.59,3.0,76.0,0.0,0.0
8420,L8420_11937,34765.52,9.0,1529.0,0.0,0.0
8420,L8420_11938,18443.1,24.0,,0.0,0.0
8421,L8421_11939,69391.58,6.0,1314.0,0.0,0.0
8421,L8421_11940,42982.28,12.0,626.0,0.0,0.0
8421,L8421_11941,27031.94,3.0,440.0,1.0,15.0
8422,L8422_11942,21341.2,24.0,1176.0,0.0,0.0
8423,L8423_11943,30248.12,24.0,137.0,0.0,0.0
8423,L8423_11944,57561.42,18.0,652.0,0.0,0.0
8423,L8423_11945,60263.5,18.0,39.0,0.0,0.0
8425,L8425_11946,84258.52,9.0,807.0,0.0,0.0
8425,L8425_11947,43604.29,6.0,1064.0,0.0,0.0
8426,L8426_11948,22773.77,12.0,1515.0,0.0,0.0
8427,L8427_11949,29084.87,24.0,744.0,0.0,0.0
8428,L8428_11950,42603.06,,98.0,0.0,0.0
8428,L8428_11951,29016.88,3.0,923.0,1.0,15.0
8429,L8429_11952,74692.84,12.0,114.0,1.0,7.0
8430,L8430_11953,24125.95,,603.0,0.0,0.0
8431,L8431_11954,57048.54,18.0,890.0,0.0,0.0
8431,L8431_11955,23852.03,24.0,777.0,0.0,0.0
8432,L8432_11956,77361.12,36.0,876.0,0.0,0.0
8433,L8433_11957,36327.44,24.0,1203.0,0.0,0.0
8434,L8434_11958,74070.6,3.0,1222.0,0.0,0.0
8435,L8435_11959,16108.88,18.0,1309.0,0.0,0.0
8435,L8435_11960,68289.23,3.0,1189.0,0.0,0.0
8435,L8435_11961,89809.47,3.0,543.0,0.0,0.0
8436,L8436_11962,64460.68,36.0,501.0,0.0,0.0
8437,L8437_11963,,9.0,1133.0,1.0,7.0
8437,L8437_11964,32883.36,36.0,1474.0,0.0,0.0
8438,L8438_11965,119426.92,12.0,1596.0,1.0,7.0
8438,L8438_11966,75391.86,3.0,67.0,0.0,0.0
8438,L8438_11967,21227.42,24.0,549.0,,
8438,L8438_11968,95119.0,36.0,231.0,0.0,
8439,L8439_11969,48665.57,24.0,754.0,0.0,0.0
8440,L8440_11970,151149.74,3.0,1097.0,0.0,0.0
8440,L8440_11971,57622.26,36.0,791.0,1.0,3.0
8440,L8440_11972,23502.97,6.0,344.0,1.0,7.0
8440,L8440_11973,22352.88,18.0,1488.0,0.0,0.0
8441,L8441_11974,49567.64,18.0,1415.0,0.0,0.0
8441,L8441_11975,110040.6,12.0,1291.0,0.0,0.0
8442,L8442_11976,53423.18,18.0,557.0,1.0,15.0
8443,L8443_11977,56883.38,3.0,892.0,1.0,3.0
8444,L8444_11978,50753.77,36.0,390.0,0.0,0.0
8445,L8445_11979,56329.56,18.0,1355.0,0.0,0.0
8445,L8445_11980,114798.2,9.0,158.0,1.0,15.0
8446,L8446_11981,51295.35,3.0,843.0,0.0,
8446,L8446_11982,36884.78,24.0,,0.0,0.0
8448,L8448_11983,32591.54,12.0,180.0,0.0,0.0
8448,L8448_11984,40874.11,12.0,1458.0,0.0,0.0
8448,L8448_11985,36819.43,24.0,883.0,0.0,0.0
8448,L8448_11986,36515.89,3.0,1071.0,1.0,3.0
8449,L8449_11987,33617.64,3.0,,0.0,0.0
8449,L8449_11988,46121.3,18.0,1406.0,0.0,0.0
8449,L8449_11989,17576.41,36.0,969.0,0.0,0.0
8451,L8451_11990,27336.36,6.0,503.0,0.0,0.0
8453,L8453_11991,77278.46,18.0,604.0,0.0,0.0
8453,L8453_11992,56609.88,6.0,1174.0,0.0,0.0
8453,L8453_11993,93044.71,36.0,451.0,1.0,15.0
8454,L8454_11994,81516.5,18.0,267.0,0.0,0.0
8454,L8454_11995,119767.66,6.0,25.0,0.0,0.0
8454,L8454_11996,63811.56,6.0,234.0,0.0,0.0
8454,L8454_11997,76283.87,9.0,1403.0,0.0,0.0
8454,L8454_11998,106019.06,,921.0,1.0,7.0
8455,L8455_11999,29045.62,6.0,1246.0,0.0,0.0
8456,L8456_12000,55280.14,18.0,923.0,0.0,0.0
8456,L8456_12001,33442.41,9.0,363.0,1.0,3.0
8457,L8457_12002,48431.25,12.0,354.0,0.0,0.0
8458,L8458_12003,47547.44,18.0,626.0,0.0,0.0
8458,L8458_12004,34071.84,12.0,1468.0,0.0,0.0
8459,L8459_12005,91313.53,,914.0,0.0,0.0
8459,L8459_12006,53645.13,24.0,887.0,0.0,0.0
8459,L8459_12007,28119.65,6.0,1349.0,0.0,0.0
8459,L8459_12008,15978.0,9.0,408.0,0.0,0.0
8460,L8460_12009,73547.72,36.0,525.0,0.0,0.0
8461,L8461_12010,53555.6,24.0,826.0,0.0,0.0
8461,L8461_12011,46128.62,9.0,1269.0,1.0,3.0
8461,L8461_12012,36003.74,24.0,792.0,0.0,0.0
8461,L8461_12013,31132.21,24.0,1089.0,0.0,0.0
8462,L8462_12014,38432.36,9.0,,0.0,0.0
8462,L8462_12015,124710.04,9.0,843.0,0.0,
8462,L8462_12016,51340.89,24.0,,1.0,15.0
8462,L8462_12017,89460.55,3.0,881.0,0.0,0.0
8463,L8463_12018,46287.12,18.0,925.0,0.0,0.0
8463,L8463_12019,44652.73,9.0,498.0,0.0,0.0
8463,L8463_12020,39507.72,6.0,1529.0,0.0,0.0
8465,L8465_12021,26396.35,3.0,162.0,0.0,0.0
8466,L8466_12022,87353.01,18.0,1283.0,0.0,0.0
8466,L8466_12023,35745.42,3.0,145.0,0.0,0.0
8466,L8466_12024,29407.04,18.0,1462.0,1.0,30.0
8466,L8466_12025,114458.24,3.0,1436.0,0.0,0.0
8467,L8467_12026,46757.17,36.0,90.0,0.0,0.0
8468,L8468_12027,,18.0,702.0,0.0,0.0
8468,L8468_12028,33860.14,6.0,389.0,0.0,0.0
8469,L8469_12029,28559.86,36.0,274.0,0.0,0.0
8469,L8469_12030,43963.28,24.0,477.0,0.0,0.0
8469,L8469_12031,110173.22,6.0,,0.0,0.0
8470,L8470_12032,51205.47,,795.0,0.0,0.0
8472,L8472_12033,38538.92,6.0,1352.0,0.0,0.0
8472,L8472_12034,66963.32,3.0,573.0,0.0,0.0
8473,L8473_12035,58564.09,12.0,1166.0,0.0,0.0
8474,L8474_12036,33799.64,24.0,418.0,0.0,0.0
8474,L8474_12037,31107.32,18.0,633.0,0.0,0.0
8474,L8474_12038,66816.84,6.0,903.0,0.0,0.0
8476,L8476_12039,55607.92,24.0,585.0,0.0,0.0
8476,L8476_12040,36731.61,3.0,1319.0,0.0,0.0
8477,L8477_12041,40517.39,6.0,1101.0,0.0,0.0
8477,L8477_12042,63576.07,6.0,443.0,1.0,7.0
8478,L8478_12043,37063.43,24.0,80.0,0.0,0.0
8479,L8479_12044,41229.77,36.0,1315.0,0.0,0.0
8480,L8480_12045,24801.26,18.0,430.0,1.0,1.0
8484,L8484_12046,27058.26,24.0,1560.0,0.0,0.0
8485,L8485_12047,24880.64,24.0,766.0,1.0,1.0
8487,L8487_12048,58597.2,12.0,211.0,1.0,3.0
8488,L8488_12049,43446.29,3.0,741.0,0.0,0.0
8489,L8489_12050,,6.0,254.0,0.0,0.0
8489,L8489_12051,49744.01,18.0,1117.0,0.0,0.0
8490,L8490_12052,30465.78,36.0,690.0,,0.0
8491,L8491_12053,71983.47,6.0,1039.0,0.0,0.0
8492,L8492_12054,55657.41,3.0,980.0,0.0,0.0
8492,L8492_12055,44903.25,9.0,862.0,1.0,15.0
8492,L8492_12056,29927.15,24.0,1272.0,1.0,1.0
8496,L8496_12057,50591.76,3.0,1460.0,1.0,30.0
8497,L8497_12058,11956.89,3.0,1098.0,0.0,0.0
8497,L8497_12059,97014.43,24.0,615.0,0.0,0.0
8497,L8497_12060,18636.24,9.0,1598.0,0.0,0.0
8499,L8499_12061,28551.54,24.0,1300.0,0.0,0.0
8499,L8499_12062,27192.25,3.0,1456.0,0.0,0.0
8500,L8500_12063,45931.2,6.0,1423.0,0.0,0.0
8501,L8501_12064,145057.43,36.0,644.0,0.0,0.0
8502,L8502_12065,68922.94,24.0,1066.0,1.0,7.0
8503,L8503_12066,47676.84,3.0,492.0,1.0,30.0
8503,L8503_12067,48522.41,3.0,1419.0,0.0,0.0
8504,L8504_12068,66519.49,36.0,422.0,0.0,0.0
8505,L8505_12069,45382.09,12.0,449.0,0.0,0.0
8506,L8506_12070,60130.01,9.0,1348.0,0.0,0.0
8507,L8507_12071,63243.63,6.0,579.0,0.0,0.0
8507,L8507_12072,39918.52,36.0,312.0,0.0,0.0
8508,L8508_12073,26122.38,12.0,1042.0,0.0,0.0
8508,L8508_12074,77163.08,24.0,1358.0,1.0,15.0
8509,L8509_12075,47039.55,3.0,56.0,0.0,0.0
8511,L8511_12076,112853.61,24.0,749.0,1.0,30.0
8512,L8512_12077,55300.25,36.0,708.0,0.0,0.0
8512,L8512_12078,71749.31,12.0,99.0,0.0,0.0
8512,L8512_12079,31464.56,9.0,458.0,0.0,0.0
8514,L8514_12080,23170.54,36.0,547.0,0.0,0.0
8514,L8514_12081,41610.72,12.0,181.0,1.0,1.0
8514,L8514_12082,288224.33,,1362.0,0.0,0.0
8515,L8515_12083,89694.6,36.0,1167.0,0.0,0.0
8515,L8515_12084,58093.6,9.0,520.0,,0.0
8516,L8516_12085,18666.29,36.0,1431.0,0.0,0.0
8516,L8516_12086,66412.73,36.0,328.0,0.0,0.0
8518,L8518_12087,55097.48,12.0,1327.0,0.0,0.0
8518,L8518_12088,33452.44,6.0,485.0,,0.0
8520,L8520_12089,21233.3,9.0,688.0,0.0,0.0
8522,L8522_12090,114781.29,18.0,705.0,0.0,0.0
8522,L8522_12091,44426.74,9.0,344.0,0.0,0.0
8524,L8524_12092,33610.3,6.0,324.0,0.0,0.0
8524,L8524_12093,132991.81,3.0,1497.0,1.0,7.0
8525,L8525_12094,126981.57,3.0,459.0,1.0,7.0
8526,L8526_12095,,24.0,888.0,1.0,7.0
8526,L8526_12096,18666.65,36.0,151.0,1.0,30.0
8526,L8526_12097,21588.9,18.0,1521.0,0.0,0.0
8526,L8526_12098,86439.98,6.0,237.0,0.0,0.0
8527,L8527_12099,36108.97,18.0,1579.0,0.0,0.0
8527,L8527_12100,20815.51,24.0,1564.0,0.0,0.0
8528,L8528_12101,30543.04,36.0,32.0,0.0,0.0
8529,L8529_12102,59968.04,12.0,438.0,0.0,
8529,L8529_12103,38198.48,3.0,487.0,1.0,15.0
8530,L8530_12104,33527.72,36.0,590.0,1.0,3.0
8530,L8530_12105,59857.37,18.0,1287.0,0.0,0.0
8531,L8531_12106,36381.54,36.0,572.0,0.0,0.0
8531,L8531_12107,62628.66,3.0,1537.0,1.0,7.0
8532,L8532_12108,13383.19,18.0,,0.0,0.0
8533,L8533_12109,39472.33,12.0,344.0,0.0,0.0
8533,L8533_12110,59391.56,12.0,663.0,0.0,0.0
8534,L8534_12111,58549.58,18.0,1476.0,0.0,0.0
8534,L8534_12112,115193.35,18.0,20.0,0.0,0.0
8535,L8535_12113,36706.35,12.0,1463.0,0.0,0.0
8536,L8536_12114,30895.11,3.0,549.0,0.0,0.0
8537,L8537_12115,56237.85,6.0,1034.0,0.0,0.0
8538,L8538_12116,68807.0,36.0,312.0,1.0,60.0
8539,L8539_12117,34184.16,24.0,754.0,0.0,0.0
8539,L8539_12118,36959.09,12.0,1284.0,1.0,15.0
8540,L8540_12119,40601.87,36.0,524.0,1.0,90.0
8541,L8541_12120,30491.43,24.0,642.0,,0.0
8544,L8544_12121,47448.4,3.0,651.0,0.0,
8544,L8544_12122,100261.67,9.0,1400.0,,3.0
8544,L8544_12123,46309.49,36.0,1065.0,0.0,0.0
8546,L8546_12124,31378.36,36.0,1322.0,0.0,0.0
8548,L8548_12125,30061.73,6.0,444.0,0.0,
8548,L8548_12126,34192.1,9.0,1443.0,0.0,0.0
8549,L8549_12127,69029.83,9.0,1510.0,1.0,15.0
8549,L8549_12128,26744.3,18.0,1238.0,1.0,3.0
8550,L8550_12129,58437.84,12.0,142.0,0.0,0.0
8551,L8551_12130,25383.57,3.0,249.0,1.0,1.0
8552,L8552_12131,31097.73,,181.0,1.0,7.0
8553,L8553_12132,35000.72,36.0,1185.0,0.0,0.0
8554,L8554_12133,18441.34,18.0,308.0,0.0,0.0
8555,L8555_12134,41015.19,6.0,1126.0,1.0,3.0
8555,L8555_12135,37023.21,,1058.0,0.0,0.0
8555,L8555_12136,33935.0,3.0,304.0,0.0,0.0
8555,L8555_12137,26849.98,18.0,1411.0,0.0,
8556,L8556_12138,26566.54,36.0,531.0,1.0,15.0
8556,L8556_12139,49323.95,24.0,1482.0,1.0,1.0
8556,L8556_12140,59514.29,6.0,1415.0,0.0,0.0
8559,L8559_12141,11409.7,24.0,507.0,0.0,0.0
8559,L8559_12142,81118.44,36.0,1057.0,0.0,0.0
8560,L8560_12143,45464.29,,1091.0,0.0,0.0
8560,L8560_12144,68352.05,9.0,902.0,0.0,0.0
8560,L8560_12145,65440.66,24.0,1418.0,0.0,0.0
8560,L8560_12146,177624.96,18.0,378.0,0.0,0.0
8561,L8561_12147,110021.89,36.0,899.0,1.0,7.0
8562,L8562_12148,75849.81,18.0,1267.0,1.0,60.0
8563,L8563_12149,44670.14,3.0,295.0,0.0,0.0
8563,L8563_12150,39322.11,12.0,1346.0,0.0,0.0
8563,L8563_12151,67587.17,12.0,60.0,0.0,0.0
8564,L8564_12152,98796.72,,1443.0,0.0,0.0
8565,L8565_12153,30689.85,9.0,,0.0,0.0
8566,L8566_12154,113924.09,12.0,681.0,0.0,0.0
8566,L8566_12155,87261.2,24.0,1168.0,0.0,0.0
8566,L8566_12156,22159.63,24.0,1067.0,0.0,0.0
8567,L8567_12157,29284.45,6.0,304.0,0.0,0.0
8567,L8567_12158,102966.51,24.0,1180.0,1.0,3.0
8568,L8568_12159,,36.0,1354.0,0.0,0.0
8569,L8569_12160,42273.96,18.0,985.0,1.0,90.0
8569,L8569_12161,28954.11,9.0,668.0,0.0,0.0
8571,L8571_12162,34836.16,12.0,833.0,0.0,0.0
8572,L8572_12163,36894.23,3.0,1466.0,0.0,0.0
8572,L8572_12164,47879.8,12.0,841.0,1.0,3.0
8572,L8572_12165,102041.27,3.0,665.0,,0.0
8573,L8573_12166,194190.19,24.0,1029.0,,0.0
8574,L8574_12167,66826.67,6.0,114.0,0.0,0.0
8575,L8575_12168,32502.85,12.0,,0.0,0.0
8577,L8577_12169,22217.27,,1263.0,0.0,0.0
8578,L8578_12170,123988.54,6.0,1196.0,0.0,0.0
8580,L8580_12171,37253.5,12.0,141.0,0.0,0.0
8582,L8582_12172,41732.55,24.0,61.0,0.0,0.0
8583,L8583_12173,49651.03,6.0,840.0,1.0,60.0
8584,L8584_12174,48921.73,6.0,326.0,0.0,0.0
8584,L8584_12175,39684.76,3.0,1460.0,0.0,0.0
8585,L8585_12176,83624.27,9.0,750.0,0.0,0.0
8587,L8587_12177,38082.33,18.0,132.0,0.0,0.0
8588,L8588_12178,30631.52,18.0,207.0,0.0,0.0
8592,L8592_12179,59811.18,36.0,1424.0,0.0,0.0
8592,L8592_12180,69241.19,6.0,243.0,0.0,0.0
8594,L8594_12181,31082.67,36.0,96.0,0.0,0.0
8594,L8594_12182,29071.22,18.0,280.0,0.0,0.0
8595,L8595_12183,53621.33,,949.0,0.0,0.0
8595,L8595_12184,83658.29,3.0,1377.0,0.0,0.0
8595,L8595_12185,16880.69,24.0,352.0,1.0,30.0
8596,L8596_12186,27691.97,24.0,194.0,0.0,0.0
8596,L8596_12187,41968.59,3.0,1316.0,0.0,0.0
8597,L8597_12188,47135.79,3.0,857.0,0.0,0.0
8597,L8597_12189,148646.18,24.0,1249.0,0.0,0.0
8598,L8598_12190,114573.01,24.0,935.0,0.0,0.0
8598,L8598_12191,45176.91,12.0,1095.0,0.0,0.0
8599,L8599_12192,97085.05,9.0,1216.0,0.0,0.0
8599,L8599_12193,33236.24,3.0,613.0,1.0,3.0
8599,L8599_12194,40645.03,24.0,1002.0,0.0,0.0
8600,L8600_12195,51274.69,3.0,1113.0,0.0,0.0
8601,L8601_12196,167048.92,18.0,65.0,0.0,0.0
8602,L8602_12197,81412.67,24.0,297.0,0.0,0.0
8602,L8602_12198,28180.66,18.0,1501.0,0.0,0.0
8604,L8604_12199,49029.94,36.0,507.0,0.0,0.0
8605,L8605_12200,44288.24,24.0,299.0,0.0,0.0
8605,L8605_12201,38446.28,3.0,824.0,1.0,15.0
8605,L8605_12202,35001.33,36.0,1207.0,0.0,0.0
8605,L8605_12203,27469.4,36.0,822.0,0.0,0.0
8606,L8606_12204,29859.18,3.0,551.0,0.0,0.0
8607,L8607_12205,84104.52,9.0,1021.0,0.0,0.0
8607,L8607_12206,93831.86,36.0,897.0,0.0,0.0
8608,L8608_12207,60248.35,9.0,1030.0,0.0,0.0
8610,L8610_12208,28822.13,24.0,389.0,0.0,0.0
8613,L8613_12209,12695.73,36.0,1597.0,,0.0
8614,L8614_12210,70658.05,6.0,1204.0,1.0,7.0
8615,L8615_12211,59378.11,9.0,148.0,0.0,0.0
8617,L8617_12212,41230.6,3.0,1368.0,0.0,0.0
8617,L8617_12213,48546.16,3.0,303.0,0.0,0.0
8618,L8618_12214,15286.43,12.0,731.0,0.0,0.0
8618,L8618_12215,43088.35,3.0,942.0,1.0,7.0
8620,L8620_12216,45288.62,24.0,699.0,0.0,0.0
8621,L8621_12217,56691.44,24.0,1277.0,0.0,0.0
8622,L8622_12218,30446.07,3.0,,1.0,7.0
8622,L8622_12219,133623.73,3.0,1420.0,1.0,3.0
8623,L8623_12220,49011.82,12.0,469.0,1.0,1.0
8626,L8626_12221,23279.9,18.0,1149.0,0.0,0.0
8626,L8626_12222,42532.73,9.0,1506.0,1.0,7.0
8626,L8626_12223,54154.75,24.0,20.0,1.0,60.0
8626,L8626_12224,106853.97,24.0,,0.0,0.0
8627,L8627_12225,79716.69,18.0,1235.0,1.0,7.0
8627,L8627_12226,82331.44,18.0,479.0,0.0,0.0
8628,L8628_12227,36157.24,9.0,680.0,0.0,0.0
8628,L8628_12228,26213.89,24.0,1013.0,0.0,0.0
8629,L8629_12229,35274.1,6.0,1327.0,1.0,
8630,L8630_12230,173291.45,18.0,660.0,0.0,0.0
8630,L8630_12231,157679.62,18.0,538.0,1.0,1.0
8631,L8631_12232,44435.87,36.0,452.0,1.0,15.0
8631,L8631_12233,47833.05,12.0,1432.0,1.0,1.0
8632,L8632_12234,,9.0,932.0,0.0,0.0
8633,L8633_12235,60475.28,18.0,1361.0,0.0,0.0
8633,L8633_12236,49488.32,18.0,80.0,1.0,15.0
8634,L8634_12237,51258.75,3.0,573.0,0.0,0.0
8634,L8634_12238,49222.35,12.0,1172.0,1.0,15.0
8635,L8635_12239,70613.36,24.0,1012.0,0.0,0.0
8636,L8636_12240,34045.96,24.0,455.0,0.0,0.0
8638,L8638_12241,21735.56,,681.0,0.0,0.0
8639,L8639_12242,140678.64,36.0,971.0,0.0,0.0
8640,L8640_12243,93696.37,18.0,970.0,0.0,0.0
8640,L8640_12244,86852.83,3.0,810.0,0.0,0.0
8640,L8640_12245,41430.55,36.0,620.0,1.0,90.0
8641,L8641_12246,56155.16,24.0,258.0,1.0,7.0
8643,L8643_12247,,12.0,,0.0,0.0
8644,L8644_12248,26833.31,9.0,1064.0,0.0,0.0
8644,L8644_12249,41350.29,9.0,1334.0,0.0,0.0
8645,L8645_12250,168928.94,24.0,923.0,0.0,0.0
8645,L8645_12251,104529.6,3.0,1227.0,0.0,0.0
8645,L8645_12252,23513.49,36.0,1034.0,1.0,15.0
8646,L8646_12253,41930.28,3.0,457.0,0.0,0.0
8646,L8646_12254,43617.64,24.0,650.0,0.0,0.0
8647,L8647_12255,69083.68,12.0,551.0,0.0,0.0
8647,L8647_12256,55545.56,3.0,1288.0,0.0,0.0
8647,L8647_12257,84297.98,24.0,813.0,0.0,0.0
8648,L8648_12258,59026.72,9.0,306.0,0.0,0.0
8648,L8648_12259,91247.41,6.0,448.0,1.0,30.0
8648,L8648_12260,53483.71,18.0,825.0,0.0,0.0
8648,L8648_12261,33955.36,36.0,1247.0,0.0,0.0
8648,L8648_12262,69262.27,12.0,1065.0,0.0,0.0
8649,L8649_12263,29398.46,3.0,1118.0,0.0,0.0
8649,L8649_12264,77827.83,24.0,1034.0,0.0,0.0
8649,L8649_12265,24639.77,,830.0,0.0,0.0
8649,L8649_12266,129456.45,3.0,809.0,0.0,0.0
8650,L8650_12267,70525.96,3.0,997.0,0.0,0.0
8650,L8650_12268,17356.25,18.0,724.0,0.0,0.0
8651,L8651_12269,75533.73,9.0,450.0,0.0,0.0
8653,L8653_12270,29429.88,6.0,794.0,0.0,0.0
8653,L8653_12271,38691.29,6.0,,1.0,1.0
8654,L8654_12272,69196.08,24.0,,0.0,0.0
8654,L8654_12273,27831.08,24.0,1379.0,1.0,7.0
8655,L8655_12274,38628.97,24.0,1188.0,0.0,0.0
8655,L8655_12275,87196.85,18.0,616.0,0.0,0.0
8656,L8656_12276,103210.09,9.0,,0.0,0.0
8658,L8658_12277,63897.7,12.0,,0.0,0.0
8659,L8659_12278,168387.89,9.0,1114.0,0.0,0.0
8662,L8662_12279,55212.72,18.0,626.0,0.0,0.0
8662,L8662_12280,50190.51,3.0,794.0,0.0,0.0
8662,L8662_12281,34276.84,24.0,,0.0,0.0
8663,L8663_12282,85664.8,6.0,1164.0,0.0,0.0
8664,L8664_12283,60806.37,36.0,1248.0,0.0,0.0
8664,L8664_12284,69614.84,12.0,440.0,0.0,0.0
8664,L8664_12285,45584.17,36.0,472.0,0.0,0.0
8665,L8665_12286,68673.84,6.0,1434.0,0.0,0.0
8665,L8665_12287,71316.77,3.0,736.0,0.0,0.0
8666,L8666_12288,44691.75,3.0,1337.0,0.0,0.0
8667,L8667_12289,60419.42,24.0,1493.0,0.0,0.0
8667,L8667_12290,34746.82,9.0,859.0,0.0,0.0
8667,L8667_12291,17928.49,12.0,404.0,1.0,3.0
8667,L8667_12292,46772.14,6.0,324.0,0.0,0.0
8668,L8668_12293,41159.4,6.0,805.0,0.0,0.0
8669,L8669_12294,74452.4,3.0,1004.0,0.0,0.0
8669,L8669_12295,51070.54,12.0,912.0,0.0,0.0
8670,L8670_12296,127579.71,3.0,603.0,0.0,0.0
8670,L8670_12297,112285.49,36.0,199.0,0.0,0.0
8670,L8670_12298,89275.16,36.0,1255.0,,60.0
8671,L8671_12299,54705.05,12.0,1545.0,0.0,0.0
8671,L8671_12300,43292.24,12.0,108.0,0.0,0.0
8672,L8672_12301,43461.26,9.0,380.0,0.0,0.0
8672,L8672_12302,34920.42,18.0,720.0,0.0,0.0
8673,L8673_12303,66756.56,3.0,1400.0,0.0,0.0
8673,L8673_12304,,9.0,689.0,0.0,0.0
8674,L8674_12305,54259.31,18.0,1245.0,0.0,0.0
8675,L8675_12306,66719.17,18.0,1345.0,0.0,0.0
8675,L8675_12307,15801.23,6.0,1192.0,0.0,0.0
8676,L8676_12308,60415.26,9.0,668.0,0.0,0.0
8677,L8677_12309,48772.27,6.0,1481.0,0.0,0.0
8680,L8680_12310,32722.66,9.0,,0.0,0.0
8681,L8681_12311,20818.16,24.0,687.0,0.0,0.0
8681,L8681_12312,33050.44,6.0,851.0,0.0,0.0
8682,L8682_12313,20482.27,6.0,392.0,0.0,0.0
8684,L8684_12314,18722.91,9.0,580.0,0.0,0.0
8684,L8684_12315,54719.53,6.0,1480.0,0.0,0.0
8685,L8685_12316,44374.36,24.0,87.0,0.0,0.0
8685,L8685_12317,34506.25,3.0,1232.0,1.0,1.0
8686,L8686_12318,29144.98,12.0,745.0,0.0,
8686,L8686_12319,109684.89,36.0,479.0,0.0,0.0
8687,L8687_12320,89331.56,36.0,1088.0,0.0,0.0
8688,L8688_12321,70190.85,9.0,1207.0,0.0,0.0
8689,L8689_12322,23714.89,18.0,1307.0,0.0,0.0
8689,L8689_12323,66351.19,6.0,1350.0,1.0,1.0
8691,L8691_12324,58295.44,24.0,1251.0,0.0,0.0
8691,L8691_12325,32284.65,9.0,1596.0,1.0,3.0
8692,L8692_12326,20302.6,12.0,326.0,0.0,0.0
8692,L8692_12327,103664.09,3.0,363.0,0.0,
8693,L8693_12328,19020.66,36.0,301.0,0.0,0.0
8694,L8694_12329,19339.84,36.0,,0.0,0.0
8694,L8694_12330,43301.29,36.0,889.0,0.0,0.0
8695,L8695_12331,34554.27,9.0,1531.0,0.0,0.0
8696,L8696_12332,98775.55,12.0,706.0,0.0,0.0
8697,L8697_12333,40232.91,6.0,1365.0,,0.0
8697,L8697_12334,27489.08,3.0,827.0,0.0,0.0
8698,L8698_12335,138382.88,18.0,1010.0,0.0,0.0
8700,L8700_12336,24379.62,18.0,1591.0,0.0,0.0
8704,L8704_12337,,24.0,1113.0,0.0,0.0
8706,L8706_12338,22330.18,9.0,1406.0,1.0,90.0
8706,L8706_12339,39518.05,36.0,682.0,1.0,15.0
8706,L8706_12340,66062.63,12.0,1254.0,0.0,0.0
8707,L8707_12341,26801.96,24.0,1390.0,1.0,3.0
8707,L8707_12342,132482.25,18.0,1417.0,0.0,0.0
8709,L8709_12343,50330.46,6.0,113.0,0.0,0.0
8709,L8709_12344,37035.32,18.0,560.0,0.0,0.0
8709,L8709_12345,46689.13,24.0,733.0,0.0,0.0
8710,L8710_12346,82876.47,36.0,53.0,0.0,0.0
8710,L8710_12347,52912.3,9.0,782.0,0.0,0.0
8712,L8712_12348,80981.32,6.0,1567.0,0.0,0.0
8714,L8714_12349,92818.16,24.0,1115.0,0.0,0.0
8715,L8715_12350,50769.06,9.0,632.0,1.0,15.0
8716,L8716_12351,52356.75,3.0,195.0,0.0,0.0
8717,L8717_12352,86733.95,24.0,953.0,0.0,0.0
8719,L8719_12353,42331.46,12.0,1193.0,0.0,0.0
8720,L8720_12354,127203.41,3.0,889.0,0.0,0.0
8722,L8722_12355,37948.01,9.0,838.0,0.0,0.0
8722,L8722_12356,50882.9,18.0,1008.0,0.0,0.0
8722,L8722_12357,123028.1,6.0,1151.0,1.0,1.0
8723,L8723_12358,41459.61,12.0,,0.0,0.0
8723,L8723_12359,105108.05,3.0,841.0,0.0,
8724,L8724_12360,65331.62,9.0,1322.0,0.0,0.0
8725,L8725_12361,33325.71,24.0,403.0,,0.0
8726,L8726_12362,92522.09,3.0,1232.0,1.0,7.0
8726,L8726_12363,66341.92,3.0,975.0,0.0,0.0
8726,L8726_12364,40278.44,9.0,433.0,1.0,60.0
8726,L8726_12365,37026.06,6.0,1181.0,0.0,0.0
8727,L8727_12366,33373.38,6.0,845.0,1.0,1.0
8727,L8727_12367,38345.17,18.0,912.0,1.0,3.0
8727,L8727_12368,28568.06,3.0,1587.0,0.0,0.0
8729,L8729_12369,74645.25,18.0,1593.0,0.0,0.0
8730,L8730_12370,115311.66,12.0,453.0,1.0,60.0
8732,L8732_12371,76302.54,36.0,255.0,0.0,0.0
8732,L8732_12372,14378.79,36.0,786.0,0.0,0.0
8733,L8733_12373,56745.37,18.0,615.0,1.0,15.0
8733,L8733_12374,86206.68,3.0,1576.0,0.0,0.0
8734,L8734_12375,89611.32,9.0,1565.0,,0.0
8736,L8736_12376,40525.24,9.0,487.0,0.0,0.0
8737,L8737_12377,36404.91,18.0,1003.0,0.0,0.0
8737,L8737_12378,38716.88,36.0,671.0,1.0,90.0
8738,L8738_12379,99146.21,9.0,83.0,0.0,0.0
8738,L8738_12380,47116.45,24.0,1329.0,0.0,0.0
8739,L8739_12381,20394.24,36.0,698.0,0.0,0.0
8740,L8740_12382,37123.6,18.0,542.0,0.0,0.0
8740,L8740_12383,43495.53,3.0,682.0,0.0,0.0
8741,L8741_12384,138238.32,6.0,528.0,0.0,0.0
8743,L8743_12385,61544.51,,864.0,1.0,90.0
8743,L8743_12386,12721.32,18.0,1183.0,0.0,0.0
8743,L8743_12387,54035.97,36.0,200.0,0.0,0.0
8743,L8743_12388,55520.12,18.0,74.0,0.0,0.0
8744,L8744_12389,17476.71,9.0,1196.0,0.0,0.0
8745,L8745_12390,26965.37,12.0,397.0,0.0,0.0
8746,L8746_12391,21964.9,18.0,1180.0,0.0,0.0
8746,L8746_12392,51313.39,12.0,193.0,0.0,0.0
8747,L8747_12393,49483.22,6.0,930.0,1.0,1.0
8748,L8748_12394,77657.45,18.0,1248.0,1.0,1.0
8748,L8748_12395,47891.09,9.0,515.0,0.0,0.0
8749,L8749_12396,35634.48,6.0,718.0,1.0,7.0
8751,L8751_12397,,9.0,1462.0,0.0,0.0
8751,L8751_12398,29769.65,9.0,1416.0,0.0,0.0
8752,L8752_12399,44017.24,18.0,1092.0,0.0,0.0
8752,L8752_12400,13325.32,36.0,657.0,0.0,0.0
8752,L8752_12401,16141.2,3.0,761.0,1.0,60.0
8753,L8753_12402,73539.84,9.0,696.0,0.0,0.0
8754,L8754_12403,63895.57,36.0,,1.0,7.0
8754,L8754_12404,87248.51,9.0,1373.0,0.0,0.0
8754,L8754_12405,166263.24,24.0,895.0,0.0,0.0
8755,L8755_12406,35856.09,24.0,90.0,1.0,3.0
8755,L8755_12407,31819.41,3.0,1415.0,0.0,0.0
8755,L8755_12408,45569.53,18.0,644.0,0.0,
8758,L8758_12409,29777.83,18.0,397.0,0.0,0.0
8759,L8759_12410,170539.82,6.0,1239.0,1.0,60.0
8761,L8761_12411,50047.19,18.0,393.0,0.0,0.0
8761,L8761_12412,45505.12,24.0,1188.0,0.0,0.0
8762,L8762_12413,99242.59,3.0,270.0,0.0,0.0
8762,L8762_12414,17156.72,18.0,465.0,1.0,60.0
8763,L8763_12415,26050.96,24.0,1324.0,0.0,
8763,L8763_12416,,3.0,,0.0,0.0
8763,L8763_12417,27284.65,36.0,1435.0,0.0,0.0
8765,L8765_12418,33980.24,6.0,1071.0,1.0,7.0
8766,L8766_12419,43274.04,6.0,417.0,0.0,0.0
8766,L8766_12420,59795.93,18.0,1311.0,0.0,0.0
8767,L8767_12421,48549.76,24.0,1525.0,0.0,0.0
8767,L8767_12422,20348.56,24.0,700.0,0.0,0.0
8768,L8768_12423,93868.97,6.0,1116.0,0.0,0.0
8768,L8768_12424,86808.92,3.0,954.0,0.0,0.0
8768,L8768_12425,49559.69,3.0,500.0,1.0,7.0
8769,L8769_12426,43971.11,,690.0,0.0,0.0
8769,L8769_12427,59311.61,18.0,1239.0,0.0,0.0
8769,L8769_12428,52809.4,18.0,,0.0,0.0
8769,L8769_12429,19006.66,36.0,270.0,0.0,0.0
8769,L8769_12430,58983.19,,1531.0,1.0,1.0
8770,L8770_12431,67998.22,9.0,320.0,0.0,0.0
8770,L8770_12432,91608.92,36.0,1150.0,0.0,0.0
8770,L8770_12433,64370.35,,166.0,0.0,0.0
8771,L8771_12434,32740.86,24.0,1369.0,0.0,0.0
8772,L8772_12435,23856.62,36.0,926.0,0.0,0.0
8772,L8772_12436,81852.68,36.0,1281.0,1.0,3.0
8772,L8772_12437,43305.7,36.0,429.0,0.0,0.0
8773,L8773_12438,67687.54,12.0,1012.0,1.0,1.0
8773,L8773_12439,54837.86,18.0,1587.0,1.0,7.0
8773,L8773_12440,13661.82,12.0,1323.0,0.0,0.0
8774,L8774_12441,52915.71,18.0,1506.0,0.0,0.0
8775,L8775_12442,87611.21,24.0,424.0,0.0,0.0
8775,L8775_12443,68983.7,24.0,676.0,0.0,0.0
8776,L8776_12444,22085.03,24.0,1267.0,0.0,0.0
8776,L8776_12445,25086.74,12.0,291.0,0.0,0.0
8777,L8777_12446,27871.78,36.0,,0.0,0.0
8778,L8778_12447,32192.1,36.0,549.0,0.0,0.0
8779,L8779_12448,59535.2,12.0,534.0,0.0,0.0
8779,L8779_12449,57634.81,6.0,1075.0,0.0,0.0
8780,L8780_12450,68634.18,24.0,1495.0,0.0,0.0
8780,L8780_12451,92204.4,36.0,641.0,0.0,0.0
8780,L8780_12452,63063.82,12.0,1318.0,1.0,90.0
8781,L8781_12453,38473.59,36.0,1421.0,0.0,0.0
8782,L8782_12454,60873.98,12.0,771.0,0.0,0.0
8782,L8782_12455,44820.41,3.0,,0.0,0.0
8783,L8783_12456,98113.44,24.0,489.0,0.0,0.0
8783,L8783_12457,31375.21,9.0,1097.0,0.0,0.0
8783,L8783_12458,51094.52,3.0,241.0,1.0,7.0
8784,L8784_12459,61508.79,3.0,83.0,0.0,0.0
8784,L8784_12460,52077.25,36.0,,0.0,0.0
8784,L8784_12461,21940.36,9.0,1290.0,0.0,0.0
8784,L8784_12462,57471.93,6.0,1200.0,0.0,0.0
8784,L8784_12463,,18.0,863.0,0.0,0.0
8784,L8784_12464,45627.15,18.0,614.0,0.0,0.0
8785,L8785_12465,50744.71,18.0,109.0,0.0,0.0
8785,L8785_12466,48130.8,,1227.0,0.0,0.0
8787,L8787_12467,48827.62,24.0,1231.0,0.0,0.0
8788,L8788_12468,26154.0,36.0,679.0,1.0,15.0
8788,L8788_12469,26437.99,12.0,993.0,0.0,0.0
8789,L8789_12470,45593.1,6.0,1378.0,0.0,0.0
8790,L8790_12471,52811.85,24.0,1415.0,1.0,15.0
8791,L8791_12472,67465.92,3.0,941.0,,0.0
8792,L8792_12473,48584.07,36.0,895.0,0.0,0.0
8792,L8792_12474,24972.52,18.0,774.0,1.0,1.0
8793,L8793_12475,38409.57,12.0,322.0,0.0,0.0
8793,L8793_12476,25539.71,12.0,1127.0,1.0,60.0
8793,L8793_12477,47753.88,24.0,1221.0,0.0,0.0
8793,L8793_12478,59026.91,12.0,505.0,1.0,7.0
8794,L8794_12479,22620.24,6.0,1553.0,0.0,0.0
8795,L8795_12480,51420.21,36.0,1219.0,,0.0
8795,L8795_12481,46190.01,3.0,902.0,0.0,0.0
8797,L8797_12482,22766.92,24.0,476.0,1.0,
8798,L8798_12483,93030.54,6.0,724.0,0.0,0.0
8799,L8799_12484,40697.1,24.0,,0.0,0.0
8800,L8800_12485,42943.22,12.0,1321.0,0.0,0.0
8803,L8803_12486,35170.27,36.0,1341.0,0.0,
8805,L8805_12487,69171.04,6.0,1325.0,0.0,0.0
8806,L8806_12488,33515.14,24.0,805.0,0.0,0.0
8807,L8807_12489,37429.81,6.0,367.0,0.0,0.0
8808,L8808_12490,30586.72,,223.0,0.0,0.0
8808,L8808_12491,85172.94,9.0,355.0,0.0,0.0
8809,L8809_12492,128652.56,12.0,1297.0,1.0,1.0
8812,L8812_12493,40509.19,,1447.0,0.0,0.0
8812,L8812_12494,32427.35,18.0,106.0,0.0,0.0
8812,L8812_12495,21322.01,6.0,,0.0,
8813,L8813_12496,56115.71,36.0,457.0,0.0,0.0
8813,L8813_12497,36506.81,18.0,839.0,1.0,7.0
8813,L8813_12498,33490.67,12.0,190.0,0.0,0.0
8814,L8814_12499,44166.76,24.0,1055.0,0.0,0.0
8815,L8815_12500,23382.19,,1586.0,0.0,0.0
8815,L8815_12501,51040.75,18.0,720.0,0.0,0.0
8815,L8815_12502,46385.34,18.0,523.0,0.0,0.0
8816,L8816_12503,43963.62,36.0,1119.0,0.0,0.0
8817,L8817_12504,118190.66,24.0,892.0,0.0,0.0
8818,L8818_12505,73575.99,18.0,1545.0,0.0,0.0
8818,L8818_12506,56412.42,36.0,1453.0,0.0,0.0
8818,L8818_12507,93032.6,9.0,1094.0,0.0,0.0
8818,L8818_12508,72579.65,9.0,448.0,0.0,0.0
8821,L8821_12509,17523.96,6.0,478.0,0.0,0.0
8822,L8822_12510,37629.38,18.0,926.0,0.0,0.0
8822,L8822_12511,47848.34,3.0,1480.0,0.0,0.0
8822,L8822_12512,50284.01,9.0,683.0,1.0,15.0
8823,L8823_12513,66511.33,24.0,429.0,0.0,0.0
8824,L8824_12514,28629.08,3.0,55.0,1.0,7.0
8826,L8826_12515,45834.78,9.0,1332.0,0.0,0.0
8826,L8826_12516,118982.61,3.0,678.0,0.0,0.0
8827,L8827_12517,58556.17,12.0,,0.0,0.0
8828,L8828_12518,66874.36,6.0,1085.0,0.0,0.0
8828,L8828_12519,59263.37,36.0,274.0,0.0,0.0
8828,L8828_12520,114373.39,18.0,648.0,1.0,3.0
8829,L8829_12521,25226.81,36.0,1221.0,0.0,0.0
8829,L8829_12522,25488.32,9.0,1583.0,0.0,0.0
8830,L8830_12523,36964.4,9.0,141.0,1.0,30.0
8830,L8830_12524,76285.66,36.0,1246.0,1.0,1.0
8833,L8833_12525,58506.05,18.0,239.0,1.0,15.0
8833,L8833_12526,40997.19,3.0,1492.0,0.0,0.0
8834,L8834_12527,24273.94,3.0,758.0,0.0,0.0
8837,L8837_12528,139488.38,12.0,461.0,0.0,0.0
8838,L8838_12529,38126.62,6.0,1331.0,0.0,0.0
8839,L8839_12530,43904.46,24.0,255.0,0.0,0.0
8839,L8839_12531,44134.78,24.0,1124.0,0.0,0.0
8840,L8840_12532,51216.53,12.0,324.0,0.0,0.0
8841,L8841_12533,67581.79,,1362.0,0.0,0.0
8841,L8841_12534,44610.92,6.0,1290.0,1.0,90.0
8841,L8841_12535,17901.62,12.0,1100.0,0.0,
8843,L8843_12536,60774.85,18.0,1505.0,0.0,0.0
8843,L8843_12537,40341.98,12.0,535.0,0.0,0.0
8844,L8844_12538,104644.17,18.0,351.0,0.0,0.0
8844,L8844_12539,48342.84,3.0,499.0,0.0,0.0
8845,L8845_12540,25249.01,6.0,1207.0,0.0,0.0
8846,L8846_12541,18489.62,12.0,204.0,1.0,3.0
8848,L8848_12542,101744.51,36.0,1436.0,0.0,0.0
8848,L8848_12543,19026.51,3.0,1537.0,0.0,0.0
8848,L8848_12544,37762.08,3.0,1397.0,1.0,15.0
8848,L8848_12545,97378.54,9.0,1011.0,0.0,0.0
8849,L8849_12546,20854.7,,1157.0,1.0,7.0
8849,L8849_12547,57877.56,9.0,1012.0,1.0,7.0
8851,L8851_12548,61578.46,3.0,535.0,1.0,15.0
8853,L8853_12549,40639.0,18.0,,1.0,15.0
8853,L8853_12550,56306.39,36.0,479.0,0.0,0.0
8854,L8854_12551,48584.53,3.0,298.0,0.0,0.0
8855,L8855_12552,78412.33,36.0,1009.0,0.0,0.0
8855,L8855_12553,,3.0,,0.0,0.0
8855,L8855_12554,35503.02,12.0,470.0,1.0,15.0
8856,L8856_12555,75935.16,6.0,1453.0,0.0,0.0
8858,L8858_12556,94574.32,12.0,54.0,0.0,0.0
8859,L8859_12557,68658.59,24.0,343.0,0.0,0.0
8860,L8860_12558,37249.76,18.0,291.0,0.0,0.0
8860,L8860_12559,63501.49,24.0,858.0,0.0,0.0
8861,L8861_12560,,18.0,170.0,0.0,0.0
8861,L8861_12561,37486.83,18.0,,,0.0
8862,L8862_12562,38127.04,24.0,252.0,0.0,0.0
8863,L8863_12563,26001.07,3.0,186.0,1.0,3.0
8864,L8864_12564,54589.16,3.0,119.0,0.0,0.0
8864,L8864_12565,42612.05,9.0,500.0,1.0,90.0
8864,L8864_12566,26065.79,6.0,1518.0,0.0,0.0
8864,L8864_12567,37961.25,36.0,1524.0,0.0,0.0
8865,L8865_12568,26698.9,9.0,445.0,0.0,0.0
8866,L8866_12569,89918.44,18.0,613.0,0.0,
8867,L8867_12570,53225.88,24.0,42.0,1.0,60.0
8867,L8867_12571,80688.19,18.0,143.0,0.0,0.0
8868,L8868_12572,132369.58,18.0,1080.0,0.0,0.0
8868,L8868_12573,49082.02,6.0,1465.0,0.0,0.0
8868,L8868_12574,113041.15,12.0,993.0,0.0,0.0
8869,L8869_12575,68616.29,9.0,1259.0,0.0,0.0
8869,L8869_12576,63171.09,12.0,855.0,0.0,0.0
8870,L8870_12577,55712.03,,938.0,0.0,0.0
8871,L8871_12578,27682.19,36.0,858.0,0.0,0.0
8871,L8871_12579,81874.08,12.0,,0.0,0.0
8871,L8871_12580,28368.06,36.0,414.0,0.0,0.0
8871,L8871_12581,90027.97,12.0,905.0,0.0,0.0
8873,L8873_12582,96927.65,6.0,124.0,0.0,
8873,L8873_12583,36133.0,6.0,1521.0,0.0,0.0
8874,L8874_12584,47796.8,24.0,1184.0,0.0,0.0
8875,L8875_12585,32876.41,12.0,759.0,0.0,
8876,L8876_12586,42806.23,3.0,1008.0,0.0,0.0
8877,L8877_12587,62206.12,9.0,815.0,0.0,0.0
8878,L8878_12588,75886.44,6.0,936.0,0.0,0.0
8878,L8878_12589,45197.09,3.0,1094.0,1.0,15.0
8879,L8879_12590,39844.78,3.0,265.0,1.0,15.0
8879,L8879_12591,51314.34,6.0,769.0,1.0,7.0
8879,L8879_12592,44946.78,3.0,1310.0,0.0,0.0
8879,L8879_12593,9187.84,12.0,104.0,0.0,0.0
8880,L8880_12594,37444.02,36.0,292.0,,30.0
8880,L8880_12595,79604.07,3.0,1223.0,0.0,0.0
8880,L8880_12596,38257.29,12.0,1016.0,0.0,0.0
8881,L8881_12597,64788.52,36.0,945.0,0.0,0.0
8882,L8882_12598,43476.09,3.0,1286.0,1.0,7.0
8882,L8882_12599,144702.35,18.0,1224.0,0.0,0.0
8883,L8883_12600,47498.93,12.0,1571.0,1.0,60.0
8883,L8883_12601,59943.58,18.0,232.0,0.0,0.0
8885,L8885_12602,30793.19,6.0,252.0,0.0,0.0
8886,L8886_12603,53426.25,18.0,463.0,0.0,0.0
8886,L8886_12604,103324.95,6.0,1074.0,0.0,0.0
8887,L8887_12605,36836.57,6.0,212.0,0.0,0.0
8887,L8887_12606,53762.45,36.0,737.0,0.0,
8888,L8888_12607,45965.53,6.0,943.0,1.0,1.0
8890,L8890_12608,110161.47,3.0,703.0,0.0,0.0
8890,L8890_12609,,12.0,732.0,0.0,0.0
8892,L8892_12610,43598.87,6.0,1535.0,0.0,0.0
8893,L8893_12611,45019.81,36.0,406.0,1.0,30.0
8893,L8893_12612,59905.0,9.0,203.0,0.0,0.0
8894,L8894_12613,88986.75,9.0,159.0,0.0,0.0
8895,L8895_12614,48987.95,3.0,1098.0,0.0,0.0
8895,L8895_12615,49562.31,36.0,316.0,1.0,15.0
8896,L8896_12616,22787.23,18.0,726.0,0.0,
8897,L8897_12617,156118.97,36.0,367.0,0.0,0.0
8898,L8898_12618,70677.45,6.0,1222.0,0.0,0.0
8900,L8900_12619,25318.56,,1469.0,0.0,0.0
8900,L8900_12620,43150.33,3.0,264.0,0.0,0.0
8900,L8900_12621,29222.75,12.0,530.0,1.0,60.0
8901,L8901_12622,46798.36,12.0,1532.0,0.0,0.0
8902,L8902_12623,13762.86,24.0,892.0,0.0,0.0
8902,L8902_12624,17720.17,24.0,142.0,1.0,30.0
8902,L8902_12625,45590.07,12.0,1525.0,1.0,1.0
8902,L8902_12626,43195.3,,619.0,1.0,60.0
8903,L8903_12627,47363.19,24.0,701.0,0.0,0.0
8903,L8903_12628,77550.85,9.0,923.0,0.0,0.0
8906,L8906_12629,59404.24,12.0,1096.0,1.0,30.0
8907,L8907_12630,44759.63,12.0,1029.0,0.0,0.0
8909,L8909_12631,54141.41,24.0,22.0,0.0,0.0
8909,L8909_12632,75046.81,,286.0,1.0,1.0
8909,L8909_12633,59745.46,6.0,960.0,0.0,0.0
8910,L8910_12634,73319.31,,217.0,0.0,0.0
8910,L8910_12635,25539.91,3.0,1122.0,0.0,0.0
8911,L8911_12636,95372.12,9.0,199.0,0.0,0.0
8911,L8911_12637,73970.75,12.0,925.0,1.0,7.0
8911,L8911_12638,53272.84,18.0,1142.0,0.0,0.0
8913,L8913_12639,37837.55,18.0,1085.0,1.0,90.0
8913,L8913_12640,78300.51,3.0,177.0,0.0,0.0
8914,L8914_12641,36993.86,12.0,1049.0,0.0,0.0
8915,L8915_12642,70279.61,18.0,265.0,0.0,0.0
8915,L8915_12643,26274.73,24.0,218.0,0.0,0.0
8915,L8915_12644,,24.0,906.0,1.0,15.0
8916,L8916_12645,37555.26,24.0,629.0,0.0,0.0
8917,L8917_12646,95762.33,9.0,698.0,1.0,
8919,L8919_12647,26029.1,,1408.0,0.0,
8920,L8920_12648,55593.97,3.0,1508.0,0.0,0.0
8921,L8921_12649,36881.15,24.0,1176.0,0.0,0.0
8921,L8921_12650,34509.6,3.0,1333.0,0.0,0.0
8923,L8923_12651,71129.71,,1289.0,0.0,0.0
8924,L8924_12652,130295.13,36.0,,0.0,0.0
8925,L8925_12653,181925.38,36.0,768.0,0.0,
8926,L8926_12654,75895.92,24.0,1584.0,1.0,7.0
8926,L8926_12655,22034.59,3.0,,0.0,0.0
8929,L8929_12656,68188.23,12.0,749.0,0.0,0.0
8929,L8929_12657,47865.65,9.0,34.0,0.0,0.0
8929,L8929_12658,100937.23,24.0,48.0,0.0,0.0
8930,L8930_12659,68397.96,24.0,1547.0,0.0,0.0
8931,L8931_12660,56125.55,12.0,895.0,0.0,0.0
8932,L8932_12661,73905.28,36.0,452.0,,0.0
8933,L8933_12662,34732.72,24.0,1310.0,1.0,60.0
8935,L8935_12663,88666.72,3.0,1155.0,0.0,0.0
8935,L8935_12664,28318.08,12.0,1131.0,0.0,0.0
8937,L8937_12665,37479.56,18.0,744.0,0.0,0.0
8937,L8937_12666,209341.42,18.0,928.0,0.0,0.0
8937,L8937_12667,113360.38,6.0,1433.0,0.0,0.0
8937,L8937_12668,21148.5,6.0,1226.0,0.0,0.0
8938,L8938_12669,30790.7,36.0,215.0,1.0,15.0
8938,L8938_12670,31005.0,,1241.0,0.0,0.0
8939,L8939_12671,23726.43,6.0,1591.0,0.0,0.0
8941,L8941_12672,66295.68,12.0,57.0,0.0,0.0
8942,L8942_12673,21924.26,36.0,619.0,0.0,0.0
8942,L8942_12674,57974.83,18.0,695.0,0.0,0.0
8944,L8944_12675,80841.72,36.0,880.0,0.0,0.0
8945,L8945_12676,46628.27,12.0,,0.0,0.0
8946,L8946_12677,,18.0,406.0,0.0,0.0
8946,L8946_12678,28178.81,6.0,881.0,0.0,0.0
8947,L8947_12679,51810.98,3.0,532.0,0.0,0.0
8948,L8948_12680,28560.55,24.0,1081.0,0.0,0.0
8949,L8949_12681,31295.25,24.0,1370.0,0.0,0.0
8949,L8949_12682,34069.97,6.0,681.0,0.0,0.0
8949,L8949_12683,45243.77,12.0,805.0,0.0,0.0
8950,L8950_12684,95457.8,3.0,161.0,0.0,0.0
8950,L8950_12685,19191.73,3.0,920.0,0.0,0.0
8951,L8951_12686,55391.21,18.0,623.0,0.0,0.0
8951,L8951_12687,85819.79,12.0,194.0,0.0,0.0
8951,L8951_12688,,18.0,1475.0,0.0,0.0
8953,L8953_12689,85667.65,9.0,866.0,0.0,0.0
8953,L8953_12690,22093.89,3.0,1230.0,1.0,15.0
8953,L8953_12691,32940.16,18.0,792.0,1.0,1.0
8954,L8954_12692,66502.7,12.0,,0.0,0.0
8955,L8955_12693,42155.82,3.0,480.0,0.0,0.0
8956,L8956_12694,21445.77,6.0,538.0,0.0,0.0
8957,L8957_12695,27431.51,18.0,1340.0,0.0,0.0
8957,L8957_12696,57891.06,24.0,189.0,0.0,0.0
8957,L8957_12697,48865.91,9.0,445.0,,0.0
8957,L8957_12698,24800.0,12.0,1219.0,1.0,30.0
8957,L8957_12699,21400.04,6.0,444.0,0.0,0.0
8958,L8958_12700,97715.26,9.0,,0.0,0.0
8958,L8958_12701,25486.73,36.0,580.0,1.0,30.0
8959,L8959_12702,83443.47,3.0,1261.0,1.0,3.0
8959,L8959_12703,67021.46,12.0,188.0,0.0,0.0
8960,L8960_12704,80224.39,36.0,,0.0,0.0
8961,L8961_12705,39104.42,6.0,1387.0,,7.0
8962,L8962_12706,52213.8,9.0,1401.0,0.0,0.0
8963,L8963_12707,45719.67,12.0,1191.0,0.0,0.0
8963,L8963_12708,48323.1,24.0,1336.0,0.0,0.0
8965,L8965_12709,72300.17,9.0,1025.0,0.0,0.0
8965,L8965_12710,14268.28,36.0,555.0,0.0,0.0
8967,L8967_12711,120169.14,3.0,409.0,0.0,0.0
8968,L8968_12712,38774.98,36.0,596.0,1.0,
8968,L8968_12713,49229.74,3.0,1496.0,0.0,0.0
8969,L8969_12714,43764.63,12.0,1001.0,1.0,30.0
8969,L8969_12715,11345.59,36.0,260.0,0.0,0.0
8970,L8970_12716,19744.24,36.0,1052.0,0.0,0.0
8970,L8970_12717,84436.05,6.0,270.0,1.0,30.0
8972,L8972_12718,40591.07,36.0,240.0,1.0,15.0
8973,L8973_12719,90567.9,3.0,315.0,0.0,0.0
8973,L8973_12720,31206.91,3.0,560.0,0.0,0.0
8974,L8974_12721,33234.8,3.0,1185.0,0.0,0.0
8974,L8974_12722,19118.96,3.0,438.0,0.0,0.0
8974,L8974_12723,49742.67,6.0,212.0,0.0,0.0
8976,L8976_12724,79735.3,12.0,982.0,1.0,1.0
8977,L8977_12725,15861.29,18.0,161.0,1.0,90.0
8978,L8978_12726,44443.91,18.0,1386.0,0.0,0.0
8979,L8979_12727,49828.66,6.0,879.0,0.0,0.0
8981,L8981_12728,31666.76,24.0,427.0,0.0,0.0
8981,L8981_12729,41195.31,3.0,284.0,,0.0
8981,L8981_12730,75243.04,12.0,36.0,0.0,0.0
8982,L8982_12731,88784.92,12.0,1428.0,0.0,0.0
8984,L8984_12732,47179.46,36.0,1030.0,0.0,0.0
8985,L8985_12733,22770.14,9.0,569.0,0.0,0.0
8985,L8985_12734,22509.72,12.0,955.0,0.0,0.0
8986,L8986_12735,34297.68,6.0,1478.0,0.0,0.0
8986,L8986_12736,20395.12,18.0,668.0,0.0,0.0
8987,L8987_12737,54442.81,36.0,1584.0,0.0,0.0
8987,L8987_12738,38081.34,24.0,355.0,0.0,0.0
8988,L8988_12739,68155.29,12.0,1003.0,0.0,0.0
8988,L8988_12740,,3.0,1255.0,0.0,0.0
8988,L8988_12741,38108.88,3.0,523.0,0.0,0.0
8988,L8988_12742,49453.84,9.0,680.0,0.0,0.0
8989,L8989_12743,74566.64,9.0,1461.0,0.0,0.0
8991,L8991_12744,71935.8,3.0,305.0,0.0,0.0
8991,L8991_12745,52388.65,3.0,312.0,0.0,0.0
8992,L8992_12746,23044.06,12.0,387.0,1.0,15.0
8993,L8993_12747,125481.4,24.0,280.0,1.0,3.0
8993,L8993_12748,49058.75,,1246.0,0.0,0.0
8994,L8994_12749,87270.18,18.0,853.0,0.0,0.0
8995,L8995_12750,29933.92,6.0,837.0,0.0,0.0
8996,L8996_12751,47405.09,12.0,111.0,1.0,90.0
8997,L8997_12752,69205.82,24.0,270.0,0.0,0.0
8997,L8997_12753,12441.32,6.0,1581.0,0.0,0.0
8997,L8997_12754,90372.0,6.0,,0.0,0.0
8999,L8999_12755,17461.72,6.0,1251.0,0.0,0.0
8999,L8999_12756,87787.34,12.0,573.0,0.0,0.0
9000,L9000_12757,30577.75,24.0,569.0,0.0,0.0
1768,L1768_2520,50626.43,6.0,400.0,0.0,0.0
1831,L1831_2597,62113.07,24.0,1373.0,0.0,0.0
2342,L2342_3356,68475.52,9.0,204.0,0.0,0.0
1230,L1230_1755,15570.45,9.0,1387.0,0.0,0.0
